"status","url","redir","On page"
"200 no error","https://urakare.jp/","","starting url"
"200 no error","https://urakare.jp/og-urakare-2026.jpg","","appears 120 times"
"200 no error","https://line-harness.otudesumyiphone4s-3d3.workers.dev/r/hp-top","","appears 35 times"
"200 no error","https://urakare.jp/today","","appears 107 times"
"200 no error","https://urakare.jp/column","","appears 1973 times"
"200 no error","https://urakare.jp/ranking?range=month","","appears 105 times"
"200 no error","https://urakare.jp/therapist","","appears 408 times"
"200 no error","https://urakare.jp/sokumen","","appears 106 times"
"200 no error","https://urakare.jp/search","","appears 105 times"
"200 no error","https://urakare.jp/guide","","appears 1287 times"
"200 no error","https://urakare.jp/reviews","","appears 123 times"
"200 no error","https://urakare.jp/pricing","","appears 147 times"
"200 no error","https://urakare.jp/location-guide","","appears 156 times"
"200 no error","https://urakare.jp/faq","","appears 153 times"
"200 no error","https://urakare.jp/recruit","","appears 328 times"
"200 no error","https://urakare.jp/_next/image?url=/logo-hero.png&w=3840&q=75&dpl=dpl_7WTW9QoqRCZeqgUAy1hmqp4Xg7s6","","appears 14 times"
"200 no error","https://urakare.jp/_next/image?url=/monitor/jofu-monitor-banner-top-v3.webp&w=640&q=85&dpl=dpl_7WTW9QoqRCZeqgUAy1hmqp4Xg7s6","","appears 7 times"
"200 no error","https://urakare.jp/_next/image?url=/monitor/jofu-monitor-banner-top-v3.webp&w=750&q=85&dpl=dpl_7WTW9QoqRCZeqgUAy1hmqp4Xg7s6","","appears 7 times"
"200 no error","https://urakare.jp/_next/image?url=/monitor/jofu-monitor-banner-top-v3.webp&w=828&q=85&dpl=dpl_7WTW9QoqRCZeqgUAy1hmqp4Xg7s6","","appears 7 times"
"200 no error","https://urakare.jp/_next/image?url=/monitor/jofu-monitor-banner-top-v3.webp&w=1080&q=85&dpl=dpl_7WTW9QoqRCZeqgUAy1hmqp4Xg7s6","","appears 7 times"
"200 no error","https://urakare.jp/_next/image?url=/monitor/jofu-monitor-banner-top-v3.webp&w=1200&q=85&dpl=dpl_7WTW9QoqRCZeqgUAy1hmqp4Xg7s6","","appears 7 times"
"200 no error","https://urakare.jp/_next/image?url=/monitor/jofu-monitor-banner-top-v3.webp&w=1920&q=85&dpl=dpl_7WTW9QoqRCZeqgUAy1hmqp4Xg7s6","","appears 7 times"
"200 no error","https://urakare.jp/_next/image?url=/monitor/jofu-monitor-banner-top-v3.webp&w=2048&q=85&dpl=dpl_7WTW9QoqRCZeqgUAy1hmqp4Xg7s6","","appears 7 times"
"200 no error","https://urakare.jp/_next/image?url=/monitor/jofu-monitor-banner-top-v3.webp&w=3840&q=85&dpl=dpl_7WTW9QoqRCZeqgUAy1hmqp4Xg7s6","","appears 14 times"
"200 no error","https://urakare.jp/monitor","","appears 553 times"
"200 no error","https://urakare.jp/_next/image?url=/recruit-banners/banner-v9.webp&w=640&q=85&dpl=dpl_7WTW9QoqRCZeqgUAy1hmqp4Xg7s6","","appears 97 times"
"200 no error","https://urakare.jp/_next/image?url=/recruit-banners/banner-v9.webp&w=750&q=85&dpl=dpl_7WTW9QoqRCZeqgUAy1hmqp4Xg7s6","","appears 97 times"
"200 no error","https://urakare.jp/_next/image?url=/recruit-banners/banner-v9.webp&w=828&q=85&dpl=dpl_7WTW9QoqRCZeqgUAy1hmqp4Xg7s6","","appears 97 times"
"200 no error","https://urakare.jp/_next/image?url=/recruit-banners/banner-v9.webp&w=1080&q=85&dpl=dpl_7WTW9QoqRCZeqgUAy1hmqp4Xg7s6","","appears 97 times"
"200 no error","https://urakare.jp/_next/image?url=/recruit-banners/banner-v9.webp&w=1200&q=85&dpl=dpl_7WTW9QoqRCZeqgUAy1hmqp4Xg7s6","","appears 97 times"
"200 no error","https://urakare.jp/_next/image?url=/recruit-banners/banner-v9.webp&w=1920&q=85&dpl=dpl_7WTW9QoqRCZeqgUAy1hmqp4Xg7s6","","appears 104 times"
"200 no error","https://urakare.jp/_next/image?url=/recruit-banners/banner-v9.webp&w=2048&q=85&dpl=dpl_7WTW9QoqRCZeqgUAy1hmqp4Xg7s6","","appears 97 times"
"200 no error","https://urakare.jp/_next/image?url=/recruit-banners/banner-v9.webp&w=3840&q=85&dpl=dpl_7WTW9QoqRCZeqgUAy1hmqp4Xg7s6","","appears 208 times"
"200 no error","https://urakare.jp/_next/image?url=/banner-referral-v2.webp&w=640&q=85&dpl=dpl_7WTW9QoqRCZeqgUAy1hmqp4Xg7s6","","appears 7 times"
"200 no error","https://urakare.jp/_next/image?url=/banner-referral-v2.webp&w=750&q=85&dpl=dpl_7WTW9QoqRCZeqgUAy1hmqp4Xg7s6","","appears 7 times"
"200 no error","https://urakare.jp/_next/image?url=/banner-referral-v2.webp&w=828&q=85&dpl=dpl_7WTW9QoqRCZeqgUAy1hmqp4Xg7s6","","appears 7 times"
"200 no error","https://urakare.jp/_next/image?url=/banner-referral-v2.webp&w=1080&q=85&dpl=dpl_7WTW9QoqRCZeqgUAy1hmqp4Xg7s6","","appears 7 times"
"200 no error","https://urakare.jp/_next/image?url=/banner-referral-v2.webp&w=1200&q=85&dpl=dpl_7WTW9QoqRCZeqgUAy1hmqp4Xg7s6","","appears 35 times"
"200 no error","https://urakare.jp/_next/image?url=/banner-referral-v2.webp&w=1920&q=85&dpl=dpl_7WTW9QoqRCZeqgUAy1hmqp4Xg7s6","","appears 7 times"
"200 no error","https://urakare.jp/_next/image?url=/banner-referral-v2.webp&w=2048&q=85&dpl=dpl_7WTW9QoqRCZeqgUAy1hmqp4Xg7s6","","appears 7 times"
"200 no error","https://urakare.jp/_next/image?url=/banner-referral-v2.webp&w=3840&q=85&dpl=dpl_7WTW9QoqRCZeqgUAy1hmqp4Xg7s6","","appears 70 times"
"200 no error","https://urakare.jp/referral","","appears 107 times"
"200 no error","https://urakare.jp/_next/image?url=/banner-guide.jpg&w=640&q=85&dpl=dpl_7WTW9QoqRCZeqgUAy1hmqp4Xg7s6","","appears 7 times"
"200 no error","https://urakare.jp/_next/image?url=/banner-guide.jpg&w=750&q=85&dpl=dpl_7WTW9QoqRCZeqgUAy1hmqp4Xg7s6","","appears 7 times"
"200 no error","https://urakare.jp/_next/image?url=/banner-guide.jpg&w=828&q=85&dpl=dpl_7WTW9QoqRCZeqgUAy1hmqp4Xg7s6","","appears 7 times"
"200 no error","https://urakare.jp/_next/image?url=/banner-guide.jpg&w=1080&q=85&dpl=dpl_7WTW9QoqRCZeqgUAy1hmqp4Xg7s6","","appears 7 times"
"200 no error","https://urakare.jp/_next/image?url=/banner-guide.jpg&w=1200&q=85&dpl=dpl_7WTW9QoqRCZeqgUAy1hmqp4Xg7s6","","appears 14 times"
"200 no error","https://urakare.jp/_next/image?url=/banner-guide.jpg&w=1920&q=85&dpl=dpl_7WTW9QoqRCZeqgUAy1hmqp4Xg7s6","","appears 7 times"
"200 no error","https://urakare.jp/_next/image?url=/banner-guide.jpg&w=2048&q=85&dpl=dpl_7WTW9QoqRCZeqgUAy1hmqp4Xg7s6","","appears 7 times"
"200 no error","https://urakare.jp/_next/image?url=/banner-guide.jpg&w=3840&q=85&dpl=dpl_7WTW9QoqRCZeqgUAy1hmqp4Xg7s6","","appears 28 times"
"200 no error","https://urakare.jp/#ranking","","appears 7 times"
"200 no error","https://urakare.jp/#cast","","appears 7 times"
"200 no error","https://urakare.jp/#course","","appears 7 times"
"200 no error","https://urakare.jp/#about","","appears 7 times"
"200 no error","https://urakare.jp/#area","","appears 7 times"
"200 no error","https://urakare.jp/#contact","","appears 7 times"
"200 no error","https://urakare.jp/therapist/4","","appears 73 times"
"200 no error","https://urakare.jp/therapist/1","","appears 298 times"
"200 no error","https://urakare.jp/_next/image?url=https://kemvfhztndsfrqqecfkf.supabase.co/storage/v1/object/public/column-images/customer-interview-01/hero.webp&w=640&q=85","","appears 7 times"
"200 no error","https://urakare.jp/_next/image?url=https://kemvfhztndsfrqqecfkf.supabase.co/storage/v1/object/public/column-images/customer-interview-01/hero.webp&w=750&q=85","","appears 7 times"
"200 no error","https://urakare.jp/_next/image?url=https://kemvfhztndsfrqqecfkf.supabase.co/storage/v1/object/public/column-images/customer-interview-01/hero.webp&w=828&q=85","","appears 7 times"
"200 no error","https://urakare.jp/_next/image?url=https://kemvfhztndsfrqqecfkf.supabase.co/storage/v1/object/public/column-images/customer-interview-01/hero.webp&w=1080&q=85","","appears 7 times"
"200 no error","https://urakare.jp/_next/image?url=https://kemvfhztndsfrqqecfkf.supabase.co/storage/v1/object/public/column-images/customer-interview-01/hero.webp&w=1200&q=85","","appears 7 times"
"200 no error","https://urakare.jp/_next/image?url=https://kemvfhztndsfrqqecfkf.supabase.co/storage/v1/object/public/column-images/customer-interview-01/hero.webp&w=1920&q=85","","appears 7 times"
"200 no error","https://urakare.jp/_next/image?url=https://kemvfhztndsfrqqecfkf.supabase.co/storage/v1/object/public/column-images/customer-interview-01/hero.webp&w=2048&q=85","","appears 7 times"
"200 no error","https://urakare.jp/_next/image?url=https://kemvfhztndsfrqqecfkf.supabase.co/storage/v1/object/public/column-images/customer-interview-01/hero.webp&w=3840&q=85","","appears 14 times"
"200 no error","https://urakare.jp/column/interview/customer-interview-01","","appears 515 times"
"200 no error","https://urakare.jp/_next/image?url=https://kemvfhztndsfrqqecfkf.supabase.co/storage/v1/object/public/column-images/customer-interview-03/hero.webp&w=640&q=85","","appears 7 times"
"200 no error","https://urakare.jp/_next/image?url=https://kemvfhztndsfrqqecfkf.supabase.co/storage/v1/object/public/column-images/customer-interview-03/hero.webp&w=750&q=85","","appears 7 times"
"200 no error","https://urakare.jp/_next/image?url=https://kemvfhztndsfrqqecfkf.supabase.co/storage/v1/object/public/column-images/customer-interview-03/hero.webp&w=828&q=85","","appears 7 times"
"200 no error","https://urakare.jp/_next/image?url=https://kemvfhztndsfrqqecfkf.supabase.co/storage/v1/object/public/column-images/customer-interview-03/hero.webp&w=1080&q=85","","appears 7 times"
"200 no error","https://urakare.jp/_next/image?url=https://kemvfhztndsfrqqecfkf.supabase.co/storage/v1/object/public/column-images/customer-interview-03/hero.webp&w=1200&q=85","","appears 7 times"
"200 no error","https://urakare.jp/_next/image?url=https://kemvfhztndsfrqqecfkf.supabase.co/storage/v1/object/public/column-images/customer-interview-03/hero.webp&w=1920&q=85","","appears 7 times"
"200 no error","https://urakare.jp/_next/image?url=https://kemvfhztndsfrqqecfkf.supabase.co/storage/v1/object/public/column-images/customer-interview-03/hero.webp&w=2048&q=85","","appears 7 times"
"200 no error","https://urakare.jp/_next/image?url=https://kemvfhztndsfrqqecfkf.supabase.co/storage/v1/object/public/column-images/customer-interview-03/hero.webp&w=3840&q=85","","appears 14 times"
"200 no error","https://urakare.jp/column/interview/customer-interview-03","","appears 206 times"
"200 no error","https://urakare.jp/_next/image?url=https://kemvfhztndsfrqqecfkf.supabase.co/storage/v1/object/public/column-images/customer-interview-02/hero.webp&w=640&q=85","","appears 7 times"
"200 no error","https://urakare.jp/_next/image?url=https://kemvfhztndsfrqqecfkf.supabase.co/storage/v1/object/public/column-images/customer-interview-02/hero.webp&w=750&q=85","","appears 7 times"
"200 no error","https://urakare.jp/_next/image?url=https://kemvfhztndsfrqqecfkf.supabase.co/storage/v1/object/public/column-images/customer-interview-02/hero.webp&w=828&q=85","","appears 7 times"
"200 no error","https://urakare.jp/_next/image?url=https://kemvfhztndsfrqqecfkf.supabase.co/storage/v1/object/public/column-images/customer-interview-02/hero.webp&w=1080&q=85","","appears 7 times"
"200 no error","https://urakare.jp/_next/image?url=https://kemvfhztndsfrqqecfkf.supabase.co/storage/v1/object/public/column-images/customer-interview-02/hero.webp&w=1200&q=85","","appears 7 times"
"200 no error","https://urakare.jp/_next/image?url=https://kemvfhztndsfrqqecfkf.supabase.co/storage/v1/object/public/column-images/customer-interview-02/hero.webp&w=1920&q=85","","appears 7 times"
"200 no error","https://urakare.jp/_next/image?url=https://kemvfhztndsfrqqecfkf.supabase.co/storage/v1/object/public/column-images/customer-interview-02/hero.webp&w=2048&q=85","","appears 7 times"
"200 no error","https://urakare.jp/_next/image?url=https://kemvfhztndsfrqqecfkf.supabase.co/storage/v1/object/public/column-images/customer-interview-02/hero.webp&w=3840&q=85","","appears 14 times"
"200 no error","https://urakare.jp/column/interview/customer-interview-02","","appears 93 times"
"200 no error","https://urakare.jp/_next/image?url=https://kemvfhztndsfrqqecfkf.supabase.co/storage/v1/object/public/column-images/customer-interview-04/hero.webp&w=640&q=85","","appears 7 times"
"200 no error","https://urakare.jp/_next/image?url=https://kemvfhztndsfrqqecfkf.supabase.co/storage/v1/object/public/column-images/customer-interview-04/hero.webp&w=750&q=85","","appears 7 times"
"200 no error","https://urakare.jp/_next/image?url=https://kemvfhztndsfrqqecfkf.supabase.co/storage/v1/object/public/column-images/customer-interview-04/hero.webp&w=828&q=85","","appears 7 times"
"200 no error","https://urakare.jp/_next/image?url=https://kemvfhztndsfrqqecfkf.supabase.co/storage/v1/object/public/column-images/customer-interview-04/hero.webp&w=1080&q=85","","appears 7 times"
"200 no error","https://urakare.jp/_next/image?url=https://kemvfhztndsfrqqecfkf.supabase.co/storage/v1/object/public/column-images/customer-interview-04/hero.webp&w=1200&q=85","","appears 7 times"
"200 no error","https://urakare.jp/_next/image?url=https://kemvfhztndsfrqqecfkf.supabase.co/storage/v1/object/public/column-images/customer-interview-04/hero.webp&w=1920&q=85","","appears 7 times"
"200 no error","https://urakare.jp/_next/image?url=https://kemvfhztndsfrqqecfkf.supabase.co/storage/v1/object/public/column-images/customer-interview-04/hero.webp&w=2048&q=85","","appears 7 times"
"200 no error","https://urakare.jp/_next/image?url=https://kemvfhztndsfrqqecfkf.supabase.co/storage/v1/object/public/column-images/customer-interview-04/hero.webp&w=3840&q=85","","appears 14 times"
"200 no error","https://urakare.jp/column/interview/customer-interview-04","","appears 255 times"
"200 no error","https://urakare.jp/_next/image?url=https://kemvfhztndsfrqqecfkf.supabase.co/storage/v1/object/public/column-images/hajimete-guide/hero.webp&w=640&q=85","","appears 7 times"
"200 no error","https://urakare.jp/_next/image?url=https://kemvfhztndsfrqqecfkf.supabase.co/storage/v1/object/public/column-images/hajimete-guide/hero.webp&w=750&q=85","","appears 7 times"
"200 no error","https://urakare.jp/_next/image?url=https://kemvfhztndsfrqqecfkf.supabase.co/storage/v1/object/public/column-images/hajimete-guide/hero.webp&w=828&q=85","","appears 7 times"
"200 no error","https://urakare.jp/_next/image?url=https://kemvfhztndsfrqqecfkf.supabase.co/storage/v1/object/public/column-images/hajimete-guide/hero.webp&w=1080&q=85","","appears 7 times"
"200 no error","https://urakare.jp/_next/image?url=https://kemvfhztndsfrqqecfkf.supabase.co/storage/v1/object/public/column-images/hajimete-guide/hero.webp&w=1200&q=85","","appears 7 times"
"200 no error","https://urakare.jp/_next/image?url=https://kemvfhztndsfrqqecfkf.supabase.co/storage/v1/object/public/column-images/hajimete-guide/hero.webp&w=1920&q=85","","appears 7 times"
"200 no error","https://urakare.jp/_next/image?url=https://kemvfhztndsfrqqecfkf.supabase.co/storage/v1/object/public/column-images/hajimete-guide/hero.webp&w=2048&q=85","","appears 7 times"
"200 no error","https://urakare.jp/_next/image?url=https://kemvfhztndsfrqqecfkf.supabase.co/storage/v1/object/public/column-images/hajimete-guide/hero.webp&w=3840&q=85","","appears 14 times"
"200 no error","https://urakare.jp/column/jofu-guide/hajimete-guide","","appears 960 times"
"200 no error","https://urakare.jp/_next/image?url=https://kemvfhztndsfrqqecfkf.supabase.co/storage/v1/object/public/column-images/jofu-shop-guide/hero.jpg&w=640&q=85","","appears 7 times"
"200 no error","https://urakare.jp/_next/image?url=https://kemvfhztndsfrqqecfkf.supabase.co/storage/v1/object/public/column-images/jofu-shop-guide/hero.jpg&w=750&q=85","","appears 7 times"
"200 no error","https://urakare.jp/_next/image?url=https://kemvfhztndsfrqqecfkf.supabase.co/storage/v1/object/public/column-images/jofu-shop-guide/hero.jpg&w=828&q=85","","appears 7 times"
"200 no error","https://urakare.jp/_next/image?url=https://kemvfhztndsfrqqecfkf.supabase.co/storage/v1/object/public/column-images/jofu-shop-guide/hero.jpg&w=1080&q=85","","appears 7 times"
"200 no error","https://urakare.jp/_next/image?url=https://kemvfhztndsfrqqecfkf.supabase.co/storage/v1/object/public/column-images/jofu-shop-guide/hero.jpg&w=1200&q=85","","appears 7 times"
"200 no error","https://urakare.jp/_next/image?url=https://kemvfhztndsfrqqecfkf.supabase.co/storage/v1/object/public/column-images/jofu-shop-guide/hero.jpg&w=1920&q=85","","appears 7 times"
"200 no error","https://urakare.jp/_next/image?url=https://kemvfhztndsfrqqecfkf.supabase.co/storage/v1/object/public/column-images/jofu-shop-guide/hero.jpg&w=2048&q=85","","appears 7 times"
"200 no error","https://urakare.jp/_next/image?url=https://kemvfhztndsfrqqecfkf.supabase.co/storage/v1/object/public/column-images/jofu-shop-guide/hero.jpg&w=3840&q=85","","appears 14 times"
"200 no error","https://urakare.jp/column/jofu-guide/jofu-shop-guide","","appears 236 times"
"200 no error","https://urakare.jp/_next/image?url=https://kemvfhztndsfrqqecfkf.supabase.co/storage/v1/object/public/column-images/partner-jofu/hero.webp&w=640&q=85","","appears 7 times"
"200 no error","https://urakare.jp/_next/image?url=https://kemvfhztndsfrqqecfkf.supabase.co/storage/v1/object/public/column-images/partner-jofu/hero.webp&w=750&q=85","","appears 7 times"
"200 no error","https://urakare.jp/_next/image?url=https://kemvfhztndsfrqqecfkf.supabase.co/storage/v1/object/public/column-images/partner-jofu/hero.webp&w=828&q=85","","appears 7 times"
"200 no error","https://urakare.jp/_next/image?url=https://kemvfhztndsfrqqecfkf.supabase.co/storage/v1/object/public/column-images/partner-jofu/hero.webp&w=1080&q=85","","appears 7 times"
"200 no error","https://urakare.jp/_next/image?url=https://kemvfhztndsfrqqecfkf.supabase.co/storage/v1/object/public/column-images/partner-jofu/hero.webp&w=1200&q=85","","appears 7 times"
"200 no error","https://urakare.jp/_next/image?url=https://kemvfhztndsfrqqecfkf.supabase.co/storage/v1/object/public/column-images/partner-jofu/hero.webp&w=1920&q=85","","appears 7 times"
"200 no error","https://urakare.jp/_next/image?url=https://kemvfhztndsfrqqecfkf.supabase.co/storage/v1/object/public/column-images/partner-jofu/hero.webp&w=2048&q=85","","appears 7 times"
"200 no error","https://urakare.jp/_next/image?url=https://kemvfhztndsfrqqecfkf.supabase.co/storage/v1/object/public/column-images/partner-jofu/hero.webp&w=3840&q=85","","appears 14 times"
"200 no error","https://urakare.jp/column/jofu-guide/partner-jofu","","appears 469 times"
"200 no error","https://urakare.jp/_next/image?url=https://kemvfhztndsfrqqecfkf.supabase.co/storage/v1/object/public/column-images/jofu-drama-reality/hero.jpg&w=640&q=85","","appears 7 times"
"200 no error","https://urakare.jp/_next/image?url=https://kemvfhztndsfrqqecfkf.supabase.co/storage/v1/object/public/column-images/jofu-drama-reality/hero.jpg&w=750&q=85","","appears 7 times"
"200 no error","https://urakare.jp/_next/image?url=https://kemvfhztndsfrqqecfkf.supabase.co/storage/v1/object/public/column-images/jofu-drama-reality/hero.jpg&w=828&q=85","","appears 7 times"
"200 no error","https://urakare.jp/_next/image?url=https://kemvfhztndsfrqqecfkf.supabase.co/storage/v1/object/public/column-images/jofu-drama-reality/hero.jpg&w=1080&q=85","","appears 7 times"
"200 no error","https://urakare.jp/_next/image?url=https://kemvfhztndsfrqqecfkf.supabase.co/storage/v1/object/public/column-images/jofu-drama-reality/hero.jpg&w=1200&q=85","","appears 7 times"
"200 no error","https://urakare.jp/_next/image?url=https://kemvfhztndsfrqqecfkf.supabase.co/storage/v1/object/public/column-images/jofu-drama-reality/hero.jpg&w=1920&q=85","","appears 7 times"
"200 no error","https://urakare.jp/_next/image?url=https://kemvfhztndsfrqqecfkf.supabase.co/storage/v1/object/public/column-images/jofu-drama-reality/hero.jpg&w=2048&q=85","","appears 7 times"
"200 no error","https://urakare.jp/_next/image?url=https://kemvfhztndsfrqqecfkf.supabase.co/storage/v1/object/public/column-images/jofu-drama-reality/hero.jpg&w=3840&q=85","","appears 14 times"
"200 no error","https://urakare.jp/column/jofu-guide/jofu-drama-reality","","appears 153 times"
"200 no error","https://urakare.jp/_next/image?url=https://kemvfhztndsfrqqecfkf.supabase.co/storage/v1/object/public/column-images/jofu-day-flow/hero.webp&w=640&q=85","","appears 7 times"
"200 no error","https://urakare.jp/_next/image?url=https://kemvfhztndsfrqqecfkf.supabase.co/storage/v1/object/public/column-images/jofu-day-flow/hero.webp&w=750&q=85","","appears 7 times"
"200 no error","https://urakare.jp/_next/image?url=https://kemvfhztndsfrqqecfkf.supabase.co/storage/v1/object/public/column-images/jofu-day-flow/hero.webp&w=828&q=85","","appears 7 times"
"200 no error","https://urakare.jp/_next/image?url=https://kemvfhztndsfrqqecfkf.supabase.co/storage/v1/object/public/column-images/jofu-day-flow/hero.webp&w=1080&q=85","","appears 7 times"
"200 no error","https://urakare.jp/_next/image?url=https://kemvfhztndsfrqqecfkf.supabase.co/storage/v1/object/public/column-images/jofu-day-flow/hero.webp&w=1200&q=85","","appears 7 times"
"200 no error","https://urakare.jp/_next/image?url=https://kemvfhztndsfrqqecfkf.supabase.co/storage/v1/object/public/column-images/jofu-day-flow/hero.webp&w=1920&q=85","","appears 7 times"
"200 no error","https://urakare.jp/_next/image?url=https://kemvfhztndsfrqqecfkf.supabase.co/storage/v1/object/public/column-images/jofu-day-flow/hero.webp&w=2048&q=85","","appears 7 times"
"200 no error","https://urakare.jp/_next/image?url=https://kemvfhztndsfrqqecfkf.supabase.co/storage/v1/object/public/column-images/jofu-day-flow/hero.webp&w=3840&q=85","","appears 14 times"
"200 no error","https://urakare.jp/column/jofu-guide/jofu-day-flow","","appears 549 times"
"200 no error","https://urakare.jp/search?area=新宿","","appears 7 times"
"200 no error","https://urakare.jp/search?area=渋谷","","appears 7 times"
"200 no error","https://urakare.jp/search?area=銀座","","appears 7 times"
"200 no error","https://urakare.jp/search?area=六本木","","appears 7 times"
"200 no error","https://urakare.jp/search?area=表参道","","appears 7 times"
"200 no error","https://urakare.jp/search?area=恵比寿","","appears 7 times"
"200 no error","https://urakare.jp/search?area=赤坂","","appears 7 times"
"200 no error","https://urakare.jp/search?area=池袋","","appears 7 times"
"200 no error","https://urakare.jp/search?area=上野","","appears 7 times"
"200 no error","https://urakare.jp/search?area=浅草","","appears 7 times"
"200 no error","https://urakare.jp/search?area=品川","","appears 7 times"
"200 no error","https://urakare.jp/search?area=目黒","","appears 7 times"
"200 no error","https://urakare.jp/search?area=中目黒","","appears 7 times"
"200 no error","https://urakare.jp/search?area=代官山","","appears 7 times"
"200 no error","https://urakare.jp/search?area=青山","","appears 7 times"
"200 no error","https://urakare.jp/search?area=麻布十番","","appears 7 times"
"200 no error","https://urakare.jp/search?area=横浜","","appears 7 times"
"200 no error","https://urakare.jp/search?area=大宮","","appears 7 times"
"200 no error","https://urakare.jp/terms","","appears 35 times"
"200 no error","https://urakare.jp/privacy","","appears 35 times"
"200 no error","https://urakare.jp/tokushoho","","appears 35 times"
"200 no error","https://urakare.jp/brand/logo-og-1200x630.png","","appears 2 times"
"200 no error","https://urakare.jp/_next/image?url=/brand/logo-primary-cropped-transparent.png&w=750&q=75&dpl=dpl_7WTW9QoqRCZeqgUAy1hmqp4Xg7s6","","https://urakare.jp/column"
"200 no error","https://urakare.jp/_next/image?url=/brand/logo-primary-cropped-transparent.png&w=1920&q=75&dpl=dpl_7WTW9QoqRCZeqgUAy1hmqp4Xg7s6","","appears 2 times"
"200 no error","https://urakare.jp/_next/image?url=/images/author-homare.webp&w=32&q=75&dpl=dpl_7WTW9QoqRCZeqgUAy1hmqp4Xg7s6","","appears 465 times"
"200 no error","https://urakare.jp/_next/image?url=/images/author-homare.webp&w=48&q=75&dpl=dpl_7WTW9QoqRCZeqgUAy1hmqp4Xg7s6","","appears 787 times"
"200 no error","https://urakare.jp/_next/image?url=/images/author-homare.webp&w=64&q=75&dpl=dpl_7WTW9QoqRCZeqgUAy1hmqp4Xg7s6","","appears 465 times"
"200 no error","https://urakare.jp/_next/image?url=/images/author-homare.webp&w=96&q=75&dpl=dpl_7WTW9QoqRCZeqgUAy1hmqp4Xg7s6","","appears 1432 times"
"200 no error","https://urakare.jp/_next/image?url=/images/author-homare.webp&w=128&q=75&dpl=dpl_7WTW9QoqRCZeqgUAy1hmqp4Xg7s6","","appears 466 times"
"200 no error","https://urakare.jp/_next/image?url=/images/author-homare.webp&w=256&q=75&dpl=dpl_7WTW9QoqRCZeqgUAy1hmqp4Xg7s6","","appears 1113 times"
"200 no error","https://urakare.jp/_next/image?url=/images/author-homare.webp&w=384&q=75&dpl=dpl_7WTW9QoqRCZeqgUAy1hmqp4Xg7s6","","appears 465 times"
"200 no error","https://urakare.jp/_next/image?url=/images/author-homare.webp&w=640&q=75&dpl=dpl_7WTW9QoqRCZeqgUAy1hmqp4Xg7s6","","appears 465 times"
"200 no error","https://urakare.jp/_next/image?url=/images/author-homare.webp&w=750&q=75&dpl=dpl_7WTW9QoqRCZeqgUAy1hmqp4Xg7s6","","appears 465 times"
"200 no error","https://urakare.jp/_next/image?url=/images/author-homare.webp&w=828&q=75&dpl=dpl_7WTW9QoqRCZeqgUAy1hmqp4Xg7s6","","appears 465 times"
"200 no error","https://urakare.jp/_next/image?url=/images/author-homare.webp&w=1080&q=75&dpl=dpl_7WTW9QoqRCZeqgUAy1hmqp4Xg7s6","","appears 465 times"
"200 no error","https://urakare.jp/_next/image?url=/images/author-homare.webp&w=1200&q=75&dpl=dpl_7WTW9QoqRCZeqgUAy1hmqp4Xg7s6","","appears 465 times"
"200 no error","https://urakare.jp/_next/image?url=/images/author-homare.webp&w=1920&q=75&dpl=dpl_7WTW9QoqRCZeqgUAy1hmqp4Xg7s6","","appears 465 times"
"200 no error","https://urakare.jp/_next/image?url=/images/author-homare.webp&w=2048&q=75&dpl=dpl_7WTW9QoqRCZeqgUAy1hmqp4Xg7s6","","appears 465 times"
"200 no error","https://urakare.jp/_next/image?url=/images/author-homare.webp&w=3840&q=75&dpl=dpl_7WTW9QoqRCZeqgUAy1hmqp4Xg7s6","","appears 930 times"
"200 no error","https://urakare.jp/column/editorial-policy","","appears 672 times"
"200 no error","https://urakare.jp/column/self-pleasure","","appears 57 times"
"200 no error","https://urakare.jp/column/night-care","","appears 51 times"
"200 no error","https://urakare.jp/column/jofu-guide","","appears 141 times"
"200 no error","https://urakare.jp/column/body-care","","appears 38 times"
"200 no error","https://urakare.jp/column/industry","","appears 110 times"
"200 no error","https://urakare.jp/column/interview","","appears 86 times"
"200 no error","https://urakare.jp/_next/image?url=https://kemvfhztndsfrqqecfkf.supabase.co/storage/v1/object/public/column-images/self-pleasure-guide/hero.webp&w=640&q=75","","appears 147 times"
"200 no error","https://urakare.jp/_next/image?url=https://kemvfhztndsfrqqecfkf.supabase.co/storage/v1/object/public/column-images/self-pleasure-guide/hero.webp&w=750&q=75","","appears 147 times"
"200 no error","https://urakare.jp/_next/image?url=https://kemvfhztndsfrqqecfkf.supabase.co/storage/v1/object/public/column-images/self-pleasure-guide/hero.webp&w=828&q=75","","appears 147 times"
"200 no error","https://urakare.jp/_next/image?url=https://kemvfhztndsfrqqecfkf.supabase.co/storage/v1/object/public/column-images/self-pleasure-guide/hero.webp&w=1080&q=75","","appears 147 times"
"200 no error","https://urakare.jp/_next/image?url=https://kemvfhztndsfrqqecfkf.supabase.co/storage/v1/object/public/column-images/self-pleasure-guide/hero.webp&w=1200&q=75","","appears 147 times"
"200 no error","https://urakare.jp/_next/image?url=https://kemvfhztndsfrqqecfkf.supabase.co/storage/v1/object/public/column-images/self-pleasure-guide/hero.webp&w=1920&q=75","","appears 147 times"
"200 no error","https://urakare.jp/_next/image?url=https://kemvfhztndsfrqqecfkf.supabase.co/storage/v1/object/public/column-images/self-pleasure-guide/hero.webp&w=2048&q=75","","appears 147 times"
"200 no error","https://urakare.jp/_next/image?url=https://kemvfhztndsfrqqecfkf.supabase.co/storage/v1/object/public/column-images/self-pleasure-guide/hero.webp&w=3840&q=75","","appears 294 times"
"200 no error","https://urakare.jp/column/self-pleasure/self-pleasure-guide","","appears 238 times"
"200 no error","https://urakare.jp/_next/image?url=https://kemvfhztndsfrqqecfkf.supabase.co/storage/v1/object/public/column-images/customer-interview-04/hero.webp&w=640&q=75","","appears 129 times"
"200 no error","https://urakare.jp/_next/image?url=https://kemvfhztndsfrqqecfkf.supabase.co/storage/v1/object/public/column-images/customer-interview-04/hero.webp&w=750&q=75","","appears 126 times"
"200 no error","https://urakare.jp/_next/image?url=https://kemvfhztndsfrqqecfkf.supabase.co/storage/v1/object/public/column-images/customer-interview-04/hero.webp&w=828&q=75","","appears 126 times"
"200 no error","https://urakare.jp/_next/image?url=https://kemvfhztndsfrqqecfkf.supabase.co/storage/v1/object/public/column-images/customer-interview-04/hero.webp&w=1080&q=75","","appears 128 times"
"200 no error","https://urakare.jp/_next/image?url=https://kemvfhztndsfrqqecfkf.supabase.co/storage/v1/object/public/column-images/customer-interview-04/hero.webp&w=1200&q=75","","appears 126 times"
"200 no error","https://urakare.jp/_next/image?url=https://kemvfhztndsfrqqecfkf.supabase.co/storage/v1/object/public/column-images/customer-interview-04/hero.webp&w=1920&q=75","","appears 126 times"
"200 no error","https://urakare.jp/_next/image?url=https://kemvfhztndsfrqqecfkf.supabase.co/storage/v1/object/public/column-images/customer-interview-04/hero.webp&w=2048&q=75","","appears 126 times"
"200 no error","https://urakare.jp/_next/image?url=https://kemvfhztndsfrqqecfkf.supabase.co/storage/v1/object/public/column-images/customer-interview-04/hero.webp&w=3840&q=75","","appears 252 times"
"200 no error","https://urakare.jp/_next/image?url=https://kemvfhztndsfrqqecfkf.supabase.co/storage/v1/object/public/column-images/honban-real-talk/hero.webp&w=640&q=75","","appears 342 times"
"200 no error","https://urakare.jp/_next/image?url=https://kemvfhztndsfrqqecfkf.supabase.co/storage/v1/object/public/column-images/honban-real-talk/hero.webp&w=750&q=75","","appears 342 times"
"200 no error","https://urakare.jp/_next/image?url=https://kemvfhztndsfrqqecfkf.supabase.co/storage/v1/object/public/column-images/honban-real-talk/hero.webp&w=828&q=75","","appears 342 times"
"200 no error","https://urakare.jp/_next/image?url=https://kemvfhztndsfrqqecfkf.supabase.co/storage/v1/object/public/column-images/honban-real-talk/hero.webp&w=1080&q=75","","appears 342 times"
"200 no error","https://urakare.jp/_next/image?url=https://kemvfhztndsfrqqecfkf.supabase.co/storage/v1/object/public/column-images/honban-real-talk/hero.webp&w=1200&q=75","","appears 342 times"
"200 no error","https://urakare.jp/_next/image?url=https://kemvfhztndsfrqqecfkf.supabase.co/storage/v1/object/public/column-images/honban-real-talk/hero.webp&w=1920&q=75","","appears 342 times"
"200 no error","https://urakare.jp/_next/image?url=https://kemvfhztndsfrqqecfkf.supabase.co/storage/v1/object/public/column-images/honban-real-talk/hero.webp&w=2048&q=75","","appears 342 times"
"200 no error","https://urakare.jp/_next/image?url=https://kemvfhztndsfrqqecfkf.supabase.co/storage/v1/object/public/column-images/honban-real-talk/hero.webp&w=3840&q=75","","appears 684 times"
"200 no error","https://urakare.jp/column/jofu-guide/honban-real-talk","","appears 477 times"
"200 no error","https://urakare.jp/_next/image?url=https://kemvfhztndsfrqqecfkf.supabase.co/storage/v1/object/public/column-images/nakaiki-guide/hero.webp&w=640&q=75","","appears 382 times"
"200 no error","https://urakare.jp/_next/image?url=https://kemvfhztndsfrqqecfkf.supabase.co/storage/v1/object/public/column-images/nakaiki-guide/hero.webp&w=750&q=75","","appears 382 times"
"200 no error","https://urakare.jp/_next/image?url=https://kemvfhztndsfrqqecfkf.supabase.co/storage/v1/object/public/column-images/nakaiki-guide/hero.webp&w=828&q=75","","appears 382 times"
"200 no error","https://urakare.jp/_next/image?url=https://kemvfhztndsfrqqecfkf.supabase.co/storage/v1/object/public/column-images/nakaiki-guide/hero.webp&w=1080&q=75","","appears 382 times"
"200 no error","https://urakare.jp/_next/image?url=https://kemvfhztndsfrqqecfkf.supabase.co/storage/v1/object/public/column-images/nakaiki-guide/hero.webp&w=1200&q=75","","appears 382 times"
"200 no error","https://urakare.jp/_next/image?url=https://kemvfhztndsfrqqecfkf.supabase.co/storage/v1/object/public/column-images/nakaiki-guide/hero.webp&w=1920&q=75","","appears 382 times"
"200 no error","https://urakare.jp/_next/image?url=https://kemvfhztndsfrqqecfkf.supabase.co/storage/v1/object/public/column-images/nakaiki-guide/hero.webp&w=2048&q=75","","appears 382 times"
"200 no error","https://urakare.jp/_next/image?url=https://kemvfhztndsfrqqecfkf.supabase.co/storage/v1/object/public/column-images/nakaiki-guide/hero.webp&w=3840&q=75","","appears 764 times"
"200 no error","https://urakare.jp/column/self-pleasure/nakaiki-guide","","appears 399 times"
"200 no error","https://urakare.jp/_next/image?url=https://kemvfhztndsfrqqecfkf.supabase.co/storage/v1/object/public/column-images/male-lifelong-skills/hero-v2.webp&w=640&q=75","","appears 67 times"
"200 no error","https://urakare.jp/_next/image?url=https://kemvfhztndsfrqqecfkf.supabase.co/storage/v1/object/public/column-images/male-lifelong-skills/hero-v2.webp&w=750&q=75","","appears 67 times"
"200 no error","https://urakare.jp/_next/image?url=https://kemvfhztndsfrqqecfkf.supabase.co/storage/v1/object/public/column-images/male-lifelong-skills/hero-v2.webp&w=828&q=75","","appears 67 times"
"200 no error","https://urakare.jp/_next/image?url=https://kemvfhztndsfrqqecfkf.supabase.co/storage/v1/object/public/column-images/male-lifelong-skills/hero-v2.webp&w=1080&q=75","","appears 67 times"
"200 no error","https://urakare.jp/_next/image?url=https://kemvfhztndsfrqqecfkf.supabase.co/storage/v1/object/public/column-images/male-lifelong-skills/hero-v2.webp&w=1200&q=75","","appears 67 times"
"200 no error","https://urakare.jp/_next/image?url=https://kemvfhztndsfrqqecfkf.supabase.co/storage/v1/object/public/column-images/male-lifelong-skills/hero-v2.webp&w=1920&q=75","","appears 67 times"
"200 no error","https://urakare.jp/_next/image?url=https://kemvfhztndsfrqqecfkf.supabase.co/storage/v1/object/public/column-images/male-lifelong-skills/hero-v2.webp&w=2048&q=75","","appears 67 times"
"200 no error","https://urakare.jp/_next/image?url=https://kemvfhztndsfrqqecfkf.supabase.co/storage/v1/object/public/column-images/male-lifelong-skills/hero-v2.webp&w=3840&q=75","","appears 134 times"
"200 no error","https://urakare.jp/column/industry/male-lifelong-skills","","appears 107 times"
"200 no error","https://urakare.jp/_next/image?url=https://kemvfhztndsfrqqecfkf.supabase.co/storage/v1/object/public/column-images/pleasure-care-toha/hero.webp&w=640&q=75","","appears 124 times"
"200 no error","https://urakare.jp/_next/image?url=https://kemvfhztndsfrqqecfkf.supabase.co/storage/v1/object/public/column-images/pleasure-care-toha/hero.webp&w=750&q=75","","appears 124 times"
"200 no error","https://urakare.jp/_next/image?url=https://kemvfhztndsfrqqecfkf.supabase.co/storage/v1/object/public/column-images/pleasure-care-toha/hero.webp&w=828&q=75","","appears 124 times"
"200 no error","https://urakare.jp/_next/image?url=https://kemvfhztndsfrqqecfkf.supabase.co/storage/v1/object/public/column-images/pleasure-care-toha/hero.webp&w=1080&q=75","","appears 124 times"
"200 no error","https://urakare.jp/_next/image?url=https://kemvfhztndsfrqqecfkf.supabase.co/storage/v1/object/public/column-images/pleasure-care-toha/hero.webp&w=1200&q=75","","appears 124 times"
"200 no error","https://urakare.jp/_next/image?url=https://kemvfhztndsfrqqecfkf.supabase.co/storage/v1/object/public/column-images/pleasure-care-toha/hero.webp&w=1920&q=75","","appears 124 times"
"200 no error","https://urakare.jp/_next/image?url=https://kemvfhztndsfrqqecfkf.supabase.co/storage/v1/object/public/column-images/pleasure-care-toha/hero.webp&w=2048&q=75","","appears 124 times"
"200 no error","https://urakare.jp/_next/image?url=https://kemvfhztndsfrqqecfkf.supabase.co/storage/v1/object/public/column-images/pleasure-care-toha/hero.webp&w=3840&q=75","","appears 248 times"
"200 no error","https://urakare.jp/column/industry/pleasure-care-toha","","appears 232 times"
"200 no error","https://urakare.jp/_next/image?url=https://kemvfhztndsfrqqecfkf.supabase.co/storage/v1/object/public/column-images/virgin-jofu/hero.webp&w=640&q=75","","appears 253 times"
"200 no error","https://urakare.jp/_next/image?url=https://kemvfhztndsfrqqecfkf.supabase.co/storage/v1/object/public/column-images/virgin-jofu/hero.webp&w=750&q=75","","appears 253 times"
"200 no error","https://urakare.jp/_next/image?url=https://kemvfhztndsfrqqecfkf.supabase.co/storage/v1/object/public/column-images/virgin-jofu/hero.webp&w=828&q=75","","appears 253 times"
"200 no error","https://urakare.jp/_next/image?url=https://kemvfhztndsfrqqecfkf.supabase.co/storage/v1/object/public/column-images/virgin-jofu/hero.webp&w=1080&q=75","","appears 253 times"
"200 no error","https://urakare.jp/_next/image?url=https://kemvfhztndsfrqqecfkf.supabase.co/storage/v1/object/public/column-images/virgin-jofu/hero.webp&w=1200&q=75","","appears 253 times"
"200 no error","https://urakare.jp/_next/image?url=https://kemvfhztndsfrqqecfkf.supabase.co/storage/v1/object/public/column-images/virgin-jofu/hero.webp&w=1920&q=75","","appears 253 times"
"200 no error","https://urakare.jp/_next/image?url=https://kemvfhztndsfrqqecfkf.supabase.co/storage/v1/object/public/column-images/virgin-jofu/hero.webp&w=2048&q=75","","appears 253 times"
"200 no error","https://urakare.jp/_next/image?url=https://kemvfhztndsfrqqecfkf.supabase.co/storage/v1/object/public/column-images/virgin-jofu/hero.webp&w=3840&q=75","","appears 506 times"
"200 no error","https://urakare.jp/column/jofu-guide/virgin-jofu","","appears 345 times"
"200 no error","https://urakare.jp/_next/image?url=https://kemvfhztndsfrqqecfkf.supabase.co/storage/v1/object/public/column-images/therapist-income/hero.webp&w=640&q=75","","appears 318 times"
"200 no error","https://urakare.jp/_next/image?url=https://kemvfhztndsfrqqecfkf.supabase.co/storage/v1/object/public/column-images/therapist-income/hero.webp&w=750&q=75","","appears 318 times"
"200 no error","https://urakare.jp/_next/image?url=https://kemvfhztndsfrqqecfkf.supabase.co/storage/v1/object/public/column-images/therapist-income/hero.webp&w=828&q=75","","appears 318 times"
"200 no error","https://urakare.jp/_next/image?url=https://kemvfhztndsfrqqecfkf.supabase.co/storage/v1/object/public/column-images/therapist-income/hero.webp&w=1080&q=75","","appears 318 times"
"200 no error","https://urakare.jp/_next/image?url=https://kemvfhztndsfrqqecfkf.supabase.co/storage/v1/object/public/column-images/therapist-income/hero.webp&w=1200&q=75","","appears 318 times"
"200 no error","https://urakare.jp/_next/image?url=https://kemvfhztndsfrqqecfkf.supabase.co/storage/v1/object/public/column-images/therapist-income/hero.webp&w=1920&q=75","","appears 318 times"
"200 no error","https://urakare.jp/_next/image?url=https://kemvfhztndsfrqqecfkf.supabase.co/storage/v1/object/public/column-images/therapist-income/hero.webp&w=2048&q=75","","appears 318 times"
"200 no error","https://urakare.jp/_next/image?url=https://kemvfhztndsfrqqecfkf.supabase.co/storage/v1/object/public/column-images/therapist-income/hero.webp&w=3840&q=75","","appears 636 times"
"200 no error","https://urakare.jp/column/industry/therapist-income","","appears 404 times"
"200 no error","https://urakare.jp/_next/image?url=https://kemvfhztndsfrqqecfkf.supabase.co/storage/v1/object/public/column-images/jofu-home-preparation/og-image.jpg&w=640&q=75","","appears 45 times"
"200 no error","https://urakare.jp/_next/image?url=https://kemvfhztndsfrqqecfkf.supabase.co/storage/v1/object/public/column-images/jofu-home-preparation/og-image.jpg&w=750&q=75","","appears 45 times"
"200 no error","https://urakare.jp/_next/image?url=https://kemvfhztndsfrqqecfkf.supabase.co/storage/v1/object/public/column-images/jofu-home-preparation/og-image.jpg&w=828&q=75","","appears 45 times"
"200 no error","https://urakare.jp/_next/image?url=https://kemvfhztndsfrqqecfkf.supabase.co/storage/v1/object/public/column-images/jofu-home-preparation/og-image.jpg&w=1080&q=75","","appears 45 times"
"200 no error","https://urakare.jp/_next/image?url=https://kemvfhztndsfrqqecfkf.supabase.co/storage/v1/object/public/column-images/jofu-home-preparation/og-image.jpg&w=1200&q=75","","appears 45 times"
"200 no error","https://urakare.jp/_next/image?url=https://kemvfhztndsfrqqecfkf.supabase.co/storage/v1/object/public/column-images/jofu-home-preparation/og-image.jpg&w=1920&q=75","","appears 45 times"
"200 no error","https://urakare.jp/_next/image?url=https://kemvfhztndsfrqqecfkf.supabase.co/storage/v1/object/public/column-images/jofu-home-preparation/og-image.jpg&w=2048&q=75","","appears 45 times"
"200 no error","https://urakare.jp/_next/image?url=https://kemvfhztndsfrqqecfkf.supabase.co/storage/v1/object/public/column-images/jofu-home-preparation/og-image.jpg&w=3840&q=75","","appears 90 times"
"200 no error","https://urakare.jp/column/jofu-guide/jofu-home-preparation","","appears 123 times"
"200 no error","https://urakare.jp/column/all","","https://urakare.jp/column"
"200 no error","https://urakare.jp/_next/image?url=https://kemvfhztndsfrqqecfkf.supabase.co/storage/v1/object/public/column-images/hajimete-guide/hero.webp&w=640&q=75","","appears 603 times"
"200 no error","https://urakare.jp/_next/image?url=https://kemvfhztndsfrqqecfkf.supabase.co/storage/v1/object/public/column-images/hajimete-guide/hero.webp&w=750&q=75","","appears 603 times"
"200 no error","https://urakare.jp/_next/image?url=https://kemvfhztndsfrqqecfkf.supabase.co/storage/v1/object/public/column-images/hajimete-guide/hero.webp&w=828&q=75","","appears 603 times"
"200 no error","https://urakare.jp/_next/image?url=https://kemvfhztndsfrqqecfkf.supabase.co/storage/v1/object/public/column-images/hajimete-guide/hero.webp&w=1080&q=75","","appears 603 times"
"200 no error","https://urakare.jp/_next/image?url=https://kemvfhztndsfrqqecfkf.supabase.co/storage/v1/object/public/column-images/hajimete-guide/hero.webp&w=1200&q=75","","appears 603 times"
"200 no error","https://urakare.jp/_next/image?url=https://kemvfhztndsfrqqecfkf.supabase.co/storage/v1/object/public/column-images/hajimete-guide/hero.webp&w=1920&q=75","","appears 603 times"
"200 no error","https://urakare.jp/_next/image?url=https://kemvfhztndsfrqqecfkf.supabase.co/storage/v1/object/public/column-images/hajimete-guide/hero.webp&w=2048&q=75","","appears 603 times"
"200 no error","https://urakare.jp/_next/image?url=https://kemvfhztndsfrqqecfkf.supabase.co/storage/v1/object/public/column-images/hajimete-guide/hero.webp&w=3840&q=75","","appears 1206 times"
"200 no error","https://urakare.jp/_next/image?url=https://kemvfhztndsfrqqecfkf.supabase.co/storage/v1/object/public/column-images/self-pleasure-guide/hero.webp&w=32&q=75","","appears 134 times"
"200 no error","https://urakare.jp/_next/image?url=https://kemvfhztndsfrqqecfkf.supabase.co/storage/v1/object/public/column-images/self-pleasure-guide/hero.webp&w=48&q=75","","appears 134 times"
"200 no error","https://urakare.jp/_next/image?url=https://kemvfhztndsfrqqecfkf.supabase.co/storage/v1/object/public/column-images/self-pleasure-guide/hero.webp&w=64&q=75","","appears 134 times"
"200 no error","https://urakare.jp/_next/image?url=https://kemvfhztndsfrqqecfkf.supabase.co/storage/v1/object/public/column-images/self-pleasure-guide/hero.webp&w=96&q=75","","appears 134 times"
"200 no error","https://urakare.jp/_next/image?url=https://kemvfhztndsfrqqecfkf.supabase.co/storage/v1/object/public/column-images/self-pleasure-guide/hero.webp&w=128&q=75","","appears 134 times"
"200 no error","https://urakare.jp/_next/image?url=https://kemvfhztndsfrqqecfkf.supabase.co/storage/v1/object/public/column-images/self-pleasure-guide/hero.webp&w=256&q=75","","appears 134 times"
"200 no error","https://urakare.jp/_next/image?url=https://kemvfhztndsfrqqecfkf.supabase.co/storage/v1/object/public/column-images/self-pleasure-guide/hero.webp&w=384&q=75","","appears 134 times"
"200 no error","https://urakare.jp/_next/image?url=https://kemvfhztndsfrqqecfkf.supabase.co/storage/v1/object/public/column-images/customer-interview-01/hero.webp&w=32&q=75","","appears 373 times"
"200 no error","https://urakare.jp/_next/image?url=https://kemvfhztndsfrqqecfkf.supabase.co/storage/v1/object/public/column-images/customer-interview-01/hero.webp&w=48&q=75","","appears 373 times"
"200 no error","https://urakare.jp/_next/image?url=https://kemvfhztndsfrqqecfkf.supabase.co/storage/v1/object/public/column-images/customer-interview-01/hero.webp&w=64&q=75","","appears 373 times"
"200 no error","https://urakare.jp/_next/image?url=https://kemvfhztndsfrqqecfkf.supabase.co/storage/v1/object/public/column-images/customer-interview-01/hero.webp&w=96&q=75","","appears 373 times"
"200 no error","https://urakare.jp/_next/image?url=https://kemvfhztndsfrqqecfkf.supabase.co/storage/v1/object/public/column-images/customer-interview-01/hero.webp&w=128&q=75","","appears 373 times"
"200 no error","https://urakare.jp/_next/image?url=https://kemvfhztndsfrqqecfkf.supabase.co/storage/v1/object/public/column-images/customer-interview-01/hero.webp&w=256&q=75","","appears 373 times"
"200 no error","https://urakare.jp/_next/image?url=https://kemvfhztndsfrqqecfkf.supabase.co/storage/v1/object/public/column-images/customer-interview-01/hero.webp&w=384&q=75","","appears 374 times"
"200 no error","https://urakare.jp/_next/image?url=https://kemvfhztndsfrqqecfkf.supabase.co/storage/v1/object/public/column-images/customer-interview-01/hero.webp&w=640&q=75","","appears 390 times"
"200 no error","https://urakare.jp/_next/image?url=https://kemvfhztndsfrqqecfkf.supabase.co/storage/v1/object/public/column-images/customer-interview-01/hero.webp&w=750&q=75","","appears 388 times"
"200 no error","https://urakare.jp/_next/image?url=https://kemvfhztndsfrqqecfkf.supabase.co/storage/v1/object/public/column-images/customer-interview-01/hero.webp&w=828&q=75","","appears 388 times"
"200 no error","https://urakare.jp/_next/image?url=https://kemvfhztndsfrqqecfkf.supabase.co/storage/v1/object/public/column-images/customer-interview-01/hero.webp&w=1080&q=75","","appears 388 times"
"200 no error","https://urakare.jp/_next/image?url=https://kemvfhztndsfrqqecfkf.supabase.co/storage/v1/object/public/column-images/customer-interview-01/hero.webp&w=1200&q=75","","appears 388 times"
"200 no error","https://urakare.jp/_next/image?url=https://kemvfhztndsfrqqecfkf.supabase.co/storage/v1/object/public/column-images/customer-interview-01/hero.webp&w=1920&q=75","","appears 388 times"
"200 no error","https://urakare.jp/_next/image?url=https://kemvfhztndsfrqqecfkf.supabase.co/storage/v1/object/public/column-images/customer-interview-01/hero.webp&w=2048&q=75","","appears 388 times"
"200 no error","https://urakare.jp/_next/image?url=https://kemvfhztndsfrqqecfkf.supabase.co/storage/v1/object/public/column-images/customer-interview-01/hero.webp&w=3840&q=75","","appears 776 times"
"200 no error","https://urakare.jp/_next/image?url=https://kemvfhztndsfrqqecfkf.supabase.co/storage/v1/object/public/column-images/virgin-jofu/hero.webp&w=32&q=75","","appears 230 times"
"200 no error","https://urakare.jp/_next/image?url=https://kemvfhztndsfrqqecfkf.supabase.co/storage/v1/object/public/column-images/virgin-jofu/hero.webp&w=48&q=75","","appears 230 times"
"200 no error","https://urakare.jp/_next/image?url=https://kemvfhztndsfrqqecfkf.supabase.co/storage/v1/object/public/column-images/virgin-jofu/hero.webp&w=64&q=75","","appears 230 times"
"200 no error","https://urakare.jp/_next/image?url=https://kemvfhztndsfrqqecfkf.supabase.co/storage/v1/object/public/column-images/virgin-jofu/hero.webp&w=96&q=75","","appears 230 times"
"200 no error","https://urakare.jp/_next/image?url=https://kemvfhztndsfrqqecfkf.supabase.co/storage/v1/object/public/column-images/virgin-jofu/hero.webp&w=128&q=75","","appears 230 times"
"200 no error","https://urakare.jp/_next/image?url=https://kemvfhztndsfrqqecfkf.supabase.co/storage/v1/object/public/column-images/virgin-jofu/hero.webp&w=256&q=75","","appears 230 times"
"200 no error","https://urakare.jp/_next/image?url=https://kemvfhztndsfrqqecfkf.supabase.co/storage/v1/object/public/column-images/virgin-jofu/hero.webp&w=384&q=75","","appears 230 times"
"200 no error","https://urakare.jp/_next/image?url=https://kemvfhztndsfrqqecfkf.supabase.co/storage/v1/object/public/column-images/jofu-shop-guide/hero.jpg&w=32&q=75","","appears 94 times"
"200 no error","https://urakare.jp/_next/image?url=https://kemvfhztndsfrqqecfkf.supabase.co/storage/v1/object/public/column-images/jofu-shop-guide/hero.jpg&w=48&q=75","","appears 94 times"
"200 no error","https://urakare.jp/_next/image?url=https://kemvfhztndsfrqqecfkf.supabase.co/storage/v1/object/public/column-images/jofu-shop-guide/hero.jpg&w=64&q=75","","appears 94 times"
"200 no error","https://urakare.jp/_next/image?url=https://kemvfhztndsfrqqecfkf.supabase.co/storage/v1/object/public/column-images/jofu-shop-guide/hero.jpg&w=96&q=75","","appears 94 times"
"200 no error","https://urakare.jp/_next/image?url=https://kemvfhztndsfrqqecfkf.supabase.co/storage/v1/object/public/column-images/jofu-shop-guide/hero.jpg&w=128&q=75","","appears 94 times"
"200 no error","https://urakare.jp/_next/image?url=https://kemvfhztndsfrqqecfkf.supabase.co/storage/v1/object/public/column-images/jofu-shop-guide/hero.jpg&w=256&q=75","","appears 94 times"
"200 no error","https://urakare.jp/_next/image?url=https://kemvfhztndsfrqqecfkf.supabase.co/storage/v1/object/public/column-images/jofu-shop-guide/hero.jpg&w=384&q=75","","appears 94 times"
"200 no error","https://urakare.jp/_next/image?url=https://kemvfhztndsfrqqecfkf.supabase.co/storage/v1/object/public/column-images/jofu-shop-guide/hero.jpg&w=640&q=75","","appears 113 times"
"200 no error","https://urakare.jp/_next/image?url=https://kemvfhztndsfrqqecfkf.supabase.co/storage/v1/object/public/column-images/jofu-shop-guide/hero.jpg&w=750&q=75","","appears 113 times"
"200 no error","https://urakare.jp/_next/image?url=https://kemvfhztndsfrqqecfkf.supabase.co/storage/v1/object/public/column-images/jofu-shop-guide/hero.jpg&w=828&q=75","","appears 113 times"
"200 no error","https://urakare.jp/_next/image?url=https://kemvfhztndsfrqqecfkf.supabase.co/storage/v1/object/public/column-images/jofu-shop-guide/hero.jpg&w=1080&q=75","","appears 113 times"
"200 no error","https://urakare.jp/_next/image?url=https://kemvfhztndsfrqqecfkf.supabase.co/storage/v1/object/public/column-images/jofu-shop-guide/hero.jpg&w=1200&q=75","","appears 113 times"
"200 no error","https://urakare.jp/_next/image?url=https://kemvfhztndsfrqqecfkf.supabase.co/storage/v1/object/public/column-images/jofu-shop-guide/hero.jpg&w=1920&q=75","","appears 113 times"
"200 no error","https://urakare.jp/_next/image?url=https://kemvfhztndsfrqqecfkf.supabase.co/storage/v1/object/public/column-images/jofu-shop-guide/hero.jpg&w=2048&q=75","","appears 113 times"
"200 no error","https://urakare.jp/_next/image?url=https://kemvfhztndsfrqqecfkf.supabase.co/storage/v1/object/public/column-images/jofu-shop-guide/hero.jpg&w=3840&q=75","","appears 226 times"
"200 no error","https://urakare.jp/_next/image?url=https://kemvfhztndsfrqqecfkf.supabase.co/storage/v1/object/public/column-images/sexless-solutions/hero.webp&w=32&q=75","","appears 147 times"
"200 no error","https://urakare.jp/_next/image?url=https://kemvfhztndsfrqqecfkf.supabase.co/storage/v1/object/public/column-images/sexless-solutions/hero.webp&w=48&q=75","","appears 147 times"
"200 no error","https://urakare.jp/_next/image?url=https://kemvfhztndsfrqqecfkf.supabase.co/storage/v1/object/public/column-images/sexless-solutions/hero.webp&w=64&q=75","","appears 147 times"
"200 no error","https://urakare.jp/_next/image?url=https://kemvfhztndsfrqqecfkf.supabase.co/storage/v1/object/public/column-images/sexless-solutions/hero.webp&w=96&q=75","","appears 147 times"
"200 no error","https://urakare.jp/_next/image?url=https://kemvfhztndsfrqqecfkf.supabase.co/storage/v1/object/public/column-images/sexless-solutions/hero.webp&w=128&q=75","","appears 147 times"
"200 no error","https://urakare.jp/_next/image?url=https://kemvfhztndsfrqqecfkf.supabase.co/storage/v1/object/public/column-images/sexless-solutions/hero.webp&w=256&q=75","","appears 147 times"
"200 no error","https://urakare.jp/_next/image?url=https://kemvfhztndsfrqqecfkf.supabase.co/storage/v1/object/public/column-images/sexless-solutions/hero.webp&w=384&q=75","","appears 147 times"
"200 no error","https://urakare.jp/_next/image?url=https://kemvfhztndsfrqqecfkf.supabase.co/storage/v1/object/public/column-images/sexless-solutions/hero.webp&w=640&q=75","","appears 158 times"
"200 no error","https://urakare.jp/_next/image?url=https://kemvfhztndsfrqqecfkf.supabase.co/storage/v1/object/public/column-images/sexless-solutions/hero.webp&w=750&q=75","","appears 158 times"
"200 no error","https://urakare.jp/_next/image?url=https://kemvfhztndsfrqqecfkf.supabase.co/storage/v1/object/public/column-images/sexless-solutions/hero.webp&w=828&q=75","","appears 158 times"
"200 no error","https://urakare.jp/_next/image?url=https://kemvfhztndsfrqqecfkf.supabase.co/storage/v1/object/public/column-images/sexless-solutions/hero.webp&w=1080&q=75","","appears 158 times"
"200 no error","https://urakare.jp/_next/image?url=https://kemvfhztndsfrqqecfkf.supabase.co/storage/v1/object/public/column-images/sexless-solutions/hero.webp&w=1200&q=75","","appears 158 times"
"200 no error","https://urakare.jp/_next/image?url=https://kemvfhztndsfrqqecfkf.supabase.co/storage/v1/object/public/column-images/sexless-solutions/hero.webp&w=1920&q=75","","appears 158 times"
"200 no error","https://urakare.jp/_next/image?url=https://kemvfhztndsfrqqecfkf.supabase.co/storage/v1/object/public/column-images/sexless-solutions/hero.webp&w=2048&q=75","","appears 158 times"
"200 no error","https://urakare.jp/_next/image?url=https://kemvfhztndsfrqqecfkf.supabase.co/storage/v1/object/public/column-images/sexless-solutions/hero.webp&w=3840&q=75","","appears 316 times"
"200 no error","https://urakare.jp/column/night-care/sexless-solutions-for-women","","appears 237 times"
"200 no error","https://urakare.jp/_next/image?url=https://kemvfhztndsfrqqecfkf.supabase.co/storage/v1/object/public/column-images/therapist-income/hero.webp&w=32&q=75","","appears 314 times"
"200 no error","https://urakare.jp/_next/image?url=https://kemvfhztndsfrqqecfkf.supabase.co/storage/v1/object/public/column-images/therapist-income/hero.webp&w=48&q=75","","appears 314 times"
"200 no error","https://urakare.jp/_next/image?url=https://kemvfhztndsfrqqecfkf.supabase.co/storage/v1/object/public/column-images/therapist-income/hero.webp&w=64&q=75","","appears 314 times"
"200 no error","https://urakare.jp/_next/image?url=https://kemvfhztndsfrqqecfkf.supabase.co/storage/v1/object/public/column-images/therapist-income/hero.webp&w=96&q=75","","appears 314 times"
"200 no error","https://urakare.jp/_next/image?url=https://kemvfhztndsfrqqecfkf.supabase.co/storage/v1/object/public/column-images/therapist-income/hero.webp&w=128&q=75","","appears 314 times"
"200 no error","https://urakare.jp/_next/image?url=https://kemvfhztndsfrqqecfkf.supabase.co/storage/v1/object/public/column-images/therapist-income/hero.webp&w=256&q=75","","appears 314 times"
"200 no error","https://urakare.jp/_next/image?url=https://kemvfhztndsfrqqecfkf.supabase.co/storage/v1/object/public/column-images/therapist-income/hero.webp&w=384&q=75","","appears 314 times"
"200 no error","https://urakare.jp/_next/image?url=https://kemvfhztndsfrqqecfkf.supabase.co/storage/v1/object/public/column-images/delicate-zone-care/og-image.jpg&w=32&q=75","","appears 46 times"
"200 no error","https://urakare.jp/_next/image?url=https://kemvfhztndsfrqqecfkf.supabase.co/storage/v1/object/public/column-images/delicate-zone-care/og-image.jpg&w=48&q=75","","appears 46 times"
"200 no error","https://urakare.jp/_next/image?url=https://kemvfhztndsfrqqecfkf.supabase.co/storage/v1/object/public/column-images/delicate-zone-care/og-image.jpg&w=64&q=75","","appears 46 times"
"200 no error","https://urakare.jp/_next/image?url=https://kemvfhztndsfrqqecfkf.supabase.co/storage/v1/object/public/column-images/delicate-zone-care/og-image.jpg&w=96&q=75","","appears 46 times"
"200 no error","https://urakare.jp/_next/image?url=https://kemvfhztndsfrqqecfkf.supabase.co/storage/v1/object/public/column-images/delicate-zone-care/og-image.jpg&w=128&q=75","","appears 46 times"
"200 no error","https://urakare.jp/_next/image?url=https://kemvfhztndsfrqqecfkf.supabase.co/storage/v1/object/public/column-images/delicate-zone-care/og-image.jpg&w=256&q=75","","appears 46 times"
"200 no error","https://urakare.jp/_next/image?url=https://kemvfhztndsfrqqecfkf.supabase.co/storage/v1/object/public/column-images/delicate-zone-care/og-image.jpg&w=384&q=75","","appears 46 times"
"200 no error","https://urakare.jp/_next/image?url=https://kemvfhztndsfrqqecfkf.supabase.co/storage/v1/object/public/column-images/delicate-zone-care/og-image.jpg&w=640&q=75","","appears 48 times"
"200 no error","https://urakare.jp/_next/image?url=https://kemvfhztndsfrqqecfkf.supabase.co/storage/v1/object/public/column-images/delicate-zone-care/og-image.jpg&w=750&q=75","","appears 48 times"
"200 no error","https://urakare.jp/_next/image?url=https://kemvfhztndsfrqqecfkf.supabase.co/storage/v1/object/public/column-images/delicate-zone-care/og-image.jpg&w=828&q=75","","appears 48 times"
"200 no error","https://urakare.jp/_next/image?url=https://kemvfhztndsfrqqecfkf.supabase.co/storage/v1/object/public/column-images/delicate-zone-care/og-image.jpg&w=1080&q=75","","appears 48 times"
"200 no error","https://urakare.jp/_next/image?url=https://kemvfhztndsfrqqecfkf.supabase.co/storage/v1/object/public/column-images/delicate-zone-care/og-image.jpg&w=1200&q=75","","appears 48 times"
"200 no error","https://urakare.jp/_next/image?url=https://kemvfhztndsfrqqecfkf.supabase.co/storage/v1/object/public/column-images/delicate-zone-care/og-image.jpg&w=1920&q=75","","appears 48 times"
"200 no error","https://urakare.jp/_next/image?url=https://kemvfhztndsfrqqecfkf.supabase.co/storage/v1/object/public/column-images/delicate-zone-care/og-image.jpg&w=2048&q=75","","appears 48 times"
"200 no error","https://urakare.jp/_next/image?url=https://kemvfhztndsfrqqecfkf.supabase.co/storage/v1/object/public/column-images/delicate-zone-care/og-image.jpg&w=3840&q=75","","appears 96 times"
"200 no error","https://urakare.jp/column/body-care/delicate-zone-care-guide","","appears 107 times"
"200 no error","https://urakare.jp/_next/image?url=https://kemvfhztndsfrqqecfkf.supabase.co/storage/v1/object/public/column-images/jofu-drama-reality/hero.jpg&w=32&q=75","","appears 89 times"
"200 no error","https://urakare.jp/_next/image?url=https://kemvfhztndsfrqqecfkf.supabase.co/storage/v1/object/public/column-images/jofu-drama-reality/hero.jpg&w=48&q=75","","appears 89 times"
"200 no error","https://urakare.jp/_next/image?url=https://kemvfhztndsfrqqecfkf.supabase.co/storage/v1/object/public/column-images/jofu-drama-reality/hero.jpg&w=64&q=75","","appears 89 times"
"200 no error","https://urakare.jp/_next/image?url=https://kemvfhztndsfrqqecfkf.supabase.co/storage/v1/object/public/column-images/jofu-drama-reality/hero.jpg&w=96&q=75","","appears 89 times"
"200 no error","https://urakare.jp/_next/image?url=https://kemvfhztndsfrqqecfkf.supabase.co/storage/v1/object/public/column-images/jofu-drama-reality/hero.jpg&w=128&q=75","","appears 89 times"
"200 no error","https://urakare.jp/_next/image?url=https://kemvfhztndsfrqqecfkf.supabase.co/storage/v1/object/public/column-images/jofu-drama-reality/hero.jpg&w=256&q=75","","appears 89 times"
"200 no error","https://urakare.jp/_next/image?url=https://kemvfhztndsfrqqecfkf.supabase.co/storage/v1/object/public/column-images/jofu-drama-reality/hero.jpg&w=384&q=75","","appears 89 times"
"200 no error","https://urakare.jp/_next/image?url=https://kemvfhztndsfrqqecfkf.supabase.co/storage/v1/object/public/column-images/jofu-drama-reality/hero.jpg&w=640&q=75","","appears 106 times"
"200 no error","https://urakare.jp/_next/image?url=https://kemvfhztndsfrqqecfkf.supabase.co/storage/v1/object/public/column-images/jofu-drama-reality/hero.jpg&w=750&q=75","","appears 106 times"
"200 no error","https://urakare.jp/_next/image?url=https://kemvfhztndsfrqqecfkf.supabase.co/storage/v1/object/public/column-images/jofu-drama-reality/hero.jpg&w=828&q=75","","appears 106 times"
"200 no error","https://urakare.jp/_next/image?url=https://kemvfhztndsfrqqecfkf.supabase.co/storage/v1/object/public/column-images/jofu-drama-reality/hero.jpg&w=1080&q=75","","appears 106 times"
"200 no error","https://urakare.jp/_next/image?url=https://kemvfhztndsfrqqecfkf.supabase.co/storage/v1/object/public/column-images/jofu-drama-reality/hero.jpg&w=1200&q=75","","appears 106 times"
"200 no error","https://urakare.jp/_next/image?url=https://kemvfhztndsfrqqecfkf.supabase.co/storage/v1/object/public/column-images/jofu-drama-reality/hero.jpg&w=1920&q=75","","appears 106 times"
"200 no error","https://urakare.jp/_next/image?url=https://kemvfhztndsfrqqecfkf.supabase.co/storage/v1/object/public/column-images/jofu-drama-reality/hero.jpg&w=2048&q=75","","appears 106 times"
"200 no error","https://urakare.jp/_next/image?url=https://kemvfhztndsfrqqecfkf.supabase.co/storage/v1/object/public/column-images/jofu-drama-reality/hero.jpg&w=3840&q=75","","appears 212 times"
"200 no error","https://line-harness.otudesumyiphone4s-3d3.workers.dev/r/col-other","","appears 2 times"
"200 no error","https://urakare.jp/column/author/homare","","appears 685 times"
"200 no error","https://line-harness.otudesumyiphone4s-3d3.workers.dev/r/hp-today","","appears 4 times"
"200 no error","https://urakare.jp/ranking","","appears 4 times"
"200 no error","https://line-harness.otudesumyiphone4s-3d3.workers.dev/r/hp-ranking","","appears 2 times"
"200 no error","https://line-harness.otudesumyiphone4s-3d3.workers.dev/r/hp-other","","appears 85 times"
"200 no error","https://line-harness.otudesumyiphone4s-3d3.workers.dev/r/hp-therapist","","appears 133 times"
"200 no error","https://line-harness.otudesumyiphone4s-3d3.workers.dev/r/hp-sokumen","","appears 3 times"
"200 no error","https://urakare.jp/guide#recommend","","appears 7 times"
"200 no error","https://urakare.jp/guide#safety","","appears 7 times"
"200 no error","https://urakare.jp/guide#flow","","appears 7 times"
"200 no error","https://urakare.jp/guide#pricing","","appears 7 times"
"200 no error","https://urakare.jp/guide#voices","","appears 7 times"
"200 no error","https://urakare.jp/guide#faq","","appears 7 times"
"200 no error","https://line-harness.otudesumyiphone4s-3d3.workers.dev/r/hp-guide","","appears 147 times"
"200 no error","https://urakare.jp/_next/image?url=/monitor/banner-monitor-dark-v1.webp&w=1200&q=85&dpl=dpl_7WTW9QoqRCZeqgUAy1hmqp4Xg7s6","","appears 14 times"
"200 no error","https://urakare.jp/_next/image?url=/monitor/banner-monitor-dark-v1.webp&w=3840&q=85&dpl=dpl_7WTW9QoqRCZeqgUAy1hmqp4Xg7s6","","appears 28 times"
"200 no error","https://urakare.jp/location-guide#hotel","","appears 7 times"
"200 no error","https://urakare.jp/location-guide#home","","appears 7 times"
"200 no error","https://urakare.jp/location-guide#areas","","appears 7 times"
"200 no error","https://urakare.jp/location-guide#checkin","","appears 7 times"
"200 no error","https://urakare.jp/location-guide#notes","","appears 7 times"
"200 no error","https://urakare.jp/location-guide#faq","","appears 7 times"
"200 no error","https://urakare.jp/column/jofu-guide/hotel-anxiety","","appears 200 times"
"200 no error","https://urakare.jp/pricing#overview","","appears 7 times"
"200 no error","https://urakare.jp/pricing#standard","","appears 7 times"
"200 no error","https://urakare.jp/pricing#overnight","","appears 7 times"
"200 no error","https://urakare.jp/pricing#transport","","appears 7 times"
"200 no error","https://urakare.jp/pricing#cancel","","appears 13 times"
"200 no error","https://urakare.jp/pricing#faq","","appears 7 times"
"200 no error","https://urakare.jp/_next/image?url=/pricing-about.png&w=1200&q=85&dpl=dpl_7WTW9QoqRCZeqgUAy1hmqp4Xg7s6","","appears 7 times"
"200 no error","https://urakare.jp/_next/image?url=/pricing-about.png&w=3840&q=85&dpl=dpl_7WTW9QoqRCZeqgUAy1hmqp4Xg7s6","","appears 14 times"
"200 no error","https://line-harness.otudesumyiphone4s-3d3.workers.dev/r/hp-pricing","","appears 35 times"
"200 no error","https://urakare.jp/faq#hajimete","","appears 21 times"
"200 no error","https://urakare.jp/faq#price","","appears 14 times"
"200 no error","https://urakare.jp/faq#safety","","appears 14 times"
"200 no error","https://urakare.jp/faq#therapist","","appears 14 times"
"200 no error","https://urakare.jp/faq#service","","appears 7 times"
"200 no error","https://urakare.jp/faq#reservation","","appears 7 times"
"200 no error","https://urakare.jp/column/jofu-guide/jofu-30dai-guide","","appears 120 times"
"200 no error","https://urakare.jp/column/night-care/self-esteem-embrace","","appears 232 times"
"200 no error","https://urakare.jp/column/jofu-guide/jofu-misconceptions","","appears 156 times"
"200 no error","https://urakare.jp/og-recruit-2026.jpg","","appears 14 times"
"200 no error","https://urakare.jp/_next/image?url=/recruit-hero.jpg&w=640&q=85&dpl=dpl_7WTW9QoqRCZeqgUAy1hmqp4Xg7s6","","appears 7 times"
"200 no error","https://urakare.jp/_next/image?url=/recruit-hero.jpg&w=750&q=85&dpl=dpl_7WTW9QoqRCZeqgUAy1hmqp4Xg7s6","","appears 7 times"
"200 no error","https://urakare.jp/_next/image?url=/recruit-hero.jpg&w=828&q=85&dpl=dpl_7WTW9QoqRCZeqgUAy1hmqp4Xg7s6","","appears 7 times"
"200 no error","https://urakare.jp/_next/image?url=/recruit-hero.jpg&w=1080&q=85&dpl=dpl_7WTW9QoqRCZeqgUAy1hmqp4Xg7s6","","appears 7 times"
"200 no error","https://urakare.jp/_next/image?url=/recruit-hero.jpg&w=1200&q=85&dpl=dpl_7WTW9QoqRCZeqgUAy1hmqp4Xg7s6","","appears 7 times"
"200 no error","https://urakare.jp/_next/image?url=/recruit-hero.jpg&w=1920&q=85&dpl=dpl_7WTW9QoqRCZeqgUAy1hmqp4Xg7s6","","appears 7 times"
"200 no error","https://urakare.jp/_next/image?url=/recruit-hero.jpg&w=2048&q=85&dpl=dpl_7WTW9QoqRCZeqgUAy1hmqp4Xg7s6","","appears 7 times"
"200 no error","https://urakare.jp/_next/image?url=/recruit-hero.jpg&w=3840&q=85&dpl=dpl_7WTW9QoqRCZeqgUAy1hmqp4Xg7s6","","appears 14 times"
"200 no error","https://urakare.jp/recruit#benefits","","appears 7 times"
"200 no error","https://urakare.jp/recruit#compensation","","appears 7 times"
"200 no error","https://urakare.jp/recruit#requirements","","appears 7 times"
"200 no error","https://urakare.jp/recruit#owner-message","","appears 7 times"
"200 no error","https://urakare.jp/recruit#faq","","appears 7 times"
"200 no error","https://urakare.jp/recruit#apply","","appears 7 times"
"200 no error","https://urakare.jp/column/industry/therapist-reality","","appears 431 times"
"200 no error","https://line-harness.otudesumyiphone4s-3d3.workers.dev/r/hp-recruit?page=welcome","","appears 44 times"
"200 no error","https://urakare.jp/_next/image?url=/images/author-homare.webp&w=32&q=85&dpl=dpl_7WTW9QoqRCZeqgUAy1hmqp4Xg7s6","","appears 7 times"
"200 no error","https://urakare.jp/_next/image?url=/images/author-homare.webp&w=48&q=85&dpl=dpl_7WTW9QoqRCZeqgUAy1hmqp4Xg7s6","","appears 7 times"
"200 no error","https://urakare.jp/_next/image?url=/images/author-homare.webp&w=64&q=85&dpl=dpl_7WTW9QoqRCZeqgUAy1hmqp4Xg7s6","","appears 7 times"
"200 no error","https://urakare.jp/_next/image?url=/images/author-homare.webp&w=96&q=85&dpl=dpl_7WTW9QoqRCZeqgUAy1hmqp4Xg7s6","","appears 7 times"
"200 no error","https://urakare.jp/_next/image?url=/images/author-homare.webp&w=128&q=85&dpl=dpl_7WTW9QoqRCZeqgUAy1hmqp4Xg7s6","","appears 7 times"
"200 no error","https://urakare.jp/_next/image?url=/images/author-homare.webp&w=256&q=85&dpl=dpl_7WTW9QoqRCZeqgUAy1hmqp4Xg7s6","","appears 7 times"
"200 no error","https://urakare.jp/_next/image?url=/images/author-homare.webp&w=384&q=85&dpl=dpl_7WTW9QoqRCZeqgUAy1hmqp4Xg7s6","","appears 7 times"
"200 no error","https://urakare.jp/_next/image?url=/images/author-homare.webp&w=640&q=85&dpl=dpl_7WTW9QoqRCZeqgUAy1hmqp4Xg7s6","","appears 7 times"
"200 no error","https://urakare.jp/_next/image?url=/images/author-homare.webp&w=750&q=85&dpl=dpl_7WTW9QoqRCZeqgUAy1hmqp4Xg7s6","","appears 7 times"
"200 no error","https://urakare.jp/_next/image?url=/images/author-homare.webp&w=828&q=85&dpl=dpl_7WTW9QoqRCZeqgUAy1hmqp4Xg7s6","","appears 7 times"
"200 no error","https://urakare.jp/_next/image?url=/images/author-homare.webp&w=1080&q=85&dpl=dpl_7WTW9QoqRCZeqgUAy1hmqp4Xg7s6","","appears 7 times"
"200 no error","https://urakare.jp/_next/image?url=/images/author-homare.webp&w=1200&q=85&dpl=dpl_7WTW9QoqRCZeqgUAy1hmqp4Xg7s6","","appears 7 times"
"200 no error","https://urakare.jp/_next/image?url=/images/author-homare.webp&w=1920&q=85&dpl=dpl_7WTW9QoqRCZeqgUAy1hmqp4Xg7s6","","appears 7 times"
"200 no error","https://urakare.jp/_next/image?url=/images/author-homare.webp&w=2048&q=85&dpl=dpl_7WTW9QoqRCZeqgUAy1hmqp4Xg7s6","","appears 7 times"
"200 no error","https://urakare.jp/_next/image?url=/images/author-homare.webp&w=3840&q=85&dpl=dpl_7WTW9QoqRCZeqgUAy1hmqp4Xg7s6","","appears 14 times"
"200 no error","https://urakare.jp/_next/image?url=https://kemvfhztndsfrqqecfkf.supabase.co/storage/v1/object/public/column-images/therapist-income/hero.webp&w=256&q=85","","appears 7 times"
"200 no error","https://urakare.jp/_next/image?url=https://kemvfhztndsfrqqecfkf.supabase.co/storage/v1/object/public/column-images/therapist-income/hero.webp&w=384&q=85","","appears 7 times"
"200 no error","https://urakare.jp/_next/image?url=https://kemvfhztndsfrqqecfkf.supabase.co/storage/v1/object/public/column-images/therapist-income/hero.webp&w=640&q=85","","appears 7 times"
"200 no error","https://urakare.jp/_next/image?url=https://kemvfhztndsfrqqecfkf.supabase.co/storage/v1/object/public/column-images/therapist-income/hero.webp&w=750&q=85","","appears 7 times"
"200 no error","https://urakare.jp/_next/image?url=https://kemvfhztndsfrqqecfkf.supabase.co/storage/v1/object/public/column-images/therapist-income/hero.webp&w=828&q=85","","appears 7 times"
"200 no error","https://urakare.jp/_next/image?url=https://kemvfhztndsfrqqecfkf.supabase.co/storage/v1/object/public/column-images/therapist-income/hero.webp&w=1080&q=85","","appears 7 times"
"200 no error","https://urakare.jp/_next/image?url=https://kemvfhztndsfrqqecfkf.supabase.co/storage/v1/object/public/column-images/therapist-income/hero.webp&w=1200&q=85","","appears 7 times"
"200 no error","https://urakare.jp/_next/image?url=https://kemvfhztndsfrqqecfkf.supabase.co/storage/v1/object/public/column-images/therapist-income/hero.webp&w=1920&q=85","","appears 7 times"
"200 no error","https://urakare.jp/_next/image?url=https://kemvfhztndsfrqqecfkf.supabase.co/storage/v1/object/public/column-images/therapist-income/hero.webp&w=2048&q=85","","appears 7 times"
"200 no error","https://urakare.jp/_next/image?url=https://kemvfhztndsfrqqecfkf.supabase.co/storage/v1/object/public/column-images/therapist-income/hero.webp&w=3840&q=85","","appears 14 times"
"200 no error","https://urakare.jp/_next/image?url=https://kemvfhztndsfrqqecfkf.supabase.co/storage/v1/object/public/column-images/therapist-reality/hero.webp&w=256&q=85","","appears 7 times"
"200 no error","https://urakare.jp/_next/image?url=https://kemvfhztndsfrqqecfkf.supabase.co/storage/v1/object/public/column-images/therapist-reality/hero.webp&w=384&q=85","","appears 7 times"
"200 no error","https://urakare.jp/_next/image?url=https://kemvfhztndsfrqqecfkf.supabase.co/storage/v1/object/public/column-images/therapist-reality/hero.webp&w=640&q=85","","appears 7 times"
"200 no error","https://urakare.jp/_next/image?url=https://kemvfhztndsfrqqecfkf.supabase.co/storage/v1/object/public/column-images/therapist-reality/hero.webp&w=750&q=85","","appears 7 times"
"200 no error","https://urakare.jp/_next/image?url=https://kemvfhztndsfrqqecfkf.supabase.co/storage/v1/object/public/column-images/therapist-reality/hero.webp&w=828&q=85","","appears 7 times"
"200 no error","https://urakare.jp/_next/image?url=https://kemvfhztndsfrqqecfkf.supabase.co/storage/v1/object/public/column-images/therapist-reality/hero.webp&w=1080&q=85","","appears 7 times"
"200 no error","https://urakare.jp/_next/image?url=https://kemvfhztndsfrqqecfkf.supabase.co/storage/v1/object/public/column-images/therapist-reality/hero.webp&w=1200&q=85","","appears 7 times"
"200 no error","https://urakare.jp/_next/image?url=https://kemvfhztndsfrqqecfkf.supabase.co/storage/v1/object/public/column-images/therapist-reality/hero.webp&w=1920&q=85","","appears 7 times"
"200 no error","https://urakare.jp/_next/image?url=https://kemvfhztndsfrqqecfkf.supabase.co/storage/v1/object/public/column-images/therapist-reality/hero.webp&w=2048&q=85","","appears 7 times"
"200 no error","https://urakare.jp/_next/image?url=https://kemvfhztndsfrqqecfkf.supabase.co/storage/v1/object/public/column-images/therapist-reality/hero.webp&w=3840&q=85","","appears 14 times"
"200 no error","https://urakare.jp/_next/image?url=https://kemvfhztndsfrqqecfkf.supabase.co/storage/v1/object/public/column-images/therapist-mental-care/hero.webp&w=256&q=85","","appears 7 times"
"200 no error","https://urakare.jp/_next/image?url=https://kemvfhztndsfrqqecfkf.supabase.co/storage/v1/object/public/column-images/therapist-mental-care/hero.webp&w=384&q=85","","appears 7 times"
"200 no error","https://urakare.jp/_next/image?url=https://kemvfhztndsfrqqecfkf.supabase.co/storage/v1/object/public/column-images/therapist-mental-care/hero.webp&w=640&q=85","","appears 7 times"
"200 no error","https://urakare.jp/_next/image?url=https://kemvfhztndsfrqqecfkf.supabase.co/storage/v1/object/public/column-images/therapist-mental-care/hero.webp&w=750&q=85","","appears 7 times"
"200 no error","https://urakare.jp/_next/image?url=https://kemvfhztndsfrqqecfkf.supabase.co/storage/v1/object/public/column-images/therapist-mental-care/hero.webp&w=828&q=85","","appears 7 times"
"200 no error","https://urakare.jp/_next/image?url=https://kemvfhztndsfrqqecfkf.supabase.co/storage/v1/object/public/column-images/therapist-mental-care/hero.webp&w=1080&q=85","","appears 7 times"
"200 no error","https://urakare.jp/_next/image?url=https://kemvfhztndsfrqqecfkf.supabase.co/storage/v1/object/public/column-images/therapist-mental-care/hero.webp&w=1200&q=85","","appears 7 times"
"200 no error","https://urakare.jp/_next/image?url=https://kemvfhztndsfrqqecfkf.supabase.co/storage/v1/object/public/column-images/therapist-mental-care/hero.webp&w=1920&q=85","","appears 7 times"
"200 no error","https://urakare.jp/_next/image?url=https://kemvfhztndsfrqqecfkf.supabase.co/storage/v1/object/public/column-images/therapist-mental-care/hero.webp&w=2048&q=85","","appears 7 times"
"200 no error","https://urakare.jp/_next/image?url=https://kemvfhztndsfrqqecfkf.supabase.co/storage/v1/object/public/column-images/therapist-mental-care/hero.webp&w=3840&q=85","","appears 14 times"
"200 no error","https://urakare.jp/column/industry/therapist-mental-care","","appears 162 times"
"200 no error","https://urakare.jp/_next/image?url=https://kemvfhztndsfrqqecfkf.supabase.co/storage/v1/object/public/column-images/male-lifelong-skills/hero-v2.webp&w=256&q=85","","appears 7 times"
"200 no error","https://urakare.jp/_next/image?url=https://kemvfhztndsfrqqecfkf.supabase.co/storage/v1/object/public/column-images/male-lifelong-skills/hero-v2.webp&w=384&q=85","","appears 7 times"
"200 no error","https://urakare.jp/_next/image?url=https://kemvfhztndsfrqqecfkf.supabase.co/storage/v1/object/public/column-images/male-lifelong-skills/hero-v2.webp&w=640&q=85","","appears 7 times"
"200 no error","https://urakare.jp/_next/image?url=https://kemvfhztndsfrqqecfkf.supabase.co/storage/v1/object/public/column-images/male-lifelong-skills/hero-v2.webp&w=750&q=85","","appears 7 times"
"200 no error","https://urakare.jp/_next/image?url=https://kemvfhztndsfrqqecfkf.supabase.co/storage/v1/object/public/column-images/male-lifelong-skills/hero-v2.webp&w=828&q=85","","appears 7 times"
"200 no error","https://urakare.jp/_next/image?url=https://kemvfhztndsfrqqecfkf.supabase.co/storage/v1/object/public/column-images/male-lifelong-skills/hero-v2.webp&w=1080&q=85","","appears 7 times"
"200 no error","https://urakare.jp/_next/image?url=https://kemvfhztndsfrqqecfkf.supabase.co/storage/v1/object/public/column-images/male-lifelong-skills/hero-v2.webp&w=1200&q=85","","appears 7 times"
"200 no error","https://urakare.jp/_next/image?url=https://kemvfhztndsfrqqecfkf.supabase.co/storage/v1/object/public/column-images/male-lifelong-skills/hero-v2.webp&w=1920&q=85","","appears 7 times"
"200 no error","https://urakare.jp/_next/image?url=https://kemvfhztndsfrqqecfkf.supabase.co/storage/v1/object/public/column-images/male-lifelong-skills/hero-v2.webp&w=2048&q=85","","appears 7 times"
"200 no error","https://urakare.jp/_next/image?url=https://kemvfhztndsfrqqecfkf.supabase.co/storage/v1/object/public/column-images/male-lifelong-skills/hero-v2.webp&w=3840&q=85","","appears 14 times"
"200 no error","https://urakare.jp/_next/image?url=https://kemvfhztndsfrqqecfkf.supabase.co/storage/v1/object/public/therapist-images/1/a5149d01-94b3-4854-8fb5-d00cdbb37689.webp&w=64&q=75","","https://urakare.jp/reviews"
"200 no error","https://urakare.jp/_next/image?url=https://kemvfhztndsfrqqecfkf.supabase.co/storage/v1/object/public/therapist-images/1/a5149d01-94b3-4854-8fb5-d00cdbb37689.webp&w=128&q=75","","appears 2 times"
"200 no error","https://urakare.jp/therapist/1/reviews","","appears 143 times"
"200 no error","https://urakare.jp/_next/image?url=https://kemvfhztndsfrqqecfkf.supabase.co/storage/v1/object/public/therapist-images/4/avatar_4bedfa41-7fd3-4939-96de-7091532ff608.webp&w=64&q=75","","https://urakare.jp/reviews"
"200 no error","https://urakare.jp/_next/image?url=https://kemvfhztndsfrqqecfkf.supabase.co/storage/v1/object/public/therapist-images/4/avatar_4bedfa41-7fd3-4939-96de-7091532ff608.webp&w=128&q=75","","appears 2 times"
"200 no error","https://urakare.jp/therapist/4/reviews","","appears 21 times"
"200 no error","https://urakare.jp/_next/image?url=https://kemvfhztndsfrqqecfkf.supabase.co/storage/v1/object/public/therapist-images/4/avatar_4bedfa41-7fd3-4939-96de-7091532ff608.webp&w=96&q=75","","appears 12 times"
"200 no error","https://urakare.jp/_next/image?url=https://kemvfhztndsfrqqecfkf.supabase.co/storage/v1/object/public/therapist-images/4/avatar_4bedfa41-7fd3-4939-96de-7091532ff608.webp&w=256&q=75","","appears 24 times"
"200 no error","https://urakare.jp/_next/image?url=https://kemvfhztndsfrqqecfkf.supabase.co/storage/v1/object/public/therapist-images/1/a5149d01-94b3-4854-8fb5-d00cdbb37689.webp&w=96&q=75","","appears 134 times"
"200 no error","https://urakare.jp/_next/image?url=https://kemvfhztndsfrqqecfkf.supabase.co/storage/v1/object/public/therapist-images/1/a5149d01-94b3-4854-8fb5-d00cdbb37689.webp&w=256&q=75","","appears 268 times"
"200 no error","https://urakare.jp/og-monitor-free-2026.jpg","","appears 2 times"
"200 no error","https://urakare.jp/_next/image?url=/monitor/jofu-monitor-hero.webp&w=640&q=85&dpl=dpl_7WTW9QoqRCZeqgUAy1hmqp4Xg7s6","","https://urakare.jp/monitor"
"200 no error","https://urakare.jp/_next/image?url=/monitor/jofu-monitor-hero.webp&w=750&q=85&dpl=dpl_7WTW9QoqRCZeqgUAy1hmqp4Xg7s6","","https://urakare.jp/monitor"
"200 no error","https://urakare.jp/_next/image?url=/monitor/jofu-monitor-hero.webp&w=828&q=85&dpl=dpl_7WTW9QoqRCZeqgUAy1hmqp4Xg7s6","","https://urakare.jp/monitor"
"200 no error","https://urakare.jp/_next/image?url=/monitor/jofu-monitor-hero.webp&w=1080&q=85&dpl=dpl_7WTW9QoqRCZeqgUAy1hmqp4Xg7s6","","https://urakare.jp/monitor"
"200 no error","https://urakare.jp/_next/image?url=/monitor/jofu-monitor-hero.webp&w=1200&q=85&dpl=dpl_7WTW9QoqRCZeqgUAy1hmqp4Xg7s6","","https://urakare.jp/monitor"
"200 no error","https://urakare.jp/_next/image?url=/monitor/jofu-monitor-hero.webp&w=1920&q=85&dpl=dpl_7WTW9QoqRCZeqgUAy1hmqp4Xg7s6","","https://urakare.jp/monitor"
"200 no error","https://urakare.jp/_next/image?url=/monitor/jofu-monitor-hero.webp&w=2048&q=85&dpl=dpl_7WTW9QoqRCZeqgUAy1hmqp4Xg7s6","","https://urakare.jp/monitor"
"200 no error","https://urakare.jp/_next/image?url=/monitor/jofu-monitor-hero.webp&w=3840&q=85&dpl=dpl_7WTW9QoqRCZeqgUAy1hmqp4Xg7s6","","appears 2 times"
"200 no error","https://line-harness.otudesumyiphone4s-3d3.workers.dev/r/hp-monitor","","appears 5 times"
"200 no error","https://urakare.jp/banner-referral.webp","","appears 2 times"
"200 no error","https://urakare.jp/_next/image?url=/banner-referral.webp&w=640&q=75&dpl=dpl_7WTW9QoqRCZeqgUAy1hmqp4Xg7s6","","https://urakare.jp/referral"
"200 no error","https://urakare.jp/_next/image?url=/banner-referral.webp&w=750&q=75&dpl=dpl_7WTW9QoqRCZeqgUAy1hmqp4Xg7s6","","https://urakare.jp/referral"
"200 no error","https://urakare.jp/_next/image?url=/banner-referral.webp&w=828&q=75&dpl=dpl_7WTW9QoqRCZeqgUAy1hmqp4Xg7s6","","https://urakare.jp/referral"
"200 no error","https://urakare.jp/_next/image?url=/banner-referral.webp&w=1080&q=75&dpl=dpl_7WTW9QoqRCZeqgUAy1hmqp4Xg7s6","","https://urakare.jp/referral"
"200 no error","https://urakare.jp/_next/image?url=/banner-referral.webp&w=1200&q=75&dpl=dpl_7WTW9QoqRCZeqgUAy1hmqp4Xg7s6","","https://urakare.jp/referral"
"200 no error","https://urakare.jp/_next/image?url=/banner-referral.webp&w=1920&q=75&dpl=dpl_7WTW9QoqRCZeqgUAy1hmqp4Xg7s6","","https://urakare.jp/referral"
"200 no error","https://urakare.jp/_next/image?url=/banner-referral.webp&w=2048&q=75&dpl=dpl_7WTW9QoqRCZeqgUAy1hmqp4Xg7s6","","https://urakare.jp/referral"
"200 no error","https://urakare.jp/_next/image?url=/banner-referral.webp&w=3840&q=75&dpl=dpl_7WTW9QoqRCZeqgUAy1hmqp4Xg7s6","","appears 2 times"
"200 no error","https://line-harness.otudesumyiphone4s-3d3.workers.dev/r/hp-referral","","appears 6 times"
"200 no error","https://urakare.jp/_next/image?url=/images/referral/scene-1.webp&w=256&q=75&dpl=dpl_7WTW9QoqRCZeqgUAy1hmqp4Xg7s6","","https://urakare.jp/referral"
"200 no error","https://urakare.jp/_next/image?url=/images/referral/scene-1.webp&w=384&q=75&dpl=dpl_7WTW9QoqRCZeqgUAy1hmqp4Xg7s6","","https://urakare.jp/referral"
"200 no error","https://urakare.jp/_next/image?url=/images/referral/scene-1.webp&w=640&q=75&dpl=dpl_7WTW9QoqRCZeqgUAy1hmqp4Xg7s6","","https://urakare.jp/referral"
"200 no error","https://urakare.jp/_next/image?url=/images/referral/scene-1.webp&w=750&q=75&dpl=dpl_7WTW9QoqRCZeqgUAy1hmqp4Xg7s6","","https://urakare.jp/referral"
"200 no error","https://urakare.jp/_next/image?url=/images/referral/scene-1.webp&w=828&q=75&dpl=dpl_7WTW9QoqRCZeqgUAy1hmqp4Xg7s6","","https://urakare.jp/referral"
"200 no error","https://urakare.jp/_next/image?url=/images/referral/scene-1.webp&w=1080&q=75&dpl=dpl_7WTW9QoqRCZeqgUAy1hmqp4Xg7s6","","https://urakare.jp/referral"
"200 no error","https://urakare.jp/_next/image?url=/images/referral/scene-1.webp&w=1200&q=75&dpl=dpl_7WTW9QoqRCZeqgUAy1hmqp4Xg7s6","","https://urakare.jp/referral"
"200 no error","https://urakare.jp/_next/image?url=/images/referral/scene-1.webp&w=1920&q=75&dpl=dpl_7WTW9QoqRCZeqgUAy1hmqp4Xg7s6","","https://urakare.jp/referral"
"200 no error","https://urakare.jp/_next/image?url=/images/referral/scene-1.webp&w=2048&q=75&dpl=dpl_7WTW9QoqRCZeqgUAy1hmqp4Xg7s6","","https://urakare.jp/referral"
"200 no error","https://urakare.jp/_next/image?url=/images/referral/scene-1.webp&w=3840&q=75&dpl=dpl_7WTW9QoqRCZeqgUAy1hmqp4Xg7s6","","appears 2 times"
"200 no error","https://urakare.jp/_next/image?url=/images/referral/scene-2.webp&w=256&q=75&dpl=dpl_7WTW9QoqRCZeqgUAy1hmqp4Xg7s6","","https://urakare.jp/referral"
"200 no error","https://urakare.jp/_next/image?url=/images/referral/scene-2.webp&w=384&q=75&dpl=dpl_7WTW9QoqRCZeqgUAy1hmqp4Xg7s6","","https://urakare.jp/referral"
"200 no error","https://urakare.jp/_next/image?url=/images/referral/scene-2.webp&w=640&q=75&dpl=dpl_7WTW9QoqRCZeqgUAy1hmqp4Xg7s6","","https://urakare.jp/referral"
"200 no error","https://urakare.jp/_next/image?url=/images/referral/scene-2.webp&w=750&q=75&dpl=dpl_7WTW9QoqRCZeqgUAy1hmqp4Xg7s6","","https://urakare.jp/referral"
"200 no error","https://urakare.jp/_next/image?url=/images/referral/scene-2.webp&w=828&q=75&dpl=dpl_7WTW9QoqRCZeqgUAy1hmqp4Xg7s6","","https://urakare.jp/referral"
"200 no error","https://urakare.jp/_next/image?url=/images/referral/scene-2.webp&w=1080&q=75&dpl=dpl_7WTW9QoqRCZeqgUAy1hmqp4Xg7s6","","https://urakare.jp/referral"
"200 no error","https://urakare.jp/_next/image?url=/images/referral/scene-2.webp&w=1200&q=75&dpl=dpl_7WTW9QoqRCZeqgUAy1hmqp4Xg7s6","","https://urakare.jp/referral"
"200 no error","https://urakare.jp/_next/image?url=/images/referral/scene-2.webp&w=1920&q=75&dpl=dpl_7WTW9QoqRCZeqgUAy1hmqp4Xg7s6","","https://urakare.jp/referral"
"200 no error","https://urakare.jp/_next/image?url=/images/referral/scene-2.webp&w=2048&q=75&dpl=dpl_7WTW9QoqRCZeqgUAy1hmqp4Xg7s6","","https://urakare.jp/referral"
"200 no error","https://urakare.jp/_next/image?url=/images/referral/scene-2.webp&w=3840&q=75&dpl=dpl_7WTW9QoqRCZeqgUAy1hmqp4Xg7s6","","appears 2 times"
"200 no error","https://urakare.jp/_next/image?url=/images/referral/scene-3.webp&w=256&q=75&dpl=dpl_7WTW9QoqRCZeqgUAy1hmqp4Xg7s6","","https://urakare.jp/referral"
"200 no error","https://urakare.jp/_next/image?url=/images/referral/scene-3.webp&w=384&q=75&dpl=dpl_7WTW9QoqRCZeqgUAy1hmqp4Xg7s6","","https://urakare.jp/referral"
"200 no error","https://urakare.jp/_next/image?url=/images/referral/scene-3.webp&w=640&q=75&dpl=dpl_7WTW9QoqRCZeqgUAy1hmqp4Xg7s6","","https://urakare.jp/referral"
"200 no error","https://urakare.jp/_next/image?url=/images/referral/scene-3.webp&w=750&q=75&dpl=dpl_7WTW9QoqRCZeqgUAy1hmqp4Xg7s6","","https://urakare.jp/referral"
"200 no error","https://urakare.jp/_next/image?url=/images/referral/scene-3.webp&w=828&q=75&dpl=dpl_7WTW9QoqRCZeqgUAy1hmqp4Xg7s6","","https://urakare.jp/referral"
"200 no error","https://urakare.jp/_next/image?url=/images/referral/scene-3.webp&w=1080&q=75&dpl=dpl_7WTW9QoqRCZeqgUAy1hmqp4Xg7s6","","https://urakare.jp/referral"
"200 no error","https://urakare.jp/_next/image?url=/images/referral/scene-3.webp&w=1200&q=75&dpl=dpl_7WTW9QoqRCZeqgUAy1hmqp4Xg7s6","","https://urakare.jp/referral"
"200 no error","https://urakare.jp/_next/image?url=/images/referral/scene-3.webp&w=1920&q=75&dpl=dpl_7WTW9QoqRCZeqgUAy1hmqp4Xg7s6","","https://urakare.jp/referral"
"200 no error","https://urakare.jp/_next/image?url=/images/referral/scene-3.webp&w=2048&q=75&dpl=dpl_7WTW9QoqRCZeqgUAy1hmqp4Xg7s6","","https://urakare.jp/referral"
"200 no error","https://urakare.jp/_next/image?url=/images/referral/scene-3.webp&w=3840&q=75&dpl=dpl_7WTW9QoqRCZeqgUAy1hmqp4Xg7s6","","appears 2 times"
"200 no error","https://kemvfhztndsfrqqecfkf.supabase.co/storage/v1/object/public/therapist-images/4/949aac4f-bf0b-4546-8063-3aade5c87955.webp","","appears 4 times"
"200 no error","https://urakare.jp/therapist/4#schedule","","appears 4 times"
"200 no error","https://urakare.jp/therapist/4#diary","","appears 4 times"
"200 no error","https://urakare.jp/therapist/4#reviews","","appears 4 times"
"200 no error","https://www.instagram.com/rei_urakare?igsh=MXdxY3hiYWdyejE4Zg==","","appears 7 times"
"200 no error","https://www.tiktok.com/@rei_urakare?_r=1&_t=ZS-98NFxzDnpcP","","appears 7 times"
"200 no error","https://urakare.jp/therapist/4/reviews/post","","appears 5 times"
"200 no error","https://urakare.jp/therapist/4/diary","","appears 13 times"
"200 no error","https://kemvfhztndsfrqqecfkf.supabase.co/storage/v1/object/public/diary-images/4/img_c9111148-a90c-4f14-95e5-71eb3c50f345.webp","","appears 19 times"
"200 no error","https://urakare.jp/therapist/4/diary/3d2b988e-62b1-42cb-9934-023c48da7063","","appears 18 times"
"200 no error","https://kemvfhztndsfrqqecfkf.supabase.co/storage/v1/object/public/diary-images/4/img_e2f45e9c-295e-417f-93ca-97d2ee1fca06.webp","","appears 19 times"
"200 no error","https://urakare.jp/therapist/4/diary/3a732f5c-ea67-4adb-b25d-3c775910c52f","","appears 18 times"
"200 no error","https://kemvfhztndsfrqqecfkf.supabase.co/storage/v1/object/public/diary-images/4/img_d7e38ca9-1d8c-4ae7-a803-9fc4ac719edc.webp","","appears 19 times"
"200 no error","https://urakare.jp/therapist/4/diary/453dc909-e93d-42a9-8b96-d7e244cc3168","","appears 18 times"
"200 no error","https://kemvfhztndsfrqqecfkf.supabase.co/storage/v1/object/public/therapist-images/1/8dcb8d8f-2158-4d1d-bdb5-ba93e5eeb68f.webp","","appears 4 times"
"200 no error","https://kemvfhztndsfrqqecfkf.supabase.co/storage/v1/object/public/therapist-images/1/b8966503-3a4e-4f60-a3c1-e13bea37f2fc.webp","","appears 4 times"
"200 no error","https://kemvfhztndsfrqqecfkf.supabase.co/storage/v1/object/public/therapist-images/1/22de6d50-e3c4-4d22-a251-4d8e352c6d88.webp","","appears 4 times"
"200 no error","https://kemvfhztndsfrqqecfkf.supabase.co/storage/v1/object/public/therapist-images/1/9b2666d7-00ce-4217-b060-c35b78dbd845.webp","","appears 4 times"
"200 no error","https://kemvfhztndsfrqqecfkf.supabase.co/storage/v1/object/public/therapist-images/1/a5149d01-94b3-4854-8fb5-d00cdbb37689.webp","","appears 7 times"
"200 no error","https://urakare.jp/therapist/1#schedule","","appears 4 times"
"200 no error","https://urakare.jp/therapist/1#diary","","appears 4 times"
"200 no error","https://urakare.jp/therapist/1#reviews","","appears 4 times"
"200 no error","https://www.instagram.com/homare_urakare","","appears 12 times"
"200 no error","https://www.tiktok.com/@homare_urakare","","appears 11 times"
"200 no error < 301 moved permanently","https://lin.ee/XHd0tfN","https://line.me/R/ti/p/@942yrzdo?ts=07111200&oat_content=url","appears 5 times"
"200 no error","https://urakare.jp/therapist/1/reviews/post","","appears 5 times"
"200 no error","https://urakare.jp/therapist/1/diary","","appears 29 times"
"200 no error","https://kemvfhztndsfrqqecfkf.supabase.co/storage/v1/object/public/diary-images/1/crop_51a1a370-d548-44ba-9083-fbf202d70b14.webp","","appears 15 times"
"200 no error","https://urakare.jp/therapist/1/diary/f78f90f4-7e5b-4923-8e0b-eadf4577b9ed","","appears 14 times"
"200 no error","https://kemvfhztndsfrqqecfkf.supabase.co/storage/v1/object/public/diary-images/1/crop_355e0542-e120-44ae-bf23-6a7de93c1e2d.webp","","appears 19 times"
"200 no error","https://urakare.jp/therapist/1/diary/e0f60397-5ff2-4e90-8d8f-5d8b9e427366","","appears 18 times"
"200 no error","https://kemvfhztndsfrqqecfkf.supabase.co/storage/v1/object/public/diary-images/1/migrated_2025-10-07-vivi.jpg","","appears 19 times"
"200 no error","https://urakare.jp/therapist/1/diary/247447c5-8518-4be8-b702-6dee1d031fc0","","appears 18 times"
"200 no error","https://kemvfhztndsfrqqecfkf.supabase.co/storage/v1/object/public/diary-images/1/migrated_2025-05-03-modelpress.jpg","","appears 18 times"
"200 no error","https://urakare.jp/therapist/1/diary/1f82bb02-95d2-4098-b050-a6e7ba3a8a0d","","appears 17 times"
"200 no error","https://kemvfhztndsfrqqecfkf.supabase.co/storage/v1/object/public/column-images/customer-interview-01/og-image.webp?v=2","","appears 14 times"
"200 no error","https://urakare.jp/_next/image?url=https://kemvfhztndsfrqqecfkf.supabase.co/storage/v1/object/public/column-images/customer-interview-01/hero.webp?v=2&w=640&q=75","","appears 7 times"
"200 no error","https://urakare.jp/_next/image?url=https://kemvfhztndsfrqqecfkf.supabase.co/storage/v1/object/public/column-images/customer-interview-01/hero.webp?v=2&w=750&q=75","","appears 7 times"
"200 no error","https://urakare.jp/_next/image?url=https://kemvfhztndsfrqqecfkf.supabase.co/storage/v1/object/public/column-images/customer-interview-01/hero.webp?v=2&w=828&q=75","","appears 7 times"
"200 no error","https://urakare.jp/_next/image?url=https://kemvfhztndsfrqqecfkf.supabase.co/storage/v1/object/public/column-images/customer-interview-01/hero.webp?v=2&w=1080&q=75","","appears 7 times"
"200 no error","https://urakare.jp/_next/image?url=https://kemvfhztndsfrqqecfkf.supabase.co/storage/v1/object/public/column-images/customer-interview-01/hero.webp?v=2&w=1200&q=75","","appears 7 times"
"200 no error","https://urakare.jp/_next/image?url=https://kemvfhztndsfrqqecfkf.supabase.co/storage/v1/object/public/column-images/customer-interview-01/hero.webp?v=2&w=1920&q=75","","appears 7 times"
"200 no error","https://urakare.jp/_next/image?url=https://kemvfhztndsfrqqecfkf.supabase.co/storage/v1/object/public/column-images/customer-interview-01/hero.webp?v=2&w=2048&q=75","","appears 7 times"
"200 no error","https://urakare.jp/_next/image?url=https://kemvfhztndsfrqqecfkf.supabase.co/storage/v1/object/public/column-images/customer-interview-01/hero.webp?v=2&w=3840&q=75","","appears 14 times"
"200 no error","https://urakare.jp/_next/image?url=https://kemvfhztndsfrqqecfkf.supabase.co/storage/v1/object/public/column-images/customer-interview-01/avatar-miku.webp&w=48&q=75","","appears 226 times"
"200 no error","https://urakare.jp/_next/image?url=https://kemvfhztndsfrqqecfkf.supabase.co/storage/v1/object/public/column-images/customer-interview-01/avatar-miku.webp&w=96&q=75","","appears 242 times"
"200 no error","https://urakare.jp/column/interview/miku","","appears 16 times"
"200 no error","https://urakare.jp/column/interview/customer-interview-01#before-booking","","appears 7 times"
"200 no error","https://urakare.jp/column/interview/customer-interview-01#first-therapist","","appears 7 times"
"200 no error","https://urakare.jp/column/interview/customer-interview-01#homare-arrives","","appears 7 times"
"200 no error","https://urakare.jp/column/interview/customer-interview-01#after-that-day","","appears 7 times"
"200 no error","https://urakare.jp/column/interview/customer-interview-01#message","","appears 7 times"
"200 no error","https://urakare.jp/column/interview/customer-interview-01#faq","","appears 7 times"
"200 no error","https://urakare.jp/_next/image?url=https://kemvfhztndsfrqqecfkf.supabase.co/storage/v1/object/public/column-images/customer-interview-01/avatar-miku.webp&w=32&q=75","","appears 210 times"
"200 no error","https://urakare.jp/_next/image?url=https://kemvfhztndsfrqqecfkf.supabase.co/storage/v1/object/public/column-images/customer-interview-01/avatar-miku.webp&w=64&q=75","","appears 210 times"
"200 no error","https://urakare.jp/_next/image?url=https://kemvfhztndsfrqqecfkf.supabase.co/storage/v1/object/public/column-images/customer-interview-01/avatar-miku.webp&w=128&q=75","","appears 211 times"
"200 no error","https://urakare.jp/_next/image?url=https://kemvfhztndsfrqqecfkf.supabase.co/storage/v1/object/public/column-images/customer-interview-01/avatar-miku.webp&w=256&q=75","","appears 212 times"
"200 no error","https://urakare.jp/_next/image?url=https://kemvfhztndsfrqqecfkf.supabase.co/storage/v1/object/public/column-images/customer-interview-01/avatar-miku.webp&w=384&q=75","","appears 210 times"
"200 no error","https://urakare.jp/_next/image?url=https://kemvfhztndsfrqqecfkf.supabase.co/storage/v1/object/public/column-images/customer-interview-01/avatar-miku.webp&w=640&q=75","","appears 210 times"
"200 no error","https://urakare.jp/_next/image?url=https://kemvfhztndsfrqqecfkf.supabase.co/storage/v1/object/public/column-images/customer-interview-01/avatar-miku.webp&w=750&q=75","","appears 210 times"
"200 no error","https://urakare.jp/_next/image?url=https://kemvfhztndsfrqqecfkf.supabase.co/storage/v1/object/public/column-images/customer-interview-01/avatar-miku.webp&w=828&q=75","","appears 210 times"
"200 no error","https://urakare.jp/_next/image?url=https://kemvfhztndsfrqqecfkf.supabase.co/storage/v1/object/public/column-images/customer-interview-01/avatar-miku.webp&w=1080&q=75","","appears 210 times"
"200 no error","https://urakare.jp/_next/image?url=https://kemvfhztndsfrqqecfkf.supabase.co/storage/v1/object/public/column-images/customer-interview-01/avatar-miku.webp&w=1200&q=75","","appears 210 times"
"200 no error","https://urakare.jp/_next/image?url=https://kemvfhztndsfrqqecfkf.supabase.co/storage/v1/object/public/column-images/customer-interview-01/avatar-miku.webp&w=1920&q=75","","appears 210 times"
"200 no error","https://urakare.jp/_next/image?url=https://kemvfhztndsfrqqecfkf.supabase.co/storage/v1/object/public/column-images/customer-interview-01/avatar-miku.webp&w=2048&q=75","","appears 210 times"
"200 no error","https://urakare.jp/_next/image?url=https://kemvfhztndsfrqqecfkf.supabase.co/storage/v1/object/public/column-images/customer-interview-01/avatar-miku.webp&w=3840&q=75","","appears 420 times"
"200 no error","https://urakare.jp/_next/image?url=https://kemvfhztndsfrqqecfkf.supabase.co/storage/v1/object/public/column-images/hajimete-guide/hero.webp&w=32&q=75","","appears 574 times"
"200 no error","https://urakare.jp/_next/image?url=https://kemvfhztndsfrqqecfkf.supabase.co/storage/v1/object/public/column-images/hajimete-guide/hero.webp&w=48&q=75","","appears 574 times"
"200 no error","https://urakare.jp/_next/image?url=https://kemvfhztndsfrqqecfkf.supabase.co/storage/v1/object/public/column-images/hajimete-guide/hero.webp&w=64&q=75","","appears 574 times"
"200 no error","https://urakare.jp/_next/image?url=https://kemvfhztndsfrqqecfkf.supabase.co/storage/v1/object/public/column-images/hajimete-guide/hero.webp&w=96&q=75","","appears 574 times"
"200 no error","https://urakare.jp/_next/image?url=https://kemvfhztndsfrqqecfkf.supabase.co/storage/v1/object/public/column-images/hajimete-guide/hero.webp&w=128&q=75","","appears 574 times"
"200 no error","https://urakare.jp/_next/image?url=https://kemvfhztndsfrqqecfkf.supabase.co/storage/v1/object/public/column-images/hajimete-guide/hero.webp&w=256&q=75","","appears 574 times"
"200 no error","https://urakare.jp/_next/image?url=https://kemvfhztndsfrqqecfkf.supabase.co/storage/v1/object/public/column-images/hajimete-guide/hero.webp&w=384&q=75","","appears 574 times"
"200 no error","https://urakare.jp/_next/image?url=https://kemvfhztndsfrqqecfkf.supabase.co/storage/v1/object/public/column-images/customer-interview-01/section-cloudy.webp&w=1200&q=75","","appears 7 times"
"200 no error","https://urakare.jp/_next/image?url=https://kemvfhztndsfrqqecfkf.supabase.co/storage/v1/object/public/column-images/customer-interview-01/section-cloudy.webp&w=3840&q=75","","appears 14 times"
"200 no error","https://urakare.jp/_next/image?url=https://kemvfhztndsfrqqecfkf.supabase.co/storage/v1/object/public/column-images/customer-interview-01/section-door.webp&w=1200&q=75","","appears 7 times"
"200 no error","https://urakare.jp/_next/image?url=https://kemvfhztndsfrqqecfkf.supabase.co/storage/v1/object/public/column-images/customer-interview-01/section-door.webp&w=3840&q=75","","appears 14 times"
"200 no error","https://urakare.jp/_next/image?url=https://kemvfhztndsfrqqecfkf.supabase.co/storage/v1/object/public/column-images/jofu-day-flow/hero.webp&w=32&q=75","","appears 375 times"
"200 no error","https://urakare.jp/_next/image?url=https://kemvfhztndsfrqqecfkf.supabase.co/storage/v1/object/public/column-images/jofu-day-flow/hero.webp&w=48&q=75","","appears 375 times"
"200 no error","https://urakare.jp/_next/image?url=https://kemvfhztndsfrqqecfkf.supabase.co/storage/v1/object/public/column-images/jofu-day-flow/hero.webp&w=64&q=75","","appears 375 times"
"200 no error","https://urakare.jp/_next/image?url=https://kemvfhztndsfrqqecfkf.supabase.co/storage/v1/object/public/column-images/jofu-day-flow/hero.webp&w=96&q=75","","appears 375 times"
"200 no error","https://urakare.jp/_next/image?url=https://kemvfhztndsfrqqecfkf.supabase.co/storage/v1/object/public/column-images/jofu-day-flow/hero.webp&w=128&q=75","","appears 375 times"
"200 no error","https://urakare.jp/_next/image?url=https://kemvfhztndsfrqqecfkf.supabase.co/storage/v1/object/public/column-images/jofu-day-flow/hero.webp&w=256&q=75","","appears 375 times"
"200 no error","https://urakare.jp/_next/image?url=https://kemvfhztndsfrqqecfkf.supabase.co/storage/v1/object/public/column-images/jofu-day-flow/hero.webp&w=384&q=75","","appears 375 times"
"200 no error","https://urakare.jp/_next/image?url=https://kemvfhztndsfrqqecfkf.supabase.co/storage/v1/object/public/column-images/jofu-day-flow/hero.webp&w=640&q=75","","appears 392 times"
"200 no error","https://urakare.jp/_next/image?url=https://kemvfhztndsfrqqecfkf.supabase.co/storage/v1/object/public/column-images/jofu-day-flow/hero.webp&w=750&q=75","","appears 392 times"
"200 no error","https://urakare.jp/_next/image?url=https://kemvfhztndsfrqqecfkf.supabase.co/storage/v1/object/public/column-images/jofu-day-flow/hero.webp&w=828&q=75","","appears 392 times"
"200 no error","https://urakare.jp/_next/image?url=https://kemvfhztndsfrqqecfkf.supabase.co/storage/v1/object/public/column-images/jofu-day-flow/hero.webp&w=1080&q=75","","appears 392 times"
"200 no error","https://urakare.jp/_next/image?url=https://kemvfhztndsfrqqecfkf.supabase.co/storage/v1/object/public/column-images/jofu-day-flow/hero.webp&w=1200&q=75","","appears 392 times"
"200 no error","https://urakare.jp/_next/image?url=https://kemvfhztndsfrqqecfkf.supabase.co/storage/v1/object/public/column-images/jofu-day-flow/hero.webp&w=1920&q=75","","appears 392 times"
"200 no error","https://urakare.jp/_next/image?url=https://kemvfhztndsfrqqecfkf.supabase.co/storage/v1/object/public/column-images/jofu-day-flow/hero.webp&w=2048&q=75","","appears 392 times"
"200 no error","https://urakare.jp/_next/image?url=https://kemvfhztndsfrqqecfkf.supabase.co/storage/v1/object/public/column-images/jofu-day-flow/hero.webp&w=3840&q=75","","appears 784 times"
"200 no error","https://urakare.jp/_next/image?url=/monitor/jofu-monitor-banner-column-v2.webp&w=640&q=85&dpl=dpl_7WTW9QoqRCZeqgUAy1hmqp4Xg7s6","","appears 517 times"
"200 no error","https://urakare.jp/_next/image?url=/monitor/jofu-monitor-banner-column-v2.webp&w=750&q=85&dpl=dpl_7WTW9QoqRCZeqgUAy1hmqp4Xg7s6","","appears 517 times"
"200 no error","https://urakare.jp/_next/image?url=/monitor/jofu-monitor-banner-column-v2.webp&w=828&q=85&dpl=dpl_7WTW9QoqRCZeqgUAy1hmqp4Xg7s6","","appears 517 times"
"200 no error","https://urakare.jp/_next/image?url=/monitor/jofu-monitor-banner-column-v2.webp&w=1080&q=85&dpl=dpl_7WTW9QoqRCZeqgUAy1hmqp4Xg7s6","","appears 517 times"
"200 no error","https://urakare.jp/_next/image?url=/monitor/jofu-monitor-banner-column-v2.webp&w=1200&q=85&dpl=dpl_7WTW9QoqRCZeqgUAy1hmqp4Xg7s6","","appears 517 times"
"200 no error","https://urakare.jp/_next/image?url=/monitor/jofu-monitor-banner-column-v2.webp&w=1920&q=85&dpl=dpl_7WTW9QoqRCZeqgUAy1hmqp4Xg7s6","","appears 517 times"
"200 no error","https://urakare.jp/_next/image?url=/monitor/jofu-monitor-banner-column-v2.webp&w=2048&q=85&dpl=dpl_7WTW9QoqRCZeqgUAy1hmqp4Xg7s6","","appears 517 times"
"200 no error","https://urakare.jp/_next/image?url=/monitor/jofu-monitor-banner-column-v2.webp&w=3840&q=85&dpl=dpl_7WTW9QoqRCZeqgUAy1hmqp4Xg7s6","","appears 1034 times"
"200 no error","https://urakare.jp/_next/image?url=https://kemvfhztndsfrqqecfkf.supabase.co/storage/v1/object/public/column-images/customer-interview-01/section-sunrise.webp&w=1200&q=75","","appears 7 times"
"200 no error","https://urakare.jp/_next/image?url=https://kemvfhztndsfrqqecfkf.supabase.co/storage/v1/object/public/column-images/customer-interview-01/section-sunrise.webp&w=3840&q=75","","appears 14 times"
"200 no error","https://urakare.jp/column/body-care/sex-pain-causes-and-self-care","","appears 155 times"
"200 no error","https://urakare.jp/_next/image?url=https://kemvfhztndsfrqqecfkf.supabase.co/storage/v1/object/public/column-images/lonely-night/hero.webp&w=32&q=75","","appears 90 times"
"200 no error","https://urakare.jp/_next/image?url=https://kemvfhztndsfrqqecfkf.supabase.co/storage/v1/object/public/column-images/lonely-night/hero.webp&w=48&q=75","","appears 90 times"
"200 no error","https://urakare.jp/_next/image?url=https://kemvfhztndsfrqqecfkf.supabase.co/storage/v1/object/public/column-images/lonely-night/hero.webp&w=64&q=75","","appears 90 times"
"200 no error","https://urakare.jp/_next/image?url=https://kemvfhztndsfrqqecfkf.supabase.co/storage/v1/object/public/column-images/lonely-night/hero.webp&w=96&q=75","","appears 90 times"
"200 no error","https://urakare.jp/_next/image?url=https://kemvfhztndsfrqqecfkf.supabase.co/storage/v1/object/public/column-images/lonely-night/hero.webp&w=128&q=75","","appears 90 times"
"200 no error","https://urakare.jp/_next/image?url=https://kemvfhztndsfrqqecfkf.supabase.co/storage/v1/object/public/column-images/lonely-night/hero.webp&w=256&q=75","","appears 90 times"
"200 no error","https://urakare.jp/_next/image?url=https://kemvfhztndsfrqqecfkf.supabase.co/storage/v1/object/public/column-images/lonely-night/hero.webp&w=384&q=75","","appears 90 times"
"200 no error","https://urakare.jp/_next/image?url=https://kemvfhztndsfrqqecfkf.supabase.co/storage/v1/object/public/column-images/lonely-night/hero.webp&w=640&q=75","","appears 99 times"
"200 no error","https://urakare.jp/_next/image?url=https://kemvfhztndsfrqqecfkf.supabase.co/storage/v1/object/public/column-images/lonely-night/hero.webp&w=750&q=75","","appears 99 times"
"200 no error","https://urakare.jp/_next/image?url=https://kemvfhztndsfrqqecfkf.supabase.co/storage/v1/object/public/column-images/lonely-night/hero.webp&w=828&q=75","","appears 99 times"
"200 no error","https://urakare.jp/_next/image?url=https://kemvfhztndsfrqqecfkf.supabase.co/storage/v1/object/public/column-images/lonely-night/hero.webp&w=1080&q=75","","appears 99 times"
"200 no error","https://urakare.jp/_next/image?url=https://kemvfhztndsfrqqecfkf.supabase.co/storage/v1/object/public/column-images/lonely-night/hero.webp&w=1200&q=75","","appears 99 times"
"200 no error","https://urakare.jp/_next/image?url=https://kemvfhztndsfrqqecfkf.supabase.co/storage/v1/object/public/column-images/lonely-night/hero.webp&w=1920&q=75","","appears 99 times"
"200 no error","https://urakare.jp/_next/image?url=https://kemvfhztndsfrqqecfkf.supabase.co/storage/v1/object/public/column-images/lonely-night/hero.webp&w=2048&q=75","","appears 99 times"
"200 no error","https://urakare.jp/_next/image?url=https://kemvfhztndsfrqqecfkf.supabase.co/storage/v1/object/public/column-images/lonely-night/hero.webp&w=3840&q=75","","appears 198 times"
"200 no error","https://urakare.jp/column/night-care/lonely-night-how-to-spend","","appears 130 times"
"200 no error","https://line-harness.otudesumyiphone4s-3d3.workers.dev/r/col-interview","","appears 134 times"
"200 no error","https://urakare.jp/_next/image?url=https://kemvfhztndsfrqqecfkf.supabase.co/storage/v1/object/public/column-images/customer-interview-02/hero.webp&w=32&q=75","","appears 42 times"
"200 no error","https://urakare.jp/_next/image?url=https://kemvfhztndsfrqqecfkf.supabase.co/storage/v1/object/public/column-images/customer-interview-02/hero.webp&w=48&q=75","","appears 42 times"
"200 no error","https://urakare.jp/_next/image?url=https://kemvfhztndsfrqqecfkf.supabase.co/storage/v1/object/public/column-images/customer-interview-02/hero.webp&w=64&q=75","","appears 42 times"
"200 no error","https://urakare.jp/_next/image?url=https://kemvfhztndsfrqqecfkf.supabase.co/storage/v1/object/public/column-images/customer-interview-02/hero.webp&w=96&q=75","","appears 42 times"
"200 no error","https://urakare.jp/_next/image?url=https://kemvfhztndsfrqqecfkf.supabase.co/storage/v1/object/public/column-images/customer-interview-02/hero.webp&w=128&q=75","","appears 42 times"
"200 no error","https://urakare.jp/_next/image?url=https://kemvfhztndsfrqqecfkf.supabase.co/storage/v1/object/public/column-images/customer-interview-02/hero.webp&w=256&q=75","","appears 42 times"
"200 no error","https://urakare.jp/_next/image?url=https://kemvfhztndsfrqqecfkf.supabase.co/storage/v1/object/public/column-images/customer-interview-02/hero.webp&w=384&q=75","","appears 43 times"
"200 no error","https://urakare.jp/_next/image?url=https://kemvfhztndsfrqqecfkf.supabase.co/storage/v1/object/public/column-images/customer-interview-02/hero.webp&w=640&q=75","","appears 68 times"
"200 no error","https://urakare.jp/_next/image?url=https://kemvfhztndsfrqqecfkf.supabase.co/storage/v1/object/public/column-images/customer-interview-02/hero.webp&w=750&q=75","","appears 66 times"
"200 no error","https://urakare.jp/_next/image?url=https://kemvfhztndsfrqqecfkf.supabase.co/storage/v1/object/public/column-images/customer-interview-02/hero.webp&w=828&q=75","","appears 66 times"
"200 no error","https://urakare.jp/_next/image?url=https://kemvfhztndsfrqqecfkf.supabase.co/storage/v1/object/public/column-images/customer-interview-02/hero.webp&w=1080&q=75","","appears 66 times"
"200 no error","https://urakare.jp/_next/image?url=https://kemvfhztndsfrqqecfkf.supabase.co/storage/v1/object/public/column-images/customer-interview-02/hero.webp&w=1200&q=75","","appears 66 times"
"200 no error","https://urakare.jp/_next/image?url=https://kemvfhztndsfrqqecfkf.supabase.co/storage/v1/object/public/column-images/customer-interview-02/hero.webp&w=1920&q=75","","appears 66 times"
"200 no error","https://urakare.jp/_next/image?url=https://kemvfhztndsfrqqecfkf.supabase.co/storage/v1/object/public/column-images/customer-interview-02/hero.webp&w=2048&q=75","","appears 66 times"
"200 no error","https://urakare.jp/_next/image?url=https://kemvfhztndsfrqqecfkf.supabase.co/storage/v1/object/public/column-images/customer-interview-02/hero.webp&w=3840&q=75","","appears 132 times"
"200 no error","https://urakare.jp/_next/image?url=https://kemvfhztndsfrqqecfkf.supabase.co/storage/v1/object/public/column-images/customer-interview-03/hero.webp&w=32&q=75","","appears 83 times"
"200 no error","https://urakare.jp/_next/image?url=https://kemvfhztndsfrqqecfkf.supabase.co/storage/v1/object/public/column-images/customer-interview-03/hero.webp&w=48&q=75","","appears 83 times"
"200 no error","https://urakare.jp/_next/image?url=https://kemvfhztndsfrqqecfkf.supabase.co/storage/v1/object/public/column-images/customer-interview-03/hero.webp&w=64&q=75","","appears 83 times"
"200 no error","https://urakare.jp/_next/image?url=https://kemvfhztndsfrqqecfkf.supabase.co/storage/v1/object/public/column-images/customer-interview-03/hero.webp&w=96&q=75","","appears 83 times"
"200 no error","https://urakare.jp/_next/image?url=https://kemvfhztndsfrqqecfkf.supabase.co/storage/v1/object/public/column-images/customer-interview-03/hero.webp&w=128&q=75","","appears 83 times"
"200 no error","https://urakare.jp/_next/image?url=https://kemvfhztndsfrqqecfkf.supabase.co/storage/v1/object/public/column-images/customer-interview-03/hero.webp&w=256&q=75","","appears 83 times"
"200 no error","https://urakare.jp/_next/image?url=https://kemvfhztndsfrqqecfkf.supabase.co/storage/v1/object/public/column-images/customer-interview-03/hero.webp&w=384&q=75","","appears 83 times"
"200 no error","https://urakare.jp/_next/image?url=https://kemvfhztndsfrqqecfkf.supabase.co/storage/v1/object/public/column-images/customer-interview-03/hero.webp&w=640&q=75","","appears 106 times"
"200 no error","https://urakare.jp/_next/image?url=https://kemvfhztndsfrqqecfkf.supabase.co/storage/v1/object/public/column-images/customer-interview-03/hero.webp&w=750&q=75","","appears 105 times"
"200 no error","https://urakare.jp/_next/image?url=https://kemvfhztndsfrqqecfkf.supabase.co/storage/v1/object/public/column-images/customer-interview-03/hero.webp&w=828&q=75","","appears 105 times"
"200 no error","https://urakare.jp/_next/image?url=https://kemvfhztndsfrqqecfkf.supabase.co/storage/v1/object/public/column-images/customer-interview-03/hero.webp&w=1080&q=75","","appears 107 times"
"200 no error","https://urakare.jp/_next/image?url=https://kemvfhztndsfrqqecfkf.supabase.co/storage/v1/object/public/column-images/customer-interview-03/hero.webp&w=1200&q=75","","appears 105 times"
"200 no error","https://urakare.jp/_next/image?url=https://kemvfhztndsfrqqecfkf.supabase.co/storage/v1/object/public/column-images/customer-interview-03/hero.webp&w=1920&q=75","","appears 105 times"
"200 no error","https://urakare.jp/_next/image?url=https://kemvfhztndsfrqqecfkf.supabase.co/storage/v1/object/public/column-images/customer-interview-03/hero.webp&w=2048&q=75","","appears 105 times"
"200 no error","https://urakare.jp/_next/image?url=https://kemvfhztndsfrqqecfkf.supabase.co/storage/v1/object/public/column-images/customer-interview-03/hero.webp&w=3840&q=75","","appears 210 times"
"200 no error","https://urakare.jp/_next/image?url=https://kemvfhztndsfrqqecfkf.supabase.co/storage/v1/object/public/column-images/customer-interview-04/hero.webp&w=32&q=75","","appears 95 times"
"200 no error","https://urakare.jp/_next/image?url=https://kemvfhztndsfrqqecfkf.supabase.co/storage/v1/object/public/column-images/customer-interview-04/hero.webp&w=48&q=75","","appears 95 times"
"200 no error","https://urakare.jp/_next/image?url=https://kemvfhztndsfrqqecfkf.supabase.co/storage/v1/object/public/column-images/customer-interview-04/hero.webp&w=64&q=75","","appears 95 times"
"200 no error","https://urakare.jp/_next/image?url=https://kemvfhztndsfrqqecfkf.supabase.co/storage/v1/object/public/column-images/customer-interview-04/hero.webp&w=96&q=75","","appears 95 times"
"200 no error","https://urakare.jp/_next/image?url=https://kemvfhztndsfrqqecfkf.supabase.co/storage/v1/object/public/column-images/customer-interview-04/hero.webp&w=128&q=75","","appears 95 times"
"200 no error","https://urakare.jp/_next/image?url=https://kemvfhztndsfrqqecfkf.supabase.co/storage/v1/object/public/column-images/customer-interview-04/hero.webp&w=256&q=75","","appears 95 times"
"200 no error","https://urakare.jp/_next/image?url=https://kemvfhztndsfrqqecfkf.supabase.co/storage/v1/object/public/column-images/customer-interview-04/hero.webp&w=384&q=75","","appears 96 times"
"200 no error","https://urakare.jp/_next/image?url=https://kemvfhztndsfrqqecfkf.supabase.co/storage/v1/object/public/column-images/hotel-anxiety/hero-v2.webp&w=32&q=75","","appears 101 times"
"200 no error","https://urakare.jp/_next/image?url=https://kemvfhztndsfrqqecfkf.supabase.co/storage/v1/object/public/column-images/hotel-anxiety/hero-v2.webp&w=48&q=75","","appears 101 times"
"200 no error","https://urakare.jp/_next/image?url=https://kemvfhztndsfrqqecfkf.supabase.co/storage/v1/object/public/column-images/hotel-anxiety/hero-v2.webp&w=64&q=75","","appears 101 times"
"200 no error","https://urakare.jp/_next/image?url=https://kemvfhztndsfrqqecfkf.supabase.co/storage/v1/object/public/column-images/hotel-anxiety/hero-v2.webp&w=96&q=75","","appears 101 times"
"200 no error","https://urakare.jp/_next/image?url=https://kemvfhztndsfrqqecfkf.supabase.co/storage/v1/object/public/column-images/hotel-anxiety/hero-v2.webp&w=128&q=75","","appears 101 times"
"200 no error","https://urakare.jp/_next/image?url=https://kemvfhztndsfrqqecfkf.supabase.co/storage/v1/object/public/column-images/hotel-anxiety/hero-v2.webp&w=256&q=75","","appears 101 times"
"200 no error","https://urakare.jp/_next/image?url=https://kemvfhztndsfrqqecfkf.supabase.co/storage/v1/object/public/column-images/hotel-anxiety/hero-v2.webp&w=384&q=75","","appears 101 times"
"200 no error","https://urakare.jp/_next/image?url=https://kemvfhztndsfrqqecfkf.supabase.co/storage/v1/object/public/column-images/hotel-anxiety/hero-v2.webp&w=640&q=75","","appears 118 times"
"200 no error","https://urakare.jp/_next/image?url=https://kemvfhztndsfrqqecfkf.supabase.co/storage/v1/object/public/column-images/hotel-anxiety/hero-v2.webp&w=750&q=75","","appears 118 times"
"200 no error","https://urakare.jp/_next/image?url=https://kemvfhztndsfrqqecfkf.supabase.co/storage/v1/object/public/column-images/hotel-anxiety/hero-v2.webp&w=828&q=75","","appears 118 times"
"200 no error","https://urakare.jp/_next/image?url=https://kemvfhztndsfrqqecfkf.supabase.co/storage/v1/object/public/column-images/hotel-anxiety/hero-v2.webp&w=1080&q=75","","appears 118 times"
"200 no error","https://urakare.jp/_next/image?url=https://kemvfhztndsfrqqecfkf.supabase.co/storage/v1/object/public/column-images/hotel-anxiety/hero-v2.webp&w=1200&q=75","","appears 118 times"
"200 no error","https://urakare.jp/_next/image?url=https://kemvfhztndsfrqqecfkf.supabase.co/storage/v1/object/public/column-images/hotel-anxiety/hero-v2.webp&w=1920&q=75","","appears 118 times"
"200 no error","https://urakare.jp/_next/image?url=https://kemvfhztndsfrqqecfkf.supabase.co/storage/v1/object/public/column-images/hotel-anxiety/hero-v2.webp&w=2048&q=75","","appears 118 times"
"200 no error","https://urakare.jp/_next/image?url=https://kemvfhztndsfrqqecfkf.supabase.co/storage/v1/object/public/column-images/hotel-anxiety/hero-v2.webp&w=3840&q=75","","appears 236 times"
"200 no error","https://urakare.jp/_next/image?url=https://kemvfhztndsfrqqecfkf.supabase.co/storage/v1/object/public/column-images/honban-real-talk/hero.webp&w=32&q=75","","appears 340 times"
"200 no error","https://urakare.jp/_next/image?url=https://kemvfhztndsfrqqecfkf.supabase.co/storage/v1/object/public/column-images/honban-real-talk/hero.webp&w=48&q=75","","appears 340 times"
"200 no error","https://urakare.jp/_next/image?url=https://kemvfhztndsfrqqecfkf.supabase.co/storage/v1/object/public/column-images/honban-real-talk/hero.webp&w=64&q=75","","appears 340 times"
"200 no error","https://urakare.jp/_next/image?url=https://kemvfhztndsfrqqecfkf.supabase.co/storage/v1/object/public/column-images/honban-real-talk/hero.webp&w=96&q=75","","appears 340 times"
"200 no error","https://urakare.jp/_next/image?url=https://kemvfhztndsfrqqecfkf.supabase.co/storage/v1/object/public/column-images/honban-real-talk/hero.webp&w=128&q=75","","appears 340 times"
"200 no error","https://urakare.jp/_next/image?url=https://kemvfhztndsfrqqecfkf.supabase.co/storage/v1/object/public/column-images/honban-real-talk/hero.webp&w=256&q=75","","appears 340 times"
"200 no error","https://urakare.jp/_next/image?url=https://kemvfhztndsfrqqecfkf.supabase.co/storage/v1/object/public/column-images/honban-real-talk/hero.webp&w=384&q=75","","appears 340 times"
"200 no error","https://urakare.jp/_next/image?url=https://kemvfhztndsfrqqecfkf.supabase.co/storage/v1/object/public/column-images/nakaiki-guide/hero.webp&w=32&q=75","","appears 368 times"
"200 no error","https://urakare.jp/_next/image?url=https://kemvfhztndsfrqqecfkf.supabase.co/storage/v1/object/public/column-images/nakaiki-guide/hero.webp&w=48&q=75","","appears 368 times"
"200 no error","https://urakare.jp/_next/image?url=https://kemvfhztndsfrqqecfkf.supabase.co/storage/v1/object/public/column-images/nakaiki-guide/hero.webp&w=64&q=75","","appears 368 times"
"200 no error","https://urakare.jp/_next/image?url=https://kemvfhztndsfrqqecfkf.supabase.co/storage/v1/object/public/column-images/nakaiki-guide/hero.webp&w=96&q=75","","appears 368 times"
"200 no error","https://urakare.jp/_next/image?url=https://kemvfhztndsfrqqecfkf.supabase.co/storage/v1/object/public/column-images/nakaiki-guide/hero.webp&w=128&q=75","","appears 368 times"
"200 no error","https://urakare.jp/_next/image?url=https://kemvfhztndsfrqqecfkf.supabase.co/storage/v1/object/public/column-images/nakaiki-guide/hero.webp&w=256&q=75","","appears 368 times"
"200 no error","https://urakare.jp/_next/image?url=https://kemvfhztndsfrqqecfkf.supabase.co/storage/v1/object/public/column-images/nakaiki-guide/hero.webp&w=384&q=75","","appears 368 times"
"200 no error","https://urakare.jp/_next/image?url=https://kemvfhztndsfrqqecfkf.supabase.co/storage/v1/object/public/column-images/therapist-reality/hero.webp&w=32&q=75","","appears 322 times"
"200 no error","https://urakare.jp/_next/image?url=https://kemvfhztndsfrqqecfkf.supabase.co/storage/v1/object/public/column-images/therapist-reality/hero.webp&w=48&q=75","","appears 322 times"
"200 no error","https://urakare.jp/_next/image?url=https://kemvfhztndsfrqqecfkf.supabase.co/storage/v1/object/public/column-images/therapist-reality/hero.webp&w=64&q=75","","appears 322 times"
"200 no error","https://urakare.jp/_next/image?url=https://kemvfhztndsfrqqecfkf.supabase.co/storage/v1/object/public/column-images/therapist-reality/hero.webp&w=96&q=75","","appears 322 times"
"200 no error","https://urakare.jp/_next/image?url=https://kemvfhztndsfrqqecfkf.supabase.co/storage/v1/object/public/column-images/therapist-reality/hero.webp&w=128&q=75","","appears 322 times"
"200 no error","https://urakare.jp/_next/image?url=https://kemvfhztndsfrqqecfkf.supabase.co/storage/v1/object/public/column-images/therapist-reality/hero.webp&w=256&q=75","","appears 322 times"
"200 no error","https://urakare.jp/_next/image?url=https://kemvfhztndsfrqqecfkf.supabase.co/storage/v1/object/public/column-images/therapist-reality/hero.webp&w=384&q=75","","appears 322 times"
"200 no error","https://urakare.jp/_next/image?url=https://kemvfhztndsfrqqecfkf.supabase.co/storage/v1/object/public/column-images/therapist-reality/hero.webp&w=640&q=75","","appears 325 times"
"200 no error","https://urakare.jp/_next/image?url=https://kemvfhztndsfrqqecfkf.supabase.co/storage/v1/object/public/column-images/therapist-reality/hero.webp&w=750&q=75","","appears 325 times"
"200 no error","https://urakare.jp/_next/image?url=https://kemvfhztndsfrqqecfkf.supabase.co/storage/v1/object/public/column-images/therapist-reality/hero.webp&w=828&q=75","","appears 325 times"
"200 no error","https://urakare.jp/_next/image?url=https://kemvfhztndsfrqqecfkf.supabase.co/storage/v1/object/public/column-images/therapist-reality/hero.webp&w=1080&q=75","","appears 325 times"
"200 no error","https://urakare.jp/_next/image?url=https://kemvfhztndsfrqqecfkf.supabase.co/storage/v1/object/public/column-images/therapist-reality/hero.webp&w=1200&q=75","","appears 325 times"
"200 no error","https://urakare.jp/_next/image?url=https://kemvfhztndsfrqqecfkf.supabase.co/storage/v1/object/public/column-images/therapist-reality/hero.webp&w=1920&q=75","","appears 325 times"
"200 no error","https://urakare.jp/_next/image?url=https://kemvfhztndsfrqqecfkf.supabase.co/storage/v1/object/public/column-images/therapist-reality/hero.webp&w=2048&q=75","","appears 325 times"
"200 no error","https://urakare.jp/_next/image?url=https://kemvfhztndsfrqqecfkf.supabase.co/storage/v1/object/public/column-images/therapist-reality/hero.webp&w=3840&q=75","","appears 650 times"
"200 no error","https://urakare.jp/_next/image?url=https://kemvfhztndsfrqqecfkf.supabase.co/storage/v1/object/public/column-images/partner-jofu/hero.webp&w=32&q=75","","appears 272 times"
"200 no error","https://urakare.jp/_next/image?url=https://kemvfhztndsfrqqecfkf.supabase.co/storage/v1/object/public/column-images/partner-jofu/hero.webp&w=48&q=75","","appears 272 times"
"200 no error","https://urakare.jp/_next/image?url=https://kemvfhztndsfrqqecfkf.supabase.co/storage/v1/object/public/column-images/partner-jofu/hero.webp&w=64&q=75","","appears 272 times"
"200 no error","https://urakare.jp/_next/image?url=https://kemvfhztndsfrqqecfkf.supabase.co/storage/v1/object/public/column-images/partner-jofu/hero.webp&w=96&q=75","","appears 272 times"
"200 no error","https://urakare.jp/_next/image?url=https://kemvfhztndsfrqqecfkf.supabase.co/storage/v1/object/public/column-images/partner-jofu/hero.webp&w=128&q=75","","appears 272 times"
"200 no error","https://urakare.jp/_next/image?url=https://kemvfhztndsfrqqecfkf.supabase.co/storage/v1/object/public/column-images/partner-jofu/hero.webp&w=256&q=75","","appears 272 times"
"200 no error","https://urakare.jp/_next/image?url=https://kemvfhztndsfrqqecfkf.supabase.co/storage/v1/object/public/column-images/partner-jofu/hero.webp&w=384&q=75","","appears 272 times"
"200 no error","https://urakare.jp/_next/image?url=https://kemvfhztndsfrqqecfkf.supabase.co/storage/v1/object/public/column-images/partner-jofu/hero.webp&w=640&q=75","","appears 289 times"
"200 no error","https://urakare.jp/_next/image?url=https://kemvfhztndsfrqqecfkf.supabase.co/storage/v1/object/public/column-images/partner-jofu/hero.webp&w=750&q=75","","appears 289 times"
"200 no error","https://urakare.jp/_next/image?url=https://kemvfhztndsfrqqecfkf.supabase.co/storage/v1/object/public/column-images/partner-jofu/hero.webp&w=828&q=75","","appears 289 times"
"200 no error","https://urakare.jp/_next/image?url=https://kemvfhztndsfrqqecfkf.supabase.co/storage/v1/object/public/column-images/partner-jofu/hero.webp&w=1080&q=75","","appears 289 times"
"200 no error","https://urakare.jp/_next/image?url=https://kemvfhztndsfrqqecfkf.supabase.co/storage/v1/object/public/column-images/partner-jofu/hero.webp&w=1200&q=75","","appears 289 times"
"200 no error","https://urakare.jp/_next/image?url=https://kemvfhztndsfrqqecfkf.supabase.co/storage/v1/object/public/column-images/partner-jofu/hero.webp&w=1920&q=75","","appears 289 times"
"200 no error","https://urakare.jp/_next/image?url=https://kemvfhztndsfrqqecfkf.supabase.co/storage/v1/object/public/column-images/partner-jofu/hero.webp&w=2048&q=75","","appears 289 times"
"200 no error","https://urakare.jp/_next/image?url=https://kemvfhztndsfrqqecfkf.supabase.co/storage/v1/object/public/column-images/partner-jofu/hero.webp&w=3840&q=75","","appears 578 times"
"200 no error","https://kemvfhztndsfrqqecfkf.supabase.co/storage/v1/object/public/column-images/customer-interview-03/og-image.webp","","appears 14 times"
"200 no error","https://urakare.jp/column/interview/customer-interview-03#first-experience","","appears 7 times"
"200 no error","https://urakare.jp/column/interview/customer-interview-03#before-booking","","appears 7 times"
"200 no error","https://urakare.jp/column/interview/customer-interview-03#recommend","","appears 7 times"
"200 no error","https://urakare.jp/column/interview/customer-interview-03#self-change","","appears 7 times"
"200 no error","https://urakare.jp/column/interview/customer-interview-03#message","","appears 7 times"
"200 no error","https://urakare.jp/column/interview/customer-interview-03#faq","","appears 7 times"
"200 no error","https://urakare.jp/_next/image?url=https://kemvfhztndsfrqqecfkf.supabase.co/storage/v1/object/public/column-images/customer-interview-03/section-relief.webp&w=1200&q=75","","appears 7 times"
"200 no error","https://urakare.jp/_next/image?url=https://kemvfhztndsfrqqecfkf.supabase.co/storage/v1/object/public/column-images/customer-interview-03/section-relief.webp&w=3840&q=75","","appears 14 times"
"200 no error","https://urakare.jp/_next/image?url=https://kemvfhztndsfrqqecfkf.supabase.co/storage/v1/object/public/column-images/customer-interview-03/avatar-m.webp&w=32&q=75","","appears 56 times"
"200 no error","https://urakare.jp/_next/image?url=https://kemvfhztndsfrqqecfkf.supabase.co/storage/v1/object/public/column-images/customer-interview-03/avatar-m.webp&w=48&q=75","","appears 56 times"
"200 no error","https://urakare.jp/_next/image?url=https://kemvfhztndsfrqqecfkf.supabase.co/storage/v1/object/public/column-images/customer-interview-03/avatar-m.webp&w=64&q=75","","appears 56 times"
"200 no error","https://urakare.jp/_next/image?url=https://kemvfhztndsfrqqecfkf.supabase.co/storage/v1/object/public/column-images/customer-interview-03/avatar-m.webp&w=96&q=75","","appears 56 times"
"200 no error","https://urakare.jp/_next/image?url=https://kemvfhztndsfrqqecfkf.supabase.co/storage/v1/object/public/column-images/customer-interview-03/avatar-m.webp&w=128&q=75","","appears 56 times"
"200 no error","https://urakare.jp/_next/image?url=https://kemvfhztndsfrqqecfkf.supabase.co/storage/v1/object/public/column-images/customer-interview-03/avatar-m.webp&w=256&q=75","","appears 56 times"
"200 no error","https://urakare.jp/_next/image?url=https://kemvfhztndsfrqqecfkf.supabase.co/storage/v1/object/public/column-images/customer-interview-03/avatar-m.webp&w=384&q=75","","appears 56 times"
"200 no error","https://urakare.jp/_next/image?url=https://kemvfhztndsfrqqecfkf.supabase.co/storage/v1/object/public/column-images/customer-interview-03/avatar-m.webp&w=640&q=75","","appears 56 times"
"200 no error","https://urakare.jp/_next/image?url=https://kemvfhztndsfrqqecfkf.supabase.co/storage/v1/object/public/column-images/customer-interview-03/avatar-m.webp&w=750&q=75","","appears 56 times"
"200 no error","https://urakare.jp/_next/image?url=https://kemvfhztndsfrqqecfkf.supabase.co/storage/v1/object/public/column-images/customer-interview-03/avatar-m.webp&w=828&q=75","","appears 56 times"
"200 no error","https://urakare.jp/_next/image?url=https://kemvfhztndsfrqqecfkf.supabase.co/storage/v1/object/public/column-images/customer-interview-03/avatar-m.webp&w=1080&q=75","","appears 56 times"
"200 no error","https://urakare.jp/_next/image?url=https://kemvfhztndsfrqqecfkf.supabase.co/storage/v1/object/public/column-images/customer-interview-03/avatar-m.webp&w=1200&q=75","","appears 56 times"
"200 no error","https://urakare.jp/_next/image?url=https://kemvfhztndsfrqqecfkf.supabase.co/storage/v1/object/public/column-images/customer-interview-03/avatar-m.webp&w=1920&q=75","","appears 56 times"
"200 no error","https://urakare.jp/_next/image?url=https://kemvfhztndsfrqqecfkf.supabase.co/storage/v1/object/public/column-images/customer-interview-03/avatar-m.webp&w=2048&q=75","","appears 56 times"
"200 no error","https://urakare.jp/_next/image?url=https://kemvfhztndsfrqqecfkf.supabase.co/storage/v1/object/public/column-images/customer-interview-03/avatar-m.webp&w=3840&q=75","","appears 112 times"
"200 no error","https://urakare.jp/_next/image?url=https://kemvfhztndsfrqqecfkf.supabase.co/storage/v1/object/public/column-images/customer-interview-03/section-hesitation.webp&w=1200&q=75","","appears 7 times"
"200 no error","https://urakare.jp/_next/image?url=https://kemvfhztndsfrqqecfkf.supabase.co/storage/v1/object/public/column-images/customer-interview-03/section-hesitation.webp&w=3840&q=75","","appears 14 times"
"200 no error","https://urakare.jp/_next/image?url=https://kemvfhztndsfrqqecfkf.supabase.co/storage/v1/object/public/column-images/jofu-30dai-guide/hero.webp&w=32&q=75","","appears 37 times"
"200 no error","https://urakare.jp/_next/image?url=https://kemvfhztndsfrqqecfkf.supabase.co/storage/v1/object/public/column-images/jofu-30dai-guide/hero.webp&w=48&q=75","","appears 37 times"
"200 no error","https://urakare.jp/_next/image?url=https://kemvfhztndsfrqqecfkf.supabase.co/storage/v1/object/public/column-images/jofu-30dai-guide/hero.webp&w=64&q=75","","appears 37 times"
"200 no error","https://urakare.jp/_next/image?url=https://kemvfhztndsfrqqecfkf.supabase.co/storage/v1/object/public/column-images/jofu-30dai-guide/hero.webp&w=96&q=75","","appears 37 times"
"200 no error","https://urakare.jp/_next/image?url=https://kemvfhztndsfrqqecfkf.supabase.co/storage/v1/object/public/column-images/jofu-30dai-guide/hero.webp&w=128&q=75","","appears 37 times"
"200 no error","https://urakare.jp/_next/image?url=https://kemvfhztndsfrqqecfkf.supabase.co/storage/v1/object/public/column-images/jofu-30dai-guide/hero.webp&w=256&q=75","","appears 37 times"
"200 no error","https://urakare.jp/_next/image?url=https://kemvfhztndsfrqqecfkf.supabase.co/storage/v1/object/public/column-images/jofu-30dai-guide/hero.webp&w=384&q=75","","appears 37 times"
"200 no error","https://urakare.jp/_next/image?url=https://kemvfhztndsfrqqecfkf.supabase.co/storage/v1/object/public/column-images/jofu-30dai-guide/hero.webp&w=640&q=75","","appears 55 times"
"200 no error","https://urakare.jp/_next/image?url=https://kemvfhztndsfrqqecfkf.supabase.co/storage/v1/object/public/column-images/jofu-30dai-guide/hero.webp&w=750&q=75","","appears 55 times"
"200 no error","https://urakare.jp/_next/image?url=https://kemvfhztndsfrqqecfkf.supabase.co/storage/v1/object/public/column-images/jofu-30dai-guide/hero.webp&w=828&q=75","","appears 55 times"
"200 no error","https://urakare.jp/_next/image?url=https://kemvfhztndsfrqqecfkf.supabase.co/storage/v1/object/public/column-images/jofu-30dai-guide/hero.webp&w=1080&q=75","","appears 55 times"
"200 no error","https://urakare.jp/_next/image?url=https://kemvfhztndsfrqqecfkf.supabase.co/storage/v1/object/public/column-images/jofu-30dai-guide/hero.webp&w=1200&q=75","","appears 55 times"
"200 no error","https://urakare.jp/_next/image?url=https://kemvfhztndsfrqqecfkf.supabase.co/storage/v1/object/public/column-images/jofu-30dai-guide/hero.webp&w=1920&q=75","","appears 55 times"
"200 no error","https://urakare.jp/_next/image?url=https://kemvfhztndsfrqqecfkf.supabase.co/storage/v1/object/public/column-images/jofu-30dai-guide/hero.webp&w=2048&q=75","","appears 55 times"
"200 no error","https://urakare.jp/_next/image?url=https://kemvfhztndsfrqqecfkf.supabase.co/storage/v1/object/public/column-images/jofu-30dai-guide/hero.webp&w=3840&q=75","","appears 110 times"
"200 no error","https://urakare.jp/_next/image?url=https://kemvfhztndsfrqqecfkf.supabase.co/storage/v1/object/public/column-images/customer-interview-03/section-bloom.webp&w=1200&q=75","","appears 7 times"
"200 no error","https://urakare.jp/_next/image?url=https://kemvfhztndsfrqqecfkf.supabase.co/storage/v1/object/public/column-images/customer-interview-03/section-bloom.webp&w=3840&q=75","","appears 14 times"
"200 no error","https://urakare.jp/_next/image?url=https://kemvfhztndsfrqqecfkf.supabase.co/storage/v1/object/public/column-images/self-esteem-embrace/hero.webp&w=32&q=75","","appears 158 times"
"200 no error","https://urakare.jp/_next/image?url=https://kemvfhztndsfrqqecfkf.supabase.co/storage/v1/object/public/column-images/self-esteem-embrace/hero.webp&w=48&q=75","","appears 158 times"
"200 no error","https://urakare.jp/_next/image?url=https://kemvfhztndsfrqqecfkf.supabase.co/storage/v1/object/public/column-images/self-esteem-embrace/hero.webp&w=64&q=75","","appears 158 times"
"200 no error","https://urakare.jp/_next/image?url=https://kemvfhztndsfrqqecfkf.supabase.co/storage/v1/object/public/column-images/self-esteem-embrace/hero.webp&w=96&q=75","","appears 158 times"
"200 no error","https://urakare.jp/_next/image?url=https://kemvfhztndsfrqqecfkf.supabase.co/storage/v1/object/public/column-images/self-esteem-embrace/hero.webp&w=128&q=75","","appears 158 times"
"200 no error","https://urakare.jp/_next/image?url=https://kemvfhztndsfrqqecfkf.supabase.co/storage/v1/object/public/column-images/self-esteem-embrace/hero.webp&w=256&q=75","","appears 158 times"
"200 no error","https://urakare.jp/_next/image?url=https://kemvfhztndsfrqqecfkf.supabase.co/storage/v1/object/public/column-images/self-esteem-embrace/hero.webp&w=384&q=75","","appears 158 times"
"200 no error","https://urakare.jp/_next/image?url=https://kemvfhztndsfrqqecfkf.supabase.co/storage/v1/object/public/column-images/self-esteem-embrace/hero.webp&w=640&q=75","","appears 170 times"
"200 no error","https://urakare.jp/_next/image?url=https://kemvfhztndsfrqqecfkf.supabase.co/storage/v1/object/public/column-images/self-esteem-embrace/hero.webp&w=750&q=75","","appears 170 times"
"200 no error","https://urakare.jp/_next/image?url=https://kemvfhztndsfrqqecfkf.supabase.co/storage/v1/object/public/column-images/self-esteem-embrace/hero.webp&w=828&q=75","","appears 170 times"
"200 no error","https://urakare.jp/_next/image?url=https://kemvfhztndsfrqqecfkf.supabase.co/storage/v1/object/public/column-images/self-esteem-embrace/hero.webp&w=1080&q=75","","appears 170 times"
"200 no error","https://urakare.jp/_next/image?url=https://kemvfhztndsfrqqecfkf.supabase.co/storage/v1/object/public/column-images/self-esteem-embrace/hero.webp&w=1200&q=75","","appears 170 times"
"200 no error","https://urakare.jp/_next/image?url=https://kemvfhztndsfrqqecfkf.supabase.co/storage/v1/object/public/column-images/self-esteem-embrace/hero.webp&w=1920&q=75","","appears 170 times"
"200 no error","https://urakare.jp/_next/image?url=https://kemvfhztndsfrqqecfkf.supabase.co/storage/v1/object/public/column-images/self-esteem-embrace/hero.webp&w=2048&q=75","","appears 170 times"
"200 no error","https://urakare.jp/_next/image?url=https://kemvfhztndsfrqqecfkf.supabase.co/storage/v1/object/public/column-images/self-esteem-embrace/hero.webp&w=3840&q=75","","appears 340 times"
"200 no error","https://kemvfhztndsfrqqecfkf.supabase.co/storage/v1/object/public/column-images/customer-interview-02/og-image.webp","","appears 18 times"
"200 no error","https://urakare.jp/column/interview/customer-interview-02#self-promise","","appears 9 times"
"200 no error","https://urakare.jp/column/interview/customer-interview-02#why-she-moved","","appears 9 times"
"200 no error","https://urakare.jp/column/interview/customer-interview-02#chain-reaction","","appears 9 times"
"200 no error","https://urakare.jp/column/interview/customer-interview-02#flowers-and-room","","appears 9 times"
"200 no error","https://urakare.jp/column/interview/customer-interview-02#not-unhappy-not-satisfied","","appears 9 times"
"200 no error","https://urakare.jp/column/interview/customer-interview-02#worthy-of-standing-beside","","appears 9 times"
"200 no error","https://urakare.jp/column/interview/customer-interview-02#message-vol2","","appears 9 times"
"200 no error","https://urakare.jp/column/interview/customer-interview-02#faq","","appears 9 times"
"200 no error","https://urakare.jp/_next/image?url=https://kemvfhztndsfrqqecfkf.supabase.co/storage/v1/object/public/column-images/customer-interview-02/section-running.webp&w=1200&q=75","","appears 9 times"
"200 no error","https://urakare.jp/_next/image?url=https://kemvfhztndsfrqqecfkf.supabase.co/storage/v1/object/public/column-images/customer-interview-02/section-running.webp&w=3840&q=75","","appears 18 times"
"200 no error","https://kemvfhztndsfrqqecfkf.supabase.co/storage/v1/object/public/column-images/customer-interview-04/og-image.webp?v=2","","appears 24 times"
"200 no error","https://urakare.jp/_next/image?url=https://kemvfhztndsfrqqecfkf.supabase.co/storage/v1/object/public/column-images/customer-interview-04/hero.webp?v=2&w=640&q=75","","appears 12 times"
"200 no error","https://urakare.jp/_next/image?url=https://kemvfhztndsfrqqecfkf.supabase.co/storage/v1/object/public/column-images/customer-interview-04/hero.webp?v=2&w=750&q=75","","appears 12 times"
"200 no error","https://urakare.jp/_next/image?url=https://kemvfhztndsfrqqecfkf.supabase.co/storage/v1/object/public/column-images/customer-interview-04/hero.webp?v=2&w=828&q=75","","appears 12 times"
"200 no error","https://urakare.jp/_next/image?url=https://kemvfhztndsfrqqecfkf.supabase.co/storage/v1/object/public/column-images/customer-interview-04/hero.webp?v=2&w=1080&q=75","","appears 12 times"
"200 no error","https://urakare.jp/_next/image?url=https://kemvfhztndsfrqqecfkf.supabase.co/storage/v1/object/public/column-images/customer-interview-04/hero.webp?v=2&w=1200&q=75","","appears 12 times"
"200 no error","https://urakare.jp/_next/image?url=https://kemvfhztndsfrqqecfkf.supabase.co/storage/v1/object/public/column-images/customer-interview-04/hero.webp?v=2&w=1920&q=75","","appears 12 times"
"200 no error","https://urakare.jp/_next/image?url=https://kemvfhztndsfrqqecfkf.supabase.co/storage/v1/object/public/column-images/customer-interview-04/hero.webp?v=2&w=2048&q=75","","appears 12 times"
"200 no error","https://urakare.jp/_next/image?url=https://kemvfhztndsfrqqecfkf.supabase.co/storage/v1/object/public/column-images/customer-interview-04/hero.webp?v=2&w=3840&q=75","","appears 24 times"
"200 no error","https://urakare.jp/_next/image?url=https://kemvfhztndsfrqqecfkf.supabase.co/storage/v1/object/public/column-images/customer-interview-04/full.webp&w=48&q=75","","appears 12 times"
"200 no error","https://urakare.jp/_next/image?url=https://kemvfhztndsfrqqecfkf.supabase.co/storage/v1/object/public/column-images/customer-interview-04/full.webp&w=96&q=75","","appears 24 times"
"200 no error","https://urakare.jp/column/interview/aya","","appears 12 times"
"200 no error","https://urakare.jp/column/interview/customer-interview-04#the-core","","appears 12 times"
"200 no error","https://urakare.jp/column/interview/customer-interview-04#discovery","","appears 12 times"
"200 no error","https://urakare.jp/column/interview/customer-interview-04#between","","appears 12 times"
"200 no error","https://urakare.jp/column/interview/customer-interview-04#second-catch","","appears 12 times"
"200 no error","https://urakare.jp/column/interview/customer-interview-04#nikoichi","","appears 12 times"
"200 no error","https://urakare.jp/column/interview/customer-interview-04#first-visit","","appears 12 times"
"200 no error","https://urakare.jp/column/interview/customer-interview-04#atari-hazure","","appears 12 times"
"200 no error","https://urakare.jp/column/interview/customer-interview-04#zero-guilt","","appears 12 times"
"200 no error","https://urakare.jp/column/interview/customer-interview-04#therapist-eye","","appears 12 times"
"200 no error","https://urakare.jp/column/interview/customer-interview-04#message","","appears 12 times"
"200 no error","https://urakare.jp/column/interview/customer-interview-04#faq","","appears 12 times"
"200 no error","https://urakare.jp/_next/image?url=https://kemvfhztndsfrqqecfkf.supabase.co/storage/v1/object/public/column-images/customer-interview-04/avatar.webp&w=32&q=75","","appears 444 times"
"200 no error","https://urakare.jp/_next/image?url=https://kemvfhztndsfrqqecfkf.supabase.co/storage/v1/object/public/column-images/customer-interview-04/avatar.webp&w=48&q=75","","appears 444 times"
"200 no error","https://urakare.jp/_next/image?url=https://kemvfhztndsfrqqecfkf.supabase.co/storage/v1/object/public/column-images/customer-interview-04/avatar.webp&w=64&q=75","","appears 444 times"
"200 no error","https://urakare.jp/_next/image?url=https://kemvfhztndsfrqqecfkf.supabase.co/storage/v1/object/public/column-images/customer-interview-04/avatar.webp&w=96&q=75","","appears 444 times"
"200 no error","https://urakare.jp/_next/image?url=https://kemvfhztndsfrqqecfkf.supabase.co/storage/v1/object/public/column-images/customer-interview-04/avatar.webp&w=128&q=75","","appears 444 times"
"200 no error","https://urakare.jp/_next/image?url=https://kemvfhztndsfrqqecfkf.supabase.co/storage/v1/object/public/column-images/customer-interview-04/avatar.webp&w=256&q=75","","appears 444 times"
"200 no error","https://urakare.jp/_next/image?url=https://kemvfhztndsfrqqecfkf.supabase.co/storage/v1/object/public/column-images/customer-interview-04/avatar.webp&w=384&q=75","","appears 444 times"
"200 no error","https://urakare.jp/_next/image?url=https://kemvfhztndsfrqqecfkf.supabase.co/storage/v1/object/public/column-images/customer-interview-04/avatar.webp&w=640&q=75","","appears 444 times"
"200 no error","https://urakare.jp/_next/image?url=https://kemvfhztndsfrqqecfkf.supabase.co/storage/v1/object/public/column-images/customer-interview-04/avatar.webp&w=750&q=75","","appears 444 times"
"200 no error","https://urakare.jp/_next/image?url=https://kemvfhztndsfrqqecfkf.supabase.co/storage/v1/object/public/column-images/customer-interview-04/avatar.webp&w=828&q=75","","appears 444 times"
"200 no error","https://urakare.jp/_next/image?url=https://kemvfhztndsfrqqecfkf.supabase.co/storage/v1/object/public/column-images/customer-interview-04/avatar.webp&w=1080&q=75","","appears 444 times"
"200 no error","https://urakare.jp/_next/image?url=https://kemvfhztndsfrqqecfkf.supabase.co/storage/v1/object/public/column-images/customer-interview-04/avatar.webp&w=1200&q=75","","appears 444 times"
"200 no error","https://urakare.jp/_next/image?url=https://kemvfhztndsfrqqecfkf.supabase.co/storage/v1/object/public/column-images/customer-interview-04/avatar.webp&w=1920&q=75","","appears 444 times"
"200 no error","https://urakare.jp/_next/image?url=https://kemvfhztndsfrqqecfkf.supabase.co/storage/v1/object/public/column-images/customer-interview-04/avatar.webp&w=2048&q=75","","appears 444 times"
"200 no error","https://urakare.jp/_next/image?url=https://kemvfhztndsfrqqecfkf.supabase.co/storage/v1/object/public/column-images/customer-interview-04/avatar.webp&w=3840&q=75","","appears 888 times"
"200 no error","https://urakare.jp/_next/image?url=https://kemvfhztndsfrqqecfkf.supabase.co/storage/v1/object/public/column-images/customer-interview-04/section-discovery.webp?v=4&w=1200&q=75","","appears 12 times"
"200 no error","https://urakare.jp/_next/image?url=https://kemvfhztndsfrqqecfkf.supabase.co/storage/v1/object/public/column-images/customer-interview-04/section-discovery.webp?v=4&w=3840&q=75","","appears 24 times"
"200 no error","https://urakare.jp/_next/image?url=https://kemvfhztndsfrqqecfkf.supabase.co/storage/v1/object/public/column-images/customer-interview-04/line-group-1.webp?v=2&w=1080&q=75","","appears 12 times"
"200 no error","https://urakare.jp/_next/image?url=https://kemvfhztndsfrqqecfkf.supabase.co/storage/v1/object/public/column-images/customer-interview-04/line-group-1.webp?v=2&w=1920&q=75","","appears 24 times"
"200 no error","https://urakare.jp/_next/image?url=https://kemvfhztndsfrqqecfkf.supabase.co/storage/v1/object/public/column-images/customer-interview-04/line-group-2.webp?v=1&w=1080&q=75","","appears 12 times"
"200 no error","https://urakare.jp/_next/image?url=https://kemvfhztndsfrqqecfkf.supabase.co/storage/v1/object/public/column-images/customer-interview-04/line-group-2.webp?v=1&w=1920&q=75","","appears 24 times"
"200 no error","https://urakare.jp/_next/image?url=https://kemvfhztndsfrqqecfkf.supabase.co/storage/v1/object/public/column-images/customer-interview-04/line-1on1.webp?v=1&w=1080&q=75","","appears 12 times"
"200 no error","https://urakare.jp/_next/image?url=https://kemvfhztndsfrqqecfkf.supabase.co/storage/v1/object/public/column-images/customer-interview-04/line-1on1.webp?v=1&w=1920&q=75","","appears 24 times"
"200 no error","https://urakare.jp/_next/image?url=https://kemvfhztndsfrqqecfkf.supabase.co/storage/v1/object/public/column-images/customer-interview-04/section-freedom.webp&w=1200&q=75","","appears 12 times"
"200 no error","https://urakare.jp/_next/image?url=https://kemvfhztndsfrqqecfkf.supabase.co/storage/v1/object/public/column-images/customer-interview-04/section-freedom.webp&w=3840&q=75","","appears 24 times"
"200 no error","https://urakare.jp/column/self-pleasure/guilt-free-self-pleasure","","appears 276 times"
"200 no error","https://urakare.jp/_next/image?url=https://kemvfhztndsfrqqecfkf.supabase.co/storage/v1/object/public/column-images/customer-interview-04/section-professional.webp?v=3&w=1200&q=75","","appears 12 times"
"200 no error","https://urakare.jp/_next/image?url=https://kemvfhztndsfrqqecfkf.supabase.co/storage/v1/object/public/column-images/customer-interview-04/section-professional.webp?v=3&w=3840&q=75","","appears 24 times"
"200 no error","https://kemvfhztndsfrqqecfkf.supabase.co/storage/v1/object/public/column-images/hajimete-guide/og-image.jpg","","appears 18 times"
"200 no error","https://urakare.jp/column/jofu-guide/hajimete-guide#what-is","","appears 9 times"
"200 no error","https://urakare.jp/column/jofu-guide/hajimete-guide#flow","","appears 9 times"
"200 no error","https://urakare.jp/column/jofu-guide/hajimete-guide#price","","appears 9 times"
"200 no error","https://urakare.jp/column/jofu-guide/hajimete-guide#faq","","appears 9 times"
"200 no error","https://urakare.jp/column/jofu-guide/hajimete-guide#voice","","appears 9 times"
"200 no error","https://urakare.jp/column/jofu-guide/hajimete-guide#choose","","appears 9 times"
"200 no error","https://urakare.jp/column/jofu-guide/hajimete-guide#courage","","appears 9 times"
"200 no error","https://urakare.jp/column/jofu-guide/hajimete-guide#last","","appears 9 times"
"200 no error","https://urakare.jp/_next/image?url=https://kemvfhztndsfrqqecfkf.supabase.co/storage/v1/object/public/column-images/partner-jofu/section-therapist.webp&w=640&q=75","","appears 9 times"
"200 no error","https://urakare.jp/_next/image?url=https://kemvfhztndsfrqqecfkf.supabase.co/storage/v1/object/public/column-images/partner-jofu/section-therapist.webp&w=750&q=75","","appears 9 times"
"200 no error","https://urakare.jp/_next/image?url=https://kemvfhztndsfrqqecfkf.supabase.co/storage/v1/object/public/column-images/partner-jofu/section-therapist.webp&w=828&q=75","","appears 9 times"
"200 no error","https://urakare.jp/_next/image?url=https://kemvfhztndsfrqqecfkf.supabase.co/storage/v1/object/public/column-images/partner-jofu/section-therapist.webp&w=1080&q=75","","appears 9 times"
"200 no error","https://urakare.jp/_next/image?url=https://kemvfhztndsfrqqecfkf.supabase.co/storage/v1/object/public/column-images/partner-jofu/section-therapist.webp&w=1200&q=75","","appears 9 times"
"200 no error","https://urakare.jp/_next/image?url=https://kemvfhztndsfrqqecfkf.supabase.co/storage/v1/object/public/column-images/partner-jofu/section-therapist.webp&w=1920&q=75","","appears 9 times"
"200 no error","https://urakare.jp/_next/image?url=https://kemvfhztndsfrqqecfkf.supabase.co/storage/v1/object/public/column-images/partner-jofu/section-therapist.webp&w=2048&q=75","","appears 9 times"
"200 no error","https://urakare.jp/_next/image?url=https://kemvfhztndsfrqqecfkf.supabase.co/storage/v1/object/public/column-images/partner-jofu/section-therapist.webp&w=3840&q=75","","appears 18 times"
"200 no error","https://urakare.jp/_next/image?url=https://kemvfhztndsfrqqecfkf.supabase.co/storage/v1/object/public/column-images/hajimete-guide/flow-infographic.webp?v=2&w=640&q=75","","appears 9 times"
"200 no error","https://urakare.jp/_next/image?url=https://kemvfhztndsfrqqecfkf.supabase.co/storage/v1/object/public/column-images/hajimete-guide/flow-infographic.webp?v=2&w=750&q=75","","appears 9 times"
"200 no error","https://urakare.jp/_next/image?url=https://kemvfhztndsfrqqecfkf.supabase.co/storage/v1/object/public/column-images/hajimete-guide/flow-infographic.webp?v=2&w=828&q=75","","appears 9 times"
"200 no error","https://urakare.jp/_next/image?url=https://kemvfhztndsfrqqecfkf.supabase.co/storage/v1/object/public/column-images/hajimete-guide/flow-infographic.webp?v=2&w=1080&q=75","","appears 9 times"
"200 no error","https://urakare.jp/_next/image?url=https://kemvfhztndsfrqqecfkf.supabase.co/storage/v1/object/public/column-images/hajimete-guide/flow-infographic.webp?v=2&w=1200&q=75","","appears 9 times"
"200 no error","https://urakare.jp/_next/image?url=https://kemvfhztndsfrqqecfkf.supabase.co/storage/v1/object/public/column-images/hajimete-guide/flow-infographic.webp?v=2&w=1920&q=75","","appears 9 times"
"200 no error","https://urakare.jp/_next/image?url=https://kemvfhztndsfrqqecfkf.supabase.co/storage/v1/object/public/column-images/hajimete-guide/flow-infographic.webp?v=2&w=2048&q=75","","appears 9 times"
"200 no error","https://urakare.jp/_next/image?url=https://kemvfhztndsfrqqecfkf.supabase.co/storage/v1/object/public/column-images/hajimete-guide/flow-infographic.webp?v=2&w=3840&q=75","","appears 18 times"
"200 no error","https://urakare.jp/_next/image?url=https://kemvfhztndsfrqqecfkf.supabase.co/storage/v1/object/public/column-images/hajimete-guide/qa-anxiety.webp&w=640&q=75","","appears 9 times"
"200 no error","https://urakare.jp/_next/image?url=https://kemvfhztndsfrqqecfkf.supabase.co/storage/v1/object/public/column-images/hajimete-guide/qa-anxiety.webp&w=750&q=75","","appears 9 times"
"200 no error","https://urakare.jp/_next/image?url=https://kemvfhztndsfrqqecfkf.supabase.co/storage/v1/object/public/column-images/hajimete-guide/qa-anxiety.webp&w=828&q=75","","appears 9 times"
"200 no error","https://urakare.jp/_next/image?url=https://kemvfhztndsfrqqecfkf.supabase.co/storage/v1/object/public/column-images/hajimete-guide/qa-anxiety.webp&w=1080&q=75","","appears 9 times"
"200 no error","https://urakare.jp/_next/image?url=https://kemvfhztndsfrqqecfkf.supabase.co/storage/v1/object/public/column-images/hajimete-guide/qa-anxiety.webp&w=1200&q=75","","appears 9 times"
"200 no error","https://urakare.jp/_next/image?url=https://kemvfhztndsfrqqecfkf.supabase.co/storage/v1/object/public/column-images/hajimete-guide/qa-anxiety.webp&w=1920&q=75","","appears 9 times"
"200 no error","https://urakare.jp/_next/image?url=https://kemvfhztndsfrqqecfkf.supabase.co/storage/v1/object/public/column-images/hajimete-guide/qa-anxiety.webp&w=2048&q=75","","appears 9 times"
"200 no error","https://urakare.jp/_next/image?url=https://kemvfhztndsfrqqecfkf.supabase.co/storage/v1/object/public/column-images/hajimete-guide/qa-anxiety.webp&w=3840&q=75","","appears 18 times"
"200 no error","https://urakare.jp/_next/image?url=https://kemvfhztndsfrqqecfkf.supabase.co/storage/v1/object/public/column-images/hajimete-guide/healing-moment.webp&w=640&q=75","","appears 9 times"
"200 no error","https://urakare.jp/_next/image?url=https://kemvfhztndsfrqqecfkf.supabase.co/storage/v1/object/public/column-images/hajimete-guide/healing-moment.webp&w=750&q=75","","appears 9 times"
"200 no error","https://urakare.jp/_next/image?url=https://kemvfhztndsfrqqecfkf.supabase.co/storage/v1/object/public/column-images/hajimete-guide/healing-moment.webp&w=828&q=75","","appears 9 times"
"200 no error","https://urakare.jp/_next/image?url=https://kemvfhztndsfrqqecfkf.supabase.co/storage/v1/object/public/column-images/hajimete-guide/healing-moment.webp&w=1080&q=75","","appears 9 times"
"200 no error","https://urakare.jp/_next/image?url=https://kemvfhztndsfrqqecfkf.supabase.co/storage/v1/object/public/column-images/hajimete-guide/healing-moment.webp&w=1200&q=75","","appears 9 times"
"200 no error","https://urakare.jp/_next/image?url=https://kemvfhztndsfrqqecfkf.supabase.co/storage/v1/object/public/column-images/hajimete-guide/healing-moment.webp&w=1920&q=75","","appears 9 times"
"200 no error","https://urakare.jp/_next/image?url=https://kemvfhztndsfrqqecfkf.supabase.co/storage/v1/object/public/column-images/hajimete-guide/healing-moment.webp&w=2048&q=75","","appears 9 times"
"200 no error","https://urakare.jp/_next/image?url=https://kemvfhztndsfrqqecfkf.supabase.co/storage/v1/object/public/column-images/hajimete-guide/healing-moment.webp&w=3840&q=75","","appears 18 times"
"200 no error","https://urakare.jp/column/interview/customer-interview-05","","appears 19 times"
"200 no error","https://urakare.jp/_next/image?url=https://kemvfhztndsfrqqecfkf.supabase.co/storage/v1/object/public/column-images/hajimete-guide/warmth.webp&w=640&q=75","","appears 9 times"
"200 no error","https://urakare.jp/_next/image?url=https://kemvfhztndsfrqqecfkf.supabase.co/storage/v1/object/public/column-images/hajimete-guide/warmth.webp&w=750&q=75","","appears 9 times"
"200 no error","https://urakare.jp/_next/image?url=https://kemvfhztndsfrqqecfkf.supabase.co/storage/v1/object/public/column-images/hajimete-guide/warmth.webp&w=828&q=75","","appears 9 times"
"200 no error","https://urakare.jp/_next/image?url=https://kemvfhztndsfrqqecfkf.supabase.co/storage/v1/object/public/column-images/hajimete-guide/warmth.webp&w=1080&q=75","","appears 9 times"
"200 no error","https://urakare.jp/_next/image?url=https://kemvfhztndsfrqqecfkf.supabase.co/storage/v1/object/public/column-images/hajimete-guide/warmth.webp&w=1200&q=75","","appears 9 times"
"200 no error","https://urakare.jp/_next/image?url=https://kemvfhztndsfrqqecfkf.supabase.co/storage/v1/object/public/column-images/hajimete-guide/warmth.webp&w=1920&q=75","","appears 9 times"
"200 no error","https://urakare.jp/_next/image?url=https://kemvfhztndsfrqqecfkf.supabase.co/storage/v1/object/public/column-images/hajimete-guide/warmth.webp&w=2048&q=75","","appears 9 times"
"200 no error","https://urakare.jp/_next/image?url=https://kemvfhztndsfrqqecfkf.supabase.co/storage/v1/object/public/column-images/hajimete-guide/warmth.webp&w=3840&q=75","","appears 18 times"
"200 no error","https://line-harness.otudesumyiphone4s-3d3.workers.dev/r/col-jofu","","appears 227 times"
"200 no error","https://kemvfhztndsfrqqecfkf.supabase.co/storage/v1/object/public/column-images/jofu-shop-guide/og-image.jpg","","appears 20 times"
"200 no error","https://shufufu.jp/16377/","","appears 63 times"
"200 no error","https://urakare.jp/column/jofu-guide/jofu-shop-guide#fear","","appears 10 times"
"200 no error","https://urakare.jp/column/jofu-guide/jofu-shop-guide#structure","","appears 10 times"
"200 no error","https://urakare.jp/column/jofu-guide/jofu-shop-guide#checklist","","appears 10 times"
"200 no error","https://urakare.jp/column/jofu-guide/jofu-shop-guide#red-flags","","appears 10 times"
"200 no error","https://urakare.jp/column/jofu-guide/jofu-shop-guide#reviews","","appears 10 times"
"200 no error","https://urakare.jp/column/jofu-guide/jofu-shop-guide#privacy","","appears 10 times"
"200 no error","https://urakare.jp/column/jofu-guide/jofu-shop-guide#closing","","appears 10 times"
"200 no error","https://urakare.jp/column/jofu-guide/jofu-shop-guide#faq","","appears 10 times"
"200 no error","https://urakare.jp/column/jofu-guide/jofu-shop-guide#references","","appears 10 times"
"200 no error","https://urakare.jp/_next/image?url=https://kemvfhztndsfrqqecfkf.supabase.co/storage/v1/object/public/column-images/jofu-misconceptions/hero.webp&w=32&q=75","","appears 48 times"
"200 no error","https://urakare.jp/_next/image?url=https://kemvfhztndsfrqqecfkf.supabase.co/storage/v1/object/public/column-images/jofu-misconceptions/hero.webp&w=48&q=75","","appears 48 times"
"200 no error","https://urakare.jp/_next/image?url=https://kemvfhztndsfrqqecfkf.supabase.co/storage/v1/object/public/column-images/jofu-misconceptions/hero.webp&w=64&q=75","","appears 48 times"
"200 no error","https://urakare.jp/_next/image?url=https://kemvfhztndsfrqqecfkf.supabase.co/storage/v1/object/public/column-images/jofu-misconceptions/hero.webp&w=96&q=75","","appears 48 times"
"200 no error","https://urakare.jp/_next/image?url=https://kemvfhztndsfrqqecfkf.supabase.co/storage/v1/object/public/column-images/jofu-misconceptions/hero.webp&w=128&q=75","","appears 48 times"
"200 no error","https://urakare.jp/_next/image?url=https://kemvfhztndsfrqqecfkf.supabase.co/storage/v1/object/public/column-images/jofu-misconceptions/hero.webp&w=256&q=75","","appears 48 times"
"200 no error","https://urakare.jp/_next/image?url=https://kemvfhztndsfrqqecfkf.supabase.co/storage/v1/object/public/column-images/jofu-misconceptions/hero.webp&w=384&q=75","","appears 48 times"
"200 no error","https://urakare.jp/_next/image?url=https://kemvfhztndsfrqqecfkf.supabase.co/storage/v1/object/public/column-images/jofu-misconceptions/hero.webp&w=640&q=75","","appears 71 times"
"200 no error","https://urakare.jp/_next/image?url=https://kemvfhztndsfrqqecfkf.supabase.co/storage/v1/object/public/column-images/jofu-misconceptions/hero.webp&w=750&q=75","","appears 71 times"
"200 no error","https://urakare.jp/_next/image?url=https://kemvfhztndsfrqqecfkf.supabase.co/storage/v1/object/public/column-images/jofu-misconceptions/hero.webp&w=828&q=75","","appears 71 times"
"200 no error","https://urakare.jp/_next/image?url=https://kemvfhztndsfrqqecfkf.supabase.co/storage/v1/object/public/column-images/jofu-misconceptions/hero.webp&w=1080&q=75","","appears 71 times"
"200 no error","https://urakare.jp/_next/image?url=https://kemvfhztndsfrqqecfkf.supabase.co/storage/v1/object/public/column-images/jofu-misconceptions/hero.webp&w=1200&q=75","","appears 71 times"
"200 no error","https://urakare.jp/_next/image?url=https://kemvfhztndsfrqqecfkf.supabase.co/storage/v1/object/public/column-images/jofu-misconceptions/hero.webp&w=1920&q=75","","appears 71 times"
"200 no error","https://urakare.jp/_next/image?url=https://kemvfhztndsfrqqecfkf.supabase.co/storage/v1/object/public/column-images/jofu-misconceptions/hero.webp&w=2048&q=75","","appears 71 times"
"200 no error","https://urakare.jp/_next/image?url=https://kemvfhztndsfrqqecfkf.supabase.co/storage/v1/object/public/column-images/jofu-misconceptions/hero.webp&w=3840&q=75","","appears 142 times"
"200 no error","https://bunshun.jp/articles/-/66195","","appears 20 times"
"200 no error","https://urakare.jp/column/industry/foreign-customers-safety-design","","appears 85 times"
"200 no error","https://urakare.jp/_next/image?url=https://kemvfhztndsfrqqecfkf.supabase.co/storage/v1/object/public/column-images/jofu-home-preparation/og-image.jpg&w=32&q=75","","appears 35 times"
"200 no error","https://urakare.jp/_next/image?url=https://kemvfhztndsfrqqecfkf.supabase.co/storage/v1/object/public/column-images/jofu-home-preparation/og-image.jpg&w=48&q=75","","appears 35 times"
"200 no error","https://urakare.jp/_next/image?url=https://kemvfhztndsfrqqecfkf.supabase.co/storage/v1/object/public/column-images/jofu-home-preparation/og-image.jpg&w=64&q=75","","appears 35 times"
"200 no error","https://urakare.jp/_next/image?url=https://kemvfhztndsfrqqecfkf.supabase.co/storage/v1/object/public/column-images/jofu-home-preparation/og-image.jpg&w=96&q=75","","appears 35 times"
"200 no error","https://urakare.jp/_next/image?url=https://kemvfhztndsfrqqecfkf.supabase.co/storage/v1/object/public/column-images/jofu-home-preparation/og-image.jpg&w=128&q=75","","appears 35 times"
"200 no error","https://urakare.jp/_next/image?url=https://kemvfhztndsfrqqecfkf.supabase.co/storage/v1/object/public/column-images/jofu-home-preparation/og-image.jpg&w=256&q=75","","appears 35 times"
"200 no error","https://urakare.jp/_next/image?url=https://kemvfhztndsfrqqecfkf.supabase.co/storage/v1/object/public/column-images/jofu-home-preparation/og-image.jpg&w=384&q=75","","appears 35 times"
"200 no error","https://kanamioffice.jp/jyoseifuzoku/","","appears 10 times"
"200 no error","https://corporate.vbest.jp/columns/8011/","","appears 10 times"
"200 no error","https://www.amtamassage.org/about/news/standards-of-practice/","","appears 10 times"
"200 no error","https://kemvfhztndsfrqqecfkf.supabase.co/storage/v1/object/public/column-images/partner-jofu/og-image.webp?v=2","","appears 18 times"
"200 no error","https://urakare.jp/_next/image?url=https://kemvfhztndsfrqqecfkf.supabase.co/storage/v1/object/public/column-images/partner-jofu/hero.webp?v=2&w=640&q=75","","appears 9 times"
"200 no error","https://urakare.jp/_next/image?url=https://kemvfhztndsfrqqecfkf.supabase.co/storage/v1/object/public/column-images/partner-jofu/hero.webp?v=2&w=750&q=75","","appears 9 times"
"200 no error","https://urakare.jp/_next/image?url=https://kemvfhztndsfrqqecfkf.supabase.co/storage/v1/object/public/column-images/partner-jofu/hero.webp?v=2&w=828&q=75","","appears 9 times"
"200 no error","https://urakare.jp/_next/image?url=https://kemvfhztndsfrqqecfkf.supabase.co/storage/v1/object/public/column-images/partner-jofu/hero.webp?v=2&w=1080&q=75","","appears 9 times"
"200 no error","https://urakare.jp/_next/image?url=https://kemvfhztndsfrqqecfkf.supabase.co/storage/v1/object/public/column-images/partner-jofu/hero.webp?v=2&w=1200&q=75","","appears 9 times"
"200 no error","https://urakare.jp/_next/image?url=https://kemvfhztndsfrqqecfkf.supabase.co/storage/v1/object/public/column-images/partner-jofu/hero.webp?v=2&w=1920&q=75","","appears 9 times"
"200 no error","https://urakare.jp/_next/image?url=https://kemvfhztndsfrqqecfkf.supabase.co/storage/v1/object/public/column-images/partner-jofu/hero.webp?v=2&w=2048&q=75","","appears 9 times"
"200 no error","https://urakare.jp/_next/image?url=https://kemvfhztndsfrqqecfkf.supabase.co/storage/v1/object/public/column-images/partner-jofu/hero.webp?v=2&w=3840&q=75","","appears 18 times"
"200 no error","https://urakare.jp/column/jofu-guide/partner-jofu#reality","","appears 9 times"
"200 no error","https://urakare.jp/column/jofu-guide/partner-jofu#natural","","appears 9 times"
"200 no error","https://urakare.jp/column/jofu-guide/partner-jofu#guilt","","appears 9 times"
"200 no error","https://urakare.jp/column/jofu-guide/partner-jofu#types","","appears 9 times"
"200 no error","https://urakare.jp/column/jofu-guide/partner-jofu#therapist-view","","appears 9 times"
"200 no error","https://urakare.jp/column/jofu-guide/partner-jofu#self-care","","appears 9 times"
"200 no error","https://urakare.jp/column/jofu-guide/partner-jofu#faq","","appears 9 times"
"200 no error","https://urakare.jp/column/jofu-guide/partner-jofu#references","","appears 9 times"
"200 no error","https://nikkan-spa.jp/1906142","","appears 38 times"
"200 no error","https://urakare.jp/_next/image?url=https://kemvfhztndsfrqqecfkf.supabase.co/storage/v1/object/public/column-images/partner-jofu/section-touch.webp&w=640&q=75","","appears 9 times"
"200 no error","https://urakare.jp/_next/image?url=https://kemvfhztndsfrqqecfkf.supabase.co/storage/v1/object/public/column-images/partner-jofu/section-touch.webp&w=750&q=75","","appears 9 times"
"200 no error","https://urakare.jp/_next/image?url=https://kemvfhztndsfrqqecfkf.supabase.co/storage/v1/object/public/column-images/partner-jofu/section-touch.webp&w=828&q=75","","appears 9 times"
"200 no error","https://urakare.jp/_next/image?url=https://kemvfhztndsfrqqecfkf.supabase.co/storage/v1/object/public/column-images/partner-jofu/section-touch.webp&w=1080&q=75","","appears 9 times"
"200 no error","https://urakare.jp/_next/image?url=https://kemvfhztndsfrqqecfkf.supabase.co/storage/v1/object/public/column-images/partner-jofu/section-touch.webp&w=1200&q=75","","appears 9 times"
"200 no error","https://urakare.jp/_next/image?url=https://kemvfhztndsfrqqecfkf.supabase.co/storage/v1/object/public/column-images/partner-jofu/section-touch.webp&w=1920&q=75","","appears 9 times"
"200 no error","https://urakare.jp/_next/image?url=https://kemvfhztndsfrqqecfkf.supabase.co/storage/v1/object/public/column-images/partner-jofu/section-touch.webp&w=2048&q=75","","appears 9 times"
"200 no error","https://urakare.jp/_next/image?url=https://kemvfhztndsfrqqecfkf.supabase.co/storage/v1/object/public/column-images/partner-jofu/section-touch.webp&w=3840&q=75","","appears 18 times"
"blocked by Cloudflare < 302 found","https://doi.org/10.1177/02654075211046587","https://journals.sagepub.com/doi/10.1177/02654075211046587","appears 9 times"
"200 no error","https://prtimes.jp/main/html/rd/p/000000012.000104522.html","","appears 18 times"
"200 no error","https://preply.com/ja/blog/japanese-kissing-habits/","","appears 9 times"
"200 no error","https://www.joicfp.or.jp/jpn/2025/08/19/57252/","","appears 19 times"
"200 no error","https://urakare.jp/_next/image?url=https://kemvfhztndsfrqqecfkf.supabase.co/storage/v1/object/public/column-images/sleep-technique/hero.webp&w=32&q=75","","appears 36 times"
"200 no error","https://urakare.jp/_next/image?url=https://kemvfhztndsfrqqecfkf.supabase.co/storage/v1/object/public/column-images/sleep-technique/hero.webp&w=48&q=75","","appears 36 times"
"200 no error","https://urakare.jp/_next/image?url=https://kemvfhztndsfrqqecfkf.supabase.co/storage/v1/object/public/column-images/sleep-technique/hero.webp&w=64&q=75","","appears 36 times"
"200 no error","https://urakare.jp/_next/image?url=https://kemvfhztndsfrqqecfkf.supabase.co/storage/v1/object/public/column-images/sleep-technique/hero.webp&w=96&q=75","","appears 36 times"
"200 no error","https://urakare.jp/_next/image?url=https://kemvfhztndsfrqqecfkf.supabase.co/storage/v1/object/public/column-images/sleep-technique/hero.webp&w=128&q=75","","appears 36 times"
"200 no error","https://urakare.jp/_next/image?url=https://kemvfhztndsfrqqecfkf.supabase.co/storage/v1/object/public/column-images/sleep-technique/hero.webp&w=256&q=75","","appears 36 times"
"200 no error","https://urakare.jp/_next/image?url=https://kemvfhztndsfrqqecfkf.supabase.co/storage/v1/object/public/column-images/sleep-technique/hero.webp&w=384&q=75","","appears 36 times"
"200 no error","https://urakare.jp/_next/image?url=https://kemvfhztndsfrqqecfkf.supabase.co/storage/v1/object/public/column-images/sleep-technique/hero.webp&w=640&q=75","","appears 45 times"
"200 no error","https://urakare.jp/_next/image?url=https://kemvfhztndsfrqqecfkf.supabase.co/storage/v1/object/public/column-images/sleep-technique/hero.webp&w=750&q=75","","appears 45 times"
"200 no error","https://urakare.jp/_next/image?url=https://kemvfhztndsfrqqecfkf.supabase.co/storage/v1/object/public/column-images/sleep-technique/hero.webp&w=828&q=75","","appears 45 times"
"200 no error","https://urakare.jp/_next/image?url=https://kemvfhztndsfrqqecfkf.supabase.co/storage/v1/object/public/column-images/sleep-technique/hero.webp&w=1080&q=75","","appears 45 times"
"200 no error","https://urakare.jp/_next/image?url=https://kemvfhztndsfrqqecfkf.supabase.co/storage/v1/object/public/column-images/sleep-technique/hero.webp&w=1200&q=75","","appears 45 times"
"200 no error","https://urakare.jp/_next/image?url=https://kemvfhztndsfrqqecfkf.supabase.co/storage/v1/object/public/column-images/sleep-technique/hero.webp&w=1920&q=75","","appears 45 times"
"200 no error","https://urakare.jp/_next/image?url=https://kemvfhztndsfrqqecfkf.supabase.co/storage/v1/object/public/column-images/sleep-technique/hero.webp&w=2048&q=75","","appears 45 times"
"200 no error","https://urakare.jp/_next/image?url=https://kemvfhztndsfrqqecfkf.supabase.co/storage/v1/object/public/column-images/sleep-technique/hero.webp&w=3840&q=75","","appears 90 times"
"200 no error","https://urakare.jp/column/night-care/sleep-technique","","appears 72 times"
"200 no error < 301 moved permanently","https://lin.ee/7MuF52h","https://line.me/R/ti/p/@818nqthi?oat_content=url&ts=04101925","appears 27 times"
"200 no error","https://urakare.jp/_next/image?url=https://kemvfhztndsfrqqecfkf.supabase.co/storage/v1/object/public/column-images/self-pleasure/hero.webp&w=32&q=75","","appears 180 times"
"200 no error","https://urakare.jp/_next/image?url=https://kemvfhztndsfrqqecfkf.supabase.co/storage/v1/object/public/column-images/self-pleasure/hero.webp&w=48&q=75","","appears 180 times"
"200 no error","https://urakare.jp/_next/image?url=https://kemvfhztndsfrqqecfkf.supabase.co/storage/v1/object/public/column-images/self-pleasure/hero.webp&w=64&q=75","","appears 180 times"
"200 no error","https://urakare.jp/_next/image?url=https://kemvfhztndsfrqqecfkf.supabase.co/storage/v1/object/public/column-images/self-pleasure/hero.webp&w=96&q=75","","appears 180 times"
"200 no error","https://urakare.jp/_next/image?url=https://kemvfhztndsfrqqecfkf.supabase.co/storage/v1/object/public/column-images/self-pleasure/hero.webp&w=128&q=75","","appears 180 times"
"200 no error","https://urakare.jp/_next/image?url=https://kemvfhztndsfrqqecfkf.supabase.co/storage/v1/object/public/column-images/self-pleasure/hero.webp&w=256&q=75","","appears 180 times"
"200 no error","https://urakare.jp/_next/image?url=https://kemvfhztndsfrqqecfkf.supabase.co/storage/v1/object/public/column-images/self-pleasure/hero.webp&w=384&q=75","","appears 180 times"
"200 no error","https://urakare.jp/_next/image?url=https://kemvfhztndsfrqqecfkf.supabase.co/storage/v1/object/public/column-images/self-pleasure/hero.webp&w=640&q=75","","appears 190 times"
"200 no error","https://urakare.jp/_next/image?url=https://kemvfhztndsfrqqecfkf.supabase.co/storage/v1/object/public/column-images/self-pleasure/hero.webp&w=750&q=75","","appears 190 times"
"200 no error","https://urakare.jp/_next/image?url=https://kemvfhztndsfrqqecfkf.supabase.co/storage/v1/object/public/column-images/self-pleasure/hero.webp&w=828&q=75","","appears 190 times"
"200 no error","https://urakare.jp/_next/image?url=https://kemvfhztndsfrqqecfkf.supabase.co/storage/v1/object/public/column-images/self-pleasure/hero.webp&w=1080&q=75","","appears 190 times"
"200 no error","https://urakare.jp/_next/image?url=https://kemvfhztndsfrqqecfkf.supabase.co/storage/v1/object/public/column-images/self-pleasure/hero.webp&w=1200&q=75","","appears 190 times"
"200 no error","https://urakare.jp/_next/image?url=https://kemvfhztndsfrqqecfkf.supabase.co/storage/v1/object/public/column-images/self-pleasure/hero.webp&w=1920&q=75","","appears 190 times"
"200 no error","https://urakare.jp/_next/image?url=https://kemvfhztndsfrqqecfkf.supabase.co/storage/v1/object/public/column-images/self-pleasure/hero.webp&w=2048&q=75","","appears 190 times"
"200 no error","https://urakare.jp/_next/image?url=https://kemvfhztndsfrqqecfkf.supabase.co/storage/v1/object/public/column-images/self-pleasure/hero.webp&w=3840&q=75","","appears 380 times"
"200 no error","https://urakare.jp/_next/image?url=https://kemvfhztndsfrqqecfkf.supabase.co/storage/v1/object/public/column-images/partner-jofu/section-types.webp&w=640&q=75","","appears 9 times"
"200 no error","https://urakare.jp/_next/image?url=https://kemvfhztndsfrqqecfkf.supabase.co/storage/v1/object/public/column-images/partner-jofu/section-types.webp&w=750&q=75","","appears 9 times"
"200 no error","https://urakare.jp/_next/image?url=https://kemvfhztndsfrqqecfkf.supabase.co/storage/v1/object/public/column-images/partner-jofu/section-types.webp&w=828&q=75","","appears 9 times"
"200 no error","https://urakare.jp/_next/image?url=https://kemvfhztndsfrqqecfkf.supabase.co/storage/v1/object/public/column-images/partner-jofu/section-types.webp&w=1080&q=75","","appears 9 times"
"200 no error","https://urakare.jp/_next/image?url=https://kemvfhztndsfrqqecfkf.supabase.co/storage/v1/object/public/column-images/partner-jofu/section-types.webp&w=1200&q=75","","appears 9 times"
"200 no error","https://urakare.jp/_next/image?url=https://kemvfhztndsfrqqecfkf.supabase.co/storage/v1/object/public/column-images/partner-jofu/section-types.webp&w=1920&q=75","","appears 9 times"
"200 no error","https://urakare.jp/_next/image?url=https://kemvfhztndsfrqqecfkf.supabase.co/storage/v1/object/public/column-images/partner-jofu/section-types.webp&w=2048&q=75","","appears 9 times"
"200 no error","https://urakare.jp/_next/image?url=https://kemvfhztndsfrqqecfkf.supabase.co/storage/v1/object/public/column-images/partner-jofu/section-types.webp&w=3840&q=75","","appears 18 times"
"200 no error","https://prtimes.jp/main/html/rd/p/000000014.000104522.html","","appears 9 times"
"200 no error","https://urakare.jp/_next/image?url=https://kemvfhztndsfrqqecfkf.supabase.co/storage/v1/object/public/column-images/partner-jofu/section-therapist.webp?v=2&w=640&q=75","","appears 9 times"
"200 no error","https://urakare.jp/_next/image?url=https://kemvfhztndsfrqqecfkf.supabase.co/storage/v1/object/public/column-images/partner-jofu/section-therapist.webp?v=2&w=750&q=75","","appears 9 times"
"200 no error","https://urakare.jp/_next/image?url=https://kemvfhztndsfrqqecfkf.supabase.co/storage/v1/object/public/column-images/partner-jofu/section-therapist.webp?v=2&w=828&q=75","","appears 9 times"
"200 no error","https://urakare.jp/_next/image?url=https://kemvfhztndsfrqqecfkf.supabase.co/storage/v1/object/public/column-images/partner-jofu/section-therapist.webp?v=2&w=1080&q=75","","appears 9 times"
"200 no error","https://urakare.jp/_next/image?url=https://kemvfhztndsfrqqecfkf.supabase.co/storage/v1/object/public/column-images/partner-jofu/section-therapist.webp?v=2&w=1200&q=75","","appears 9 times"
"200 no error","https://urakare.jp/_next/image?url=https://kemvfhztndsfrqqecfkf.supabase.co/storage/v1/object/public/column-images/partner-jofu/section-therapist.webp?v=2&w=1920&q=75","","appears 9 times"
"200 no error","https://urakare.jp/_next/image?url=https://kemvfhztndsfrqqecfkf.supabase.co/storage/v1/object/public/column-images/partner-jofu/section-therapist.webp?v=2&w=2048&q=75","","appears 9 times"
"200 no error","https://urakare.jp/_next/image?url=https://kemvfhztndsfrqqecfkf.supabase.co/storage/v1/object/public/column-images/partner-jofu/section-therapist.webp?v=2&w=3840&q=75","","appears 18 times"
"200 no error","https://urakare.jp/_next/image?url=https://kemvfhztndsfrqqecfkf.supabase.co/storage/v1/object/public/column-images/sexual-wellness-toha/hero.webp&w=32&q=75","","appears 127 times"
"200 no error","https://urakare.jp/_next/image?url=https://kemvfhztndsfrqqecfkf.supabase.co/storage/v1/object/public/column-images/sexual-wellness-toha/hero.webp&w=48&q=75","","appears 127 times"
"200 no error","https://urakare.jp/_next/image?url=https://kemvfhztndsfrqqecfkf.supabase.co/storage/v1/object/public/column-images/sexual-wellness-toha/hero.webp&w=64&q=75","","appears 127 times"
"200 no error","https://urakare.jp/_next/image?url=https://kemvfhztndsfrqqecfkf.supabase.co/storage/v1/object/public/column-images/sexual-wellness-toha/hero.webp&w=96&q=75","","appears 127 times"
"200 no error","https://urakare.jp/_next/image?url=https://kemvfhztndsfrqqecfkf.supabase.co/storage/v1/object/public/column-images/sexual-wellness-toha/hero.webp&w=128&q=75","","appears 127 times"
"200 no error","https://urakare.jp/_next/image?url=https://kemvfhztndsfrqqecfkf.supabase.co/storage/v1/object/public/column-images/sexual-wellness-toha/hero.webp&w=256&q=75","","appears 127 times"
"200 no error","https://urakare.jp/_next/image?url=https://kemvfhztndsfrqqecfkf.supabase.co/storage/v1/object/public/column-images/sexual-wellness-toha/hero.webp&w=384&q=75","","appears 127 times"
"200 no error","https://urakare.jp/_next/image?url=https://kemvfhztndsfrqqecfkf.supabase.co/storage/v1/object/public/column-images/sexual-wellness-toha/hero.webp&w=640&q=75","","appears 138 times"
"200 no error","https://urakare.jp/_next/image?url=https://kemvfhztndsfrqqecfkf.supabase.co/storage/v1/object/public/column-images/sexual-wellness-toha/hero.webp&w=750&q=75","","appears 138 times"
"200 no error","https://urakare.jp/_next/image?url=https://kemvfhztndsfrqqecfkf.supabase.co/storage/v1/object/public/column-images/sexual-wellness-toha/hero.webp&w=828&q=75","","appears 138 times"
"200 no error","https://urakare.jp/_next/image?url=https://kemvfhztndsfrqqecfkf.supabase.co/storage/v1/object/public/column-images/sexual-wellness-toha/hero.webp&w=1080&q=75","","appears 138 times"
"200 no error","https://urakare.jp/_next/image?url=https://kemvfhztndsfrqqecfkf.supabase.co/storage/v1/object/public/column-images/sexual-wellness-toha/hero.webp&w=1200&q=75","","appears 138 times"
"200 no error","https://urakare.jp/_next/image?url=https://kemvfhztndsfrqqecfkf.supabase.co/storage/v1/object/public/column-images/sexual-wellness-toha/hero.webp&w=1920&q=75","","appears 138 times"
"200 no error","https://urakare.jp/_next/image?url=https://kemvfhztndsfrqqecfkf.supabase.co/storage/v1/object/public/column-images/sexual-wellness-toha/hero.webp&w=2048&q=75","","appears 138 times"
"200 no error","https://urakare.jp/_next/image?url=https://kemvfhztndsfrqqecfkf.supabase.co/storage/v1/object/public/column-images/sexual-wellness-toha/hero.webp&w=3840&q=75","","appears 276 times"
"200 no error","https://urakare.jp/column/industry/sexual-wellness-toha","","appears 220 times"
"200 no error < 302 found","https://doi.org/10.1016/j.cpnec.2021.100091","https://linkinghub.elsevier.com/retrieve/pii/S2666497621000655","appears 9 times"
"200 no error","https://urakare.jp/_next/image?url=https://kemvfhztndsfrqqecfkf.supabase.co/storage/v1/object/public/column-images/pleasure-care-toha/hero.webp&w=32&q=75","","appears 112 times"
"200 no error","https://urakare.jp/_next/image?url=https://kemvfhztndsfrqqecfkf.supabase.co/storage/v1/object/public/column-images/pleasure-care-toha/hero.webp&w=48&q=75","","appears 112 times"
"200 no error","https://urakare.jp/_next/image?url=https://kemvfhztndsfrqqecfkf.supabase.co/storage/v1/object/public/column-images/pleasure-care-toha/hero.webp&w=64&q=75","","appears 112 times"
"200 no error","https://urakare.jp/_next/image?url=https://kemvfhztndsfrqqecfkf.supabase.co/storage/v1/object/public/column-images/pleasure-care-toha/hero.webp&w=96&q=75","","appears 112 times"
"200 no error","https://urakare.jp/_next/image?url=https://kemvfhztndsfrqqecfkf.supabase.co/storage/v1/object/public/column-images/pleasure-care-toha/hero.webp&w=128&q=75","","appears 112 times"
"200 no error","https://urakare.jp/_next/image?url=https://kemvfhztndsfrqqecfkf.supabase.co/storage/v1/object/public/column-images/pleasure-care-toha/hero.webp&w=256&q=75","","appears 112 times"
"200 no error","https://urakare.jp/_next/image?url=https://kemvfhztndsfrqqecfkf.supabase.co/storage/v1/object/public/column-images/pleasure-care-toha/hero.webp&w=384&q=75","","appears 112 times"
"200 no error","https://urakare.jp/images/column/jofu-drama-reality/hero.jpg","","appears 18 times"
"200 no error","https://urakare.jp/_next/image?url=/images/column/jofu-drama-reality/hero.jpg&w=640&q=75&dpl=dpl_7WTW9QoqRCZeqgUAy1hmqp4Xg7s6","","appears 9 times"
"200 no error","https://urakare.jp/_next/image?url=/images/column/jofu-drama-reality/hero.jpg&w=750&q=75&dpl=dpl_7WTW9QoqRCZeqgUAy1hmqp4Xg7s6","","appears 9 times"
"200 no error","https://urakare.jp/_next/image?url=/images/column/jofu-drama-reality/hero.jpg&w=828&q=75&dpl=dpl_7WTW9QoqRCZeqgUAy1hmqp4Xg7s6","","appears 9 times"
"200 no error","https://urakare.jp/_next/image?url=/images/column/jofu-drama-reality/hero.jpg&w=1080&q=75&dpl=dpl_7WTW9QoqRCZeqgUAy1hmqp4Xg7s6","","appears 9 times"
"200 no error","https://urakare.jp/_next/image?url=/images/column/jofu-drama-reality/hero.jpg&w=1200&q=75&dpl=dpl_7WTW9QoqRCZeqgUAy1hmqp4Xg7s6","","appears 9 times"
"200 no error","https://urakare.jp/_next/image?url=/images/column/jofu-drama-reality/hero.jpg&w=1920&q=75&dpl=dpl_7WTW9QoqRCZeqgUAy1hmqp4Xg7s6","","appears 9 times"
"200 no error","https://urakare.jp/_next/image?url=/images/column/jofu-drama-reality/hero.jpg&w=2048&q=75&dpl=dpl_7WTW9QoqRCZeqgUAy1hmqp4Xg7s6","","appears 9 times"
"200 no error","https://urakare.jp/_next/image?url=/images/column/jofu-drama-reality/hero.jpg&w=3840&q=75&dpl=dpl_7WTW9QoqRCZeqgUAy1hmqp4Xg7s6","","appears 18 times"
"200 no error","https://urakare.jp/column/jofu-guide/jofu-drama-reality#about-drama","","appears 9 times"
"200 no error","https://urakare.jp/column/jofu-guide/jofu-drama-reality#my-connection","","appears 9 times"
"200 no error","https://urakare.jp/column/jofu-guide/jofu-drama-reality#five-differences","","appears 9 times"
"200 no error","https://urakare.jp/column/jofu-guide/jofu-drama-reality#real-episode","","appears 9 times"
"200 no error","https://urakare.jp/column/jofu-guide/jofu-drama-reality#real-flow","","appears 9 times"
"200 no error","https://urakare.jp/column/jofu-guide/jofu-drama-reality#safe-choice","","appears 9 times"
"200 no error","https://urakare.jp/column/jofu-guide/jofu-drama-reality#faq","","appears 9 times"
"200 no error","https://urakare.jp/column/jofu-guide/jofu-drama-reality#last","","appears 9 times"
"200 no error","https://urakare.jp/_next/image?url=/images/column/jofu-drama-reality/section-1.png&w=640&q=75&dpl=dpl_7WTW9QoqRCZeqgUAy1hmqp4Xg7s6","","appears 9 times"
"200 no error","https://urakare.jp/_next/image?url=/images/column/jofu-drama-reality/section-1.png&w=750&q=75&dpl=dpl_7WTW9QoqRCZeqgUAy1hmqp4Xg7s6","","appears 9 times"
"200 no error","https://urakare.jp/_next/image?url=/images/column/jofu-drama-reality/section-1.png&w=828&q=75&dpl=dpl_7WTW9QoqRCZeqgUAy1hmqp4Xg7s6","","appears 9 times"
"200 no error","https://urakare.jp/_next/image?url=/images/column/jofu-drama-reality/section-1.png&w=1080&q=75&dpl=dpl_7WTW9QoqRCZeqgUAy1hmqp4Xg7s6","","appears 9 times"
"200 no error","https://urakare.jp/_next/image?url=/images/column/jofu-drama-reality/section-1.png&w=1200&q=75&dpl=dpl_7WTW9QoqRCZeqgUAy1hmqp4Xg7s6","","appears 9 times"
"200 no error","https://urakare.jp/_next/image?url=/images/column/jofu-drama-reality/section-1.png&w=1920&q=75&dpl=dpl_7WTW9QoqRCZeqgUAy1hmqp4Xg7s6","","appears 9 times"
"200 no error","https://urakare.jp/_next/image?url=/images/column/jofu-drama-reality/section-1.png&w=2048&q=75&dpl=dpl_7WTW9QoqRCZeqgUAy1hmqp4Xg7s6","","appears 9 times"
"200 no error","https://urakare.jp/_next/image?url=/images/column/jofu-drama-reality/section-1.png&w=3840&q=75&dpl=dpl_7WTW9QoqRCZeqgUAy1hmqp4Xg7s6","","appears 18 times"
"200 no error < 302 found","https://www.netflix.com/","https://www.netflix.com/jp/","appears 9 times"
"200 no error","https://kuragebunch.com/","","appears 9 times"
"200 no error","https://filmarks.com/","","appears 9 times"
"200 no error","https://www.youtube.com/embed/kWg_aBlEnnM","","appears 9 times"
"200 no error","https://urakare.jp/_next/image?url=/images/column/jofu-drama-reality/section-2.png&w=640&q=75&dpl=dpl_7WTW9QoqRCZeqgUAy1hmqp4Xg7s6","","appears 9 times"
"200 no error","https://urakare.jp/_next/image?url=/images/column/jofu-drama-reality/section-2.png&w=750&q=75&dpl=dpl_7WTW9QoqRCZeqgUAy1hmqp4Xg7s6","","appears 9 times"
"200 no error","https://urakare.jp/_next/image?url=/images/column/jofu-drama-reality/section-2.png&w=828&q=75&dpl=dpl_7WTW9QoqRCZeqgUAy1hmqp4Xg7s6","","appears 9 times"
"200 no error","https://urakare.jp/_next/image?url=/images/column/jofu-drama-reality/section-2.png&w=1080&q=75&dpl=dpl_7WTW9QoqRCZeqgUAy1hmqp4Xg7s6","","appears 9 times"
"200 no error","https://urakare.jp/_next/image?url=/images/column/jofu-drama-reality/section-2.png&w=1200&q=75&dpl=dpl_7WTW9QoqRCZeqgUAy1hmqp4Xg7s6","","appears 9 times"
"200 no error","https://urakare.jp/_next/image?url=/images/column/jofu-drama-reality/section-2.png&w=1920&q=75&dpl=dpl_7WTW9QoqRCZeqgUAy1hmqp4Xg7s6","","appears 9 times"
"200 no error","https://urakare.jp/_next/image?url=/images/column/jofu-drama-reality/section-2.png&w=2048&q=75&dpl=dpl_7WTW9QoqRCZeqgUAy1hmqp4Xg7s6","","appears 9 times"
"200 no error","https://urakare.jp/_next/image?url=/images/column/jofu-drama-reality/section-2.png&w=3840&q=75&dpl=dpl_7WTW9QoqRCZeqgUAy1hmqp4Xg7s6","","appears 18 times"
"200 no error","https://urakare.jp/_next/image?url=/images/column/jofu-drama-reality/section-3.png&w=640&q=75&dpl=dpl_7WTW9QoqRCZeqgUAy1hmqp4Xg7s6","","appears 9 times"
"200 no error","https://urakare.jp/_next/image?url=/images/column/jofu-drama-reality/section-3.png&w=750&q=75&dpl=dpl_7WTW9QoqRCZeqgUAy1hmqp4Xg7s6","","appears 9 times"
"200 no error","https://urakare.jp/_next/image?url=/images/column/jofu-drama-reality/section-3.png&w=828&q=75&dpl=dpl_7WTW9QoqRCZeqgUAy1hmqp4Xg7s6","","appears 9 times"
"200 no error","https://urakare.jp/_next/image?url=/images/column/jofu-drama-reality/section-3.png&w=1080&q=75&dpl=dpl_7WTW9QoqRCZeqgUAy1hmqp4Xg7s6","","appears 9 times"
"200 no error","https://urakare.jp/_next/image?url=/images/column/jofu-drama-reality/section-3.png&w=1200&q=75&dpl=dpl_7WTW9QoqRCZeqgUAy1hmqp4Xg7s6","","appears 9 times"
"200 no error","https://urakare.jp/_next/image?url=/images/column/jofu-drama-reality/section-3.png&w=1920&q=75&dpl=dpl_7WTW9QoqRCZeqgUAy1hmqp4Xg7s6","","appears 9 times"
"200 no error","https://urakare.jp/_next/image?url=/images/column/jofu-drama-reality/section-3.png&w=2048&q=75&dpl=dpl_7WTW9QoqRCZeqgUAy1hmqp4Xg7s6","","appears 9 times"
"200 no error","https://urakare.jp/_next/image?url=/images/column/jofu-drama-reality/section-3.png&w=3840&q=75&dpl=dpl_7WTW9QoqRCZeqgUAy1hmqp4Xg7s6","","appears 18 times"
"200 no error","https://urakare.jp/_next/image?url=/images/column/jofu-drama-reality/section-4.png&w=640&q=75&dpl=dpl_7WTW9QoqRCZeqgUAy1hmqp4Xg7s6","","appears 9 times"
"200 no error","https://urakare.jp/_next/image?url=/images/column/jofu-drama-reality/section-4.png&w=750&q=75&dpl=dpl_7WTW9QoqRCZeqgUAy1hmqp4Xg7s6","","appears 9 times"
"200 no error","https://urakare.jp/_next/image?url=/images/column/jofu-drama-reality/section-4.png&w=828&q=75&dpl=dpl_7WTW9QoqRCZeqgUAy1hmqp4Xg7s6","","appears 9 times"
"200 no error","https://urakare.jp/_next/image?url=/images/column/jofu-drama-reality/section-4.png&w=1080&q=75&dpl=dpl_7WTW9QoqRCZeqgUAy1hmqp4Xg7s6","","appears 9 times"
"200 no error","https://urakare.jp/_next/image?url=/images/column/jofu-drama-reality/section-4.png&w=1200&q=75&dpl=dpl_7WTW9QoqRCZeqgUAy1hmqp4Xg7s6","","appears 9 times"
"200 no error","https://urakare.jp/_next/image?url=/images/column/jofu-drama-reality/section-4.png&w=1920&q=75&dpl=dpl_7WTW9QoqRCZeqgUAy1hmqp4Xg7s6","","appears 9 times"
"200 no error","https://urakare.jp/_next/image?url=/images/column/jofu-drama-reality/section-4.png&w=2048&q=75&dpl=dpl_7WTW9QoqRCZeqgUAy1hmqp4Xg7s6","","appears 9 times"
"200 no error","https://urakare.jp/_next/image?url=/images/column/jofu-drama-reality/section-4.png&w=3840&q=75&dpl=dpl_7WTW9QoqRCZeqgUAy1hmqp4Xg7s6","","appears 18 times"
"200 no error","https://www.tokyo-np.co.jp/","","appears 9 times"
"200 no error","https://urakare.jp/column/self-pleasure/female-libido","","appears 124 times"
"200 no error","https://urakare.jp/_next/image?url=/images/column/jofu-drama-reality/section-5.png&w=640&q=75&dpl=dpl_7WTW9QoqRCZeqgUAy1hmqp4Xg7s6","","appears 9 times"
"200 no error","https://urakare.jp/_next/image?url=/images/column/jofu-drama-reality/section-5.png&w=750&q=75&dpl=dpl_7WTW9QoqRCZeqgUAy1hmqp4Xg7s6","","appears 9 times"
"200 no error","https://urakare.jp/_next/image?url=/images/column/jofu-drama-reality/section-5.png&w=828&q=75&dpl=dpl_7WTW9QoqRCZeqgUAy1hmqp4Xg7s6","","appears 9 times"
"200 no error","https://urakare.jp/_next/image?url=/images/column/jofu-drama-reality/section-5.png&w=1080&q=75&dpl=dpl_7WTW9QoqRCZeqgUAy1hmqp4Xg7s6","","appears 9 times"
"200 no error","https://urakare.jp/_next/image?url=/images/column/jofu-drama-reality/section-5.png&w=1200&q=75&dpl=dpl_7WTW9QoqRCZeqgUAy1hmqp4Xg7s6","","appears 9 times"
"200 no error","https://urakare.jp/_next/image?url=/images/column/jofu-drama-reality/section-5.png&w=1920&q=75&dpl=dpl_7WTW9QoqRCZeqgUAy1hmqp4Xg7s6","","appears 9 times"
"200 no error","https://urakare.jp/_next/image?url=/images/column/jofu-drama-reality/section-5.png&w=2048&q=75&dpl=dpl_7WTW9QoqRCZeqgUAy1hmqp4Xg7s6","","appears 9 times"
"200 no error","https://urakare.jp/_next/image?url=/images/column/jofu-drama-reality/section-5.png&w=3840&q=75&dpl=dpl_7WTW9QoqRCZeqgUAy1hmqp4Xg7s6","","appears 18 times"
"200 no error","https://kemvfhztndsfrqqecfkf.supabase.co/storage/v1/object/public/column-images/jofu-day-flow/og-image.jpg","","appears 16 times"
"200 no error < 302 found","https://doi.org/10.1038/nrn3524","https://www.nature.com/articles/nrn3524","appears 16 times"
"200 no error","https://urakare.jp/column/jofu-guide/jofu-day-flow#reservation","","appears 8 times"
"200 no error","https://urakare.jp/column/jofu-guide/jofu-day-flow#items","","appears 8 times"
"200 no error","https://urakare.jp/column/jofu-guide/jofu-day-flow#hotel","","appears 8 times"
"200 no error","https://urakare.jp/column/jofu-guide/jofu-day-flow#timeline","","appears 8 times"
"200 no error","https://urakare.jp/column/jofu-guide/jofu-day-flow#body-concern","","appears 8 times"
"200 no error","https://urakare.jp/column/jofu-guide/jofu-day-flow#faq","","appears 8 times"
"200 no error","https://urakare.jp/column/jofu-guide/jofu-day-flow#closing","","appears 8 times"
"200 no error","https://urakare.jp/_next/image?url=https://kemvfhztndsfrqqecfkf.supabase.co/storage/v1/object/public/column-images/jofu-day-flow/section-reservation.webp&w=1080&q=75","","appears 8 times"
"200 no error","https://urakare.jp/_next/image?url=https://kemvfhztndsfrqqecfkf.supabase.co/storage/v1/object/public/column-images/jofu-day-flow/section-reservation.webp&w=2048&q=75","","appears 16 times"
"200 no error","https://urakare.jp/_next/image?url=/images/column/jofu-day-flow/timeline-overview.webp&w=640&q=85&dpl=dpl_7WTW9QoqRCZeqgUAy1hmqp4Xg7s6","","appears 8 times"
"200 no error","https://urakare.jp/_next/image?url=/images/column/jofu-day-flow/timeline-overview.webp&w=750&q=85&dpl=dpl_7WTW9QoqRCZeqgUAy1hmqp4Xg7s6","","appears 8 times"
"200 no error","https://urakare.jp/_next/image?url=/images/column/jofu-day-flow/timeline-overview.webp&w=828&q=85&dpl=dpl_7WTW9QoqRCZeqgUAy1hmqp4Xg7s6","","appears 8 times"
"200 no error","https://urakare.jp/_next/image?url=/images/column/jofu-day-flow/timeline-overview.webp&w=1080&q=85&dpl=dpl_7WTW9QoqRCZeqgUAy1hmqp4Xg7s6","","appears 8 times"
"200 no error","https://urakare.jp/_next/image?url=/images/column/jofu-day-flow/timeline-overview.webp&w=1200&q=85&dpl=dpl_7WTW9QoqRCZeqgUAy1hmqp4Xg7s6","","appears 8 times"
"200 no error","https://urakare.jp/_next/image?url=/images/column/jofu-day-flow/timeline-overview.webp&w=1920&q=85&dpl=dpl_7WTW9QoqRCZeqgUAy1hmqp4Xg7s6","","appears 8 times"
"200 no error","https://urakare.jp/_next/image?url=/images/column/jofu-day-flow/timeline-overview.webp&w=2048&q=85&dpl=dpl_7WTW9QoqRCZeqgUAy1hmqp4Xg7s6","","appears 8 times"
"200 no error","https://urakare.jp/_next/image?url=/images/column/jofu-day-flow/timeline-overview.webp&w=3840&q=85&dpl=dpl_7WTW9QoqRCZeqgUAy1hmqp4Xg7s6","","appears 16 times"
"200 no error","https://urakare.jp/_next/image?url=https://kemvfhztndsfrqqecfkf.supabase.co/storage/v1/object/public/column-images/jofu-day-flow/section-counseling.webp&w=1080&q=75","","appears 8 times"
"200 no error","https://urakare.jp/_next/image?url=https://kemvfhztndsfrqqecfkf.supabase.co/storage/v1/object/public/column-images/jofu-day-flow/section-counseling.webp&w=2048&q=75","","appears 16 times"
"200 no error","https://urakare.jp/_next/image?url=https://kemvfhztndsfrqqecfkf.supabase.co/storage/v1/object/public/column-images/jofu-day-flow/section-aftercare.webp&w=1080&q=75","","appears 8 times"
"200 no error","https://urakare.jp/_next/image?url=https://kemvfhztndsfrqqecfkf.supabase.co/storage/v1/object/public/column-images/jofu-day-flow/section-aftercare.webp&w=2048&q=75","","appears 16 times"
"200 no error < 302 found","https://doi.org/10.1038/s41562-024-01841-8","https://idp.nature.com/authorize?response_type=cookie&client_id=grover&redirect_uri=https://www.nature.com/articles/s41562-024-01841-8","appears 8 times"
"200 no error < 302 found","https://doi.org/10.1080/00207450590956459","https://www.tandfonline.com/doi/full/10.1080/00207450590956459","appears 8 times"
"200 no error","https://pubmed.ncbi.nlm.nih.gov/23251939/","","appears 62 times"
"blocked by Cloudflare < 302 found","https://doi.org/10.1111/j.1467-9280.1993.tb00589.x","https://journals.sagepub.com/doi/10.1111/j.1467-9280.1993.tb00589.x","appears 8 times"
"200 no error","https://urakare.jp/og/column/editorial-policy-og.jpg","","https://urakare.jp/column/editorial-policy"
"200 no error","https://urakare.jp/_next/image?url=/og/column/editorial-policy-hero.webp&w=640&q=85&dpl=dpl_7WTW9QoqRCZeqgUAy1hmqp4Xg7s6","","https://urakare.jp/column/editorial-policy"
"200 no error","https://urakare.jp/_next/image?url=/og/column/editorial-policy-hero.webp&w=750&q=85&dpl=dpl_7WTW9QoqRCZeqgUAy1hmqp4Xg7s6","","https://urakare.jp/column/editorial-policy"
"200 no error","https://urakare.jp/_next/image?url=/og/column/editorial-policy-hero.webp&w=828&q=85&dpl=dpl_7WTW9QoqRCZeqgUAy1hmqp4Xg7s6","","https://urakare.jp/column/editorial-policy"
"200 no error","https://urakare.jp/_next/image?url=/og/column/editorial-policy-hero.webp&w=1080&q=85&dpl=dpl_7WTW9QoqRCZeqgUAy1hmqp4Xg7s6","","https://urakare.jp/column/editorial-policy"
"200 no error","https://urakare.jp/_next/image?url=/og/column/editorial-policy-hero.webp&w=1200&q=85&dpl=dpl_7WTW9QoqRCZeqgUAy1hmqp4Xg7s6","","https://urakare.jp/column/editorial-policy"
"200 no error","https://urakare.jp/_next/image?url=/og/column/editorial-policy-hero.webp&w=1920&q=85&dpl=dpl_7WTW9QoqRCZeqgUAy1hmqp4Xg7s6","","https://urakare.jp/column/editorial-policy"
"200 no error","https://urakare.jp/_next/image?url=/og/column/editorial-policy-hero.webp&w=2048&q=85&dpl=dpl_7WTW9QoqRCZeqgUAy1hmqp4Xg7s6","","https://urakare.jp/column/editorial-policy"
"200 no error","https://urakare.jp/_next/image?url=/og/column/editorial-policy-hero.webp&w=3840&q=85&dpl=dpl_7WTW9QoqRCZeqgUAy1hmqp4Xg7s6","","appears 2 times"
"200 no error","https://urakare.jp/_next/image?url=https://kemvfhztndsfrqqecfkf.supabase.co/storage/v1/object/public/column-images/female-libido/hero.webp&w=640&q=75","","appears 60 times"
"200 no error","https://urakare.jp/_next/image?url=https://kemvfhztndsfrqqecfkf.supabase.co/storage/v1/object/public/column-images/female-libido/hero.webp&w=750&q=75","","appears 60 times"
"200 no error","https://urakare.jp/_next/image?url=https://kemvfhztndsfrqqecfkf.supabase.co/storage/v1/object/public/column-images/female-libido/hero.webp&w=828&q=75","","appears 60 times"
"200 no error","https://urakare.jp/_next/image?url=https://kemvfhztndsfrqqecfkf.supabase.co/storage/v1/object/public/column-images/female-libido/hero.webp&w=1080&q=75","","appears 60 times"
"200 no error","https://urakare.jp/_next/image?url=https://kemvfhztndsfrqqecfkf.supabase.co/storage/v1/object/public/column-images/female-libido/hero.webp&w=1200&q=75","","appears 60 times"
"200 no error","https://urakare.jp/_next/image?url=https://kemvfhztndsfrqqecfkf.supabase.co/storage/v1/object/public/column-images/female-libido/hero.webp&w=1920&q=75","","appears 60 times"
"200 no error","https://urakare.jp/_next/image?url=https://kemvfhztndsfrqqecfkf.supabase.co/storage/v1/object/public/column-images/female-libido/hero.webp&w=2048&q=75","","appears 60 times"
"200 no error","https://urakare.jp/_next/image?url=https://kemvfhztndsfrqqecfkf.supabase.co/storage/v1/object/public/column-images/female-libido/hero.webp&w=3840&q=75","","appears 120 times"
"200 no error","https://line-harness.otudesumyiphone4s-3d3.workers.dev/r/col-selfcare","","appears 106 times"
"200 no error","https://urakare.jp/og/column/jofu-guide-og.jpg","","appears 8 times"
"200 no error","https://urakare.jp/_next/image?url=/og/column/jofu-guide-hero.webp&w=640&q=85&dpl=dpl_7WTW9QoqRCZeqgUAy1hmqp4Xg7s6","","appears 8 times"
"200 no error","https://urakare.jp/_next/image?url=/og/column/jofu-guide-hero.webp&w=750&q=85&dpl=dpl_7WTW9QoqRCZeqgUAy1hmqp4Xg7s6","","appears 8 times"
"200 no error","https://urakare.jp/_next/image?url=/og/column/jofu-guide-hero.webp&w=828&q=85&dpl=dpl_7WTW9QoqRCZeqgUAy1hmqp4Xg7s6","","appears 8 times"
"200 no error","https://urakare.jp/_next/image?url=/og/column/jofu-guide-hero.webp&w=1080&q=85&dpl=dpl_7WTW9QoqRCZeqgUAy1hmqp4Xg7s6","","appears 8 times"
"200 no error","https://urakare.jp/_next/image?url=/og/column/jofu-guide-hero.webp&w=1200&q=85&dpl=dpl_7WTW9QoqRCZeqgUAy1hmqp4Xg7s6","","appears 8 times"
"200 no error","https://urakare.jp/_next/image?url=/og/column/jofu-guide-hero.webp&w=1920&q=85&dpl=dpl_7WTW9QoqRCZeqgUAy1hmqp4Xg7s6","","appears 8 times"
"200 no error","https://urakare.jp/_next/image?url=/og/column/jofu-guide-hero.webp&w=2048&q=85&dpl=dpl_7WTW9QoqRCZeqgUAy1hmqp4Xg7s6","","appears 8 times"
"200 no error","https://urakare.jp/_next/image?url=/og/column/jofu-guide-hero.webp&w=3840&q=85&dpl=dpl_7WTW9QoqRCZeqgUAy1hmqp4Xg7s6","","appears 16 times"
"200 no error","https://line-harness.otudesumyiphone4s-3d3.workers.dev/r/col-jofu?utm_source=urakare&utm_medium=pillar&utm_campaign=jofu-guide&utm_content=hero_mini_link","","appears 8 times"
"200 no error","https://urakare.jp/column/jofu-guide#journey","","appears 8 times"
"200 no error","https://urakare.jp/column/jofu-guide#stats","","appears 8 times"
"200 no error","https://urakare.jp/column/jofu-guide#faq","","appears 8 times"
"200 no error","https://urakare.jp/column/jofu-guide#compare","","appears 8 times"
"200 no error","https://urakare.jp/column/jofu-guide#trust","","appears 8 times"
"200 no error","https://urakare.jp/column/jofu-guide#notes","","appears 8 times"
"200 no error","https://urakare.jp/column/jofu-guide#cta","","appears 8 times"
"200 no error","https://urakare.jp/_next/image?url=/images/column/jofu-guide/stats-header.webp&w=640&q=85&dpl=dpl_7WTW9QoqRCZeqgUAy1hmqp4Xg7s6","","appears 8 times"
"200 no error","https://urakare.jp/_next/image?url=/images/column/jofu-guide/stats-header.webp&w=750&q=85&dpl=dpl_7WTW9QoqRCZeqgUAy1hmqp4Xg7s6","","appears 8 times"
"200 no error","https://urakare.jp/_next/image?url=/images/column/jofu-guide/stats-header.webp&w=828&q=85&dpl=dpl_7WTW9QoqRCZeqgUAy1hmqp4Xg7s6","","appears 8 times"
"200 no error","https://urakare.jp/_next/image?url=/images/column/jofu-guide/stats-header.webp&w=1080&q=85&dpl=dpl_7WTW9QoqRCZeqgUAy1hmqp4Xg7s6","","appears 8 times"
"200 no error","https://urakare.jp/_next/image?url=/images/column/jofu-guide/stats-header.webp&w=1200&q=85&dpl=dpl_7WTW9QoqRCZeqgUAy1hmqp4Xg7s6","","appears 8 times"
"200 no error","https://urakare.jp/_next/image?url=/images/column/jofu-guide/stats-header.webp&w=1920&q=85&dpl=dpl_7WTW9QoqRCZeqgUAy1hmqp4Xg7s6","","appears 8 times"
"200 no error","https://urakare.jp/_next/image?url=/images/column/jofu-guide/stats-header.webp&w=2048&q=85&dpl=dpl_7WTW9QoqRCZeqgUAy1hmqp4Xg7s6","","appears 8 times"
"200 no error","https://urakare.jp/_next/image?url=/images/column/jofu-guide/stats-header.webp&w=3840&q=85&dpl=dpl_7WTW9QoqRCZeqgUAy1hmqp4Xg7s6","","appears 16 times"
"200 no error","https://line-harness.otudesumyiphone4s-3d3.workers.dev/r/col-jofu?utm_source=urakare&utm_medium=pillar&utm_campaign=jofu-guide&utm_content=faq_pricing_cta","","appears 8 times"
"200 no error","https://line-harness.otudesumyiphone4s-3d3.workers.dev/r/col-jofu?utm_source=urakare&utm_medium=pillar&utm_campaign=jofu-guide&utm_content=faq_line_cta","","appears 8 times"
"200 no error","https://line-harness.otudesumyiphone4s-3d3.workers.dev/r/col-jofu?utm_source=urakare&utm_medium=pillar&utm_campaign=jofu-guide&utm_content=footer_main_cta","","appears 8 times"
"200 no error","https://urakare.jp/_next/image?url=https://kemvfhztndsfrqqecfkf.supabase.co/storage/v1/object/public/column-images/sexual-pain/og-image.jpg&w=640&q=75","","appears 116 times"
"200 no error","https://urakare.jp/_next/image?url=https://kemvfhztndsfrqqecfkf.supabase.co/storage/v1/object/public/column-images/sexual-pain/og-image.jpg&w=750&q=75","","appears 116 times"
"200 no error","https://urakare.jp/_next/image?url=https://kemvfhztndsfrqqecfkf.supabase.co/storage/v1/object/public/column-images/sexual-pain/og-image.jpg&w=828&q=75","","appears 116 times"
"200 no error","https://urakare.jp/_next/image?url=https://kemvfhztndsfrqqecfkf.supabase.co/storage/v1/object/public/column-images/sexual-pain/og-image.jpg&w=1080&q=75","","appears 116 times"
"200 no error","https://urakare.jp/_next/image?url=https://kemvfhztndsfrqqecfkf.supabase.co/storage/v1/object/public/column-images/sexual-pain/og-image.jpg&w=1200&q=75","","appears 116 times"
"200 no error","https://urakare.jp/_next/image?url=https://kemvfhztndsfrqqecfkf.supabase.co/storage/v1/object/public/column-images/sexual-pain/og-image.jpg&w=1920&q=75","","appears 116 times"
"200 no error","https://urakare.jp/_next/image?url=https://kemvfhztndsfrqqecfkf.supabase.co/storage/v1/object/public/column-images/sexual-pain/og-image.jpg&w=2048&q=75","","appears 116 times"
"200 no error","https://urakare.jp/_next/image?url=https://kemvfhztndsfrqqecfkf.supabase.co/storage/v1/object/public/column-images/sexual-pain/og-image.jpg&w=3840&q=75","","appears 232 times"
"200 no error","https://urakare.jp/images/industry/hero/industry-og.webp","","appears 2 times"
"200 no error","https://urakare.jp/_next/image?url=/images/industry/hero/industry-hero.webp&w=640&q=75&dpl=dpl_7WTW9QoqRCZeqgUAy1hmqp4Xg7s6","","appears 2 times"
"200 no error","https://urakare.jp/_next/image?url=/images/industry/hero/industry-hero.webp&w=750&q=75&dpl=dpl_7WTW9QoqRCZeqgUAy1hmqp4Xg7s6","","appears 2 times"
"200 no error","https://urakare.jp/_next/image?url=/images/industry/hero/industry-hero.webp&w=828&q=75&dpl=dpl_7WTW9QoqRCZeqgUAy1hmqp4Xg7s6","","appears 2 times"
"200 no error","https://urakare.jp/_next/image?url=/images/industry/hero/industry-hero.webp&w=1080&q=75&dpl=dpl_7WTW9QoqRCZeqgUAy1hmqp4Xg7s6","","appears 2 times"
"200 no error","https://urakare.jp/_next/image?url=/images/industry/hero/industry-hero.webp&w=1200&q=75&dpl=dpl_7WTW9QoqRCZeqgUAy1hmqp4Xg7s6","","appears 2 times"
"200 no error","https://urakare.jp/_next/image?url=/images/industry/hero/industry-hero.webp&w=1920&q=75&dpl=dpl_7WTW9QoqRCZeqgUAy1hmqp4Xg7s6","","appears 2 times"
"200 no error","https://urakare.jp/_next/image?url=/images/industry/hero/industry-hero.webp&w=2048&q=75&dpl=dpl_7WTW9QoqRCZeqgUAy1hmqp4Xg7s6","","appears 2 times"
"200 no error","https://urakare.jp/_next/image?url=/images/industry/hero/industry-hero.webp&w=3840&q=75&dpl=dpl_7WTW9QoqRCZeqgUAy1hmqp4Xg7s6","","appears 4 times"
"200 no error","https://urakare.jp/column/industry#recruit-policy","","appears 2 times"
"200 no error","https://urakare.jp/_next/image?url=https://kemvfhztndsfrqqecfkf.supabase.co/storage/v1/object/public/column-images/therapist-mental-care/hero.webp&w=640&q=75","","appears 88 times"
"200 no error","https://urakare.jp/_next/image?url=https://kemvfhztndsfrqqecfkf.supabase.co/storage/v1/object/public/column-images/therapist-mental-care/hero.webp&w=750&q=75","","appears 88 times"
"200 no error","https://urakare.jp/_next/image?url=https://kemvfhztndsfrqqecfkf.supabase.co/storage/v1/object/public/column-images/therapist-mental-care/hero.webp&w=828&q=75","","appears 88 times"
"200 no error","https://urakare.jp/_next/image?url=https://kemvfhztndsfrqqecfkf.supabase.co/storage/v1/object/public/column-images/therapist-mental-care/hero.webp&w=1080&q=75","","appears 88 times"
"200 no error","https://urakare.jp/_next/image?url=https://kemvfhztndsfrqqecfkf.supabase.co/storage/v1/object/public/column-images/therapist-mental-care/hero.webp&w=1200&q=75","","appears 88 times"
"200 no error","https://urakare.jp/_next/image?url=https://kemvfhztndsfrqqecfkf.supabase.co/storage/v1/object/public/column-images/therapist-mental-care/hero.webp&w=1920&q=75","","appears 88 times"
"200 no error","https://urakare.jp/_next/image?url=https://kemvfhztndsfrqqecfkf.supabase.co/storage/v1/object/public/column-images/therapist-mental-care/hero.webp&w=2048&q=75","","appears 88 times"
"200 no error","https://urakare.jp/_next/image?url=https://kemvfhztndsfrqqecfkf.supabase.co/storage/v1/object/public/column-images/therapist-mental-care/hero.webp&w=3840&q=75","","appears 176 times"
"200 no error","https://img.youtube.com/vi/sFppAfCwYyU/maxresdefault.jpg","","appears 2 times"
"200 no error","https://urakare.jp/_next/image?url=https://kemvfhztndsfrqqecfkf.supabase.co/storage/v1/object/public/column-images/foreign-customers-safety-design/hero.webp&w=640&q=75","","appears 46 times"
"200 no error","https://urakare.jp/_next/image?url=https://kemvfhztndsfrqqecfkf.supabase.co/storage/v1/object/public/column-images/foreign-customers-safety-design/hero.webp&w=750&q=75","","appears 46 times"
"200 no error","https://urakare.jp/_next/image?url=https://kemvfhztndsfrqqecfkf.supabase.co/storage/v1/object/public/column-images/foreign-customers-safety-design/hero.webp&w=828&q=75","","appears 46 times"
"200 no error","https://urakare.jp/_next/image?url=https://kemvfhztndsfrqqecfkf.supabase.co/storage/v1/object/public/column-images/foreign-customers-safety-design/hero.webp&w=1080&q=75","","appears 46 times"
"200 no error","https://urakare.jp/_next/image?url=https://kemvfhztndsfrqqecfkf.supabase.co/storage/v1/object/public/column-images/foreign-customers-safety-design/hero.webp&w=1200&q=75","","appears 46 times"
"200 no error","https://urakare.jp/_next/image?url=https://kemvfhztndsfrqqecfkf.supabase.co/storage/v1/object/public/column-images/foreign-customers-safety-design/hero.webp&w=1920&q=75","","appears 46 times"
"200 no error","https://urakare.jp/_next/image?url=https://kemvfhztndsfrqqecfkf.supabase.co/storage/v1/object/public/column-images/foreign-customers-safety-design/hero.webp&w=2048&q=75","","appears 46 times"
"200 no error","https://urakare.jp/_next/image?url=https://kemvfhztndsfrqqecfkf.supabase.co/storage/v1/object/public/column-images/foreign-customers-safety-design/hero.webp&w=3840&q=75","","appears 92 times"
"200 no error","https://urakare.jp/column/interview#policy","","appears 9 times"
"200 no error","https://urakare.jp/column/interview#persona","","appears 3 times"
"200 no error","https://line-harness.otudesumyiphone4s-3d3.workers.dev/r/col-interview?utm_source=urakare&utm_medium=pillar&utm_campaign=interview&utm_content=faq_t5_interview_request","","appears 3 times"
"200 no error","https://line-harness.otudesumyiphone4s-3d3.workers.dev/r/col-interview?utm_source=urakare&utm_medium=pillar&utm_campaign=interview&utm_content=faq_line_cta","","appears 3 times"
"200 no error","https://line-harness.otudesumyiphone4s-3d3.workers.dev/r/col-interview?utm_source=urakare&utm_medium=pillar&utm_campaign=interview&utm_content=footer_main_cta","","appears 3 times"
"200 no error","https://kemvfhztndsfrqqecfkf.supabase.co/storage/v1/object/public/column-images/self-pleasure-guide/og-image.webp","","appears 20 times"
"200 no error","https://urakare.jp/column/self-pleasure/self-pleasure-guide#self-care","","appears 10 times"
"200 no error","https://urakare.jp/column/self-pleasure/self-pleasure-guide#mistakes","","appears 10 times"
"200 no error","https://urakare.jp/column/self-pleasure/self-pleasure-guide#self-check","","appears 10 times"
"200 no error","https://urakare.jp/column/self-pleasure/self-pleasure-guide#step-guide","","appears 10 times"
"200 no error","https://urakare.jp/column/self-pleasure/self-pleasure-guide#graduation","","appears 10 times"
"200 no error","https://urakare.jp/column/self-pleasure/self-pleasure-guide#qa","","appears 10 times"
"200 no error","https://urakare.jp/column/self-pleasure/self-pleasure-guide#message","","appears 10 times"
"200 no error","https://urakare.jp/column/self-pleasure/self-pleasure-guide#faq","","appears 10 times"
"200 no error","https://urakare.jp/column/self-pleasure/self-pleasure-guide#references","","appears 10 times"
"200 no error","https://www.jfpa.or.jp/jfpa_ic/2024_5/","","appears 66 times"
"blocked by Cloudflare < 302 found","https://www.sciencedirect.com/science/article/abs/pii/S1743609519314705","https://www.sciencedirect.com/user/error","appears 20 times"
"200 no error < 302 found","https://onlinelibrary.wiley.com/doi/abs/10.1111/j.1743-6109.2009.01318.x","https://onlinelibrary.wiley.com/action/oidcCallback?idpCode=connect&error=login_required&error_description=Login+required&state=Dps2IO0LOrpSUAYYguc7KtuRrf28v6p+GQvmml7isNJGAvPGtvNxrab3OvG3RTT7Yi3hpevVp3z+9xwSC0BKczFoIbpauSnPdPDsEJoMMkO3c24Dy1NP/TJu8253zSE+lSpqCDo3TqpvhD5CxDtU6CmJ0tW9zAWa2PeFF04sVSk=","appears 20 times"
"200 no error","https://pubmed.ncbi.nlm.nih.gov/28213723/","","appears 36 times"
"200 no error","https://urakare.jp/_next/image?url=https://kemvfhztndsfrqqecfkf.supabase.co/storage/v1/object/public/column-images/self-pleasure-guide/section-guide.webp&w=1920&q=75","","appears 10 times"
"200 no error","https://urakare.jp/_next/image?url=https://kemvfhztndsfrqqecfkf.supabase.co/storage/v1/object/public/column-images/self-pleasure-guide/section-guide.webp&w=3840&q=75","","appears 20 times"
"200 no error","https://pubmed.ncbi.nlm.nih.gov/36763957/","","appears 36 times"
"200 no error","https://www.biorxiv.org/content/10.64898/2026.03.18.712572v1","","appears 20 times"
"200 no error","https://urakare.jp/_next/image?url=https://kemvfhztndsfrqqecfkf.supabase.co/storage/v1/object/public/column-images/self-pleasure-guide/section-anatomy.webp&w=1920&q=75","","appears 21 times"
"200 no error","https://urakare.jp/_next/image?url=https://kemvfhztndsfrqqecfkf.supabase.co/storage/v1/object/public/column-images/self-pleasure-guide/section-anatomy.webp&w=3840&q=75","","appears 42 times"
"200 no error","https://pubmed.ncbi.nlm.nih.gov/28678639/","","appears 42 times"
"blocked by Cloudflare < 302 found","https://www.sciencedirect.com/science/article/abs/pii/S1743609522009602","https://www.sciencedirect.com/user/error","appears 20 times"
"200 no error","https://urakare.jp/_next/image?url=https://kemvfhztndsfrqqecfkf.supabase.co/storage/v1/object/public/column-images/self-pleasure-guide/section-closing.webp&w=1920&q=75","","appears 10 times"
"200 no error","https://urakare.jp/_next/image?url=https://kemvfhztndsfrqqecfkf.supabase.co/storage/v1/object/public/column-images/self-pleasure-guide/section-closing.webp&w=3840&q=75","","appears 20 times"
"200 no error","https://urakare.jp/_next/image?url=https://kemvfhztndsfrqqecfkf.supabase.co/storage/v1/object/public/column-images/female-libido/hero.webp&w=32&q=75","","appears 48 times"
"200 no error","https://urakare.jp/_next/image?url=https://kemvfhztndsfrqqecfkf.supabase.co/storage/v1/object/public/column-images/female-libido/hero.webp&w=48&q=75","","appears 48 times"
"200 no error","https://urakare.jp/_next/image?url=https://kemvfhztndsfrqqecfkf.supabase.co/storage/v1/object/public/column-images/female-libido/hero.webp&w=64&q=75","","appears 48 times"
"200 no error","https://urakare.jp/_next/image?url=https://kemvfhztndsfrqqecfkf.supabase.co/storage/v1/object/public/column-images/female-libido/hero.webp&w=96&q=75","","appears 48 times"
"200 no error","https://urakare.jp/_next/image?url=https://kemvfhztndsfrqqecfkf.supabase.co/storage/v1/object/public/column-images/female-libido/hero.webp&w=128&q=75","","appears 48 times"
"200 no error","https://urakare.jp/_next/image?url=https://kemvfhztndsfrqqecfkf.supabase.co/storage/v1/object/public/column-images/female-libido/hero.webp&w=256&q=75","","appears 48 times"
"200 no error","https://urakare.jp/_next/image?url=https://kemvfhztndsfrqqecfkf.supabase.co/storage/v1/object/public/column-images/female-libido/hero.webp&w=384&q=75","","appears 48 times"
"200 no error","https://pmc.ncbi.nlm.nih.gov/articles/PMC3240713/","","appears 10 times"
"200 no error","https://pmc.ncbi.nlm.nih.gov/articles/PMC2811244/","","appears 10 times"
"200 no error","https://pubmed.ncbi.nlm.nih.gov/25112854/","","appears 10 times"
"200 no error","https://pmc.ncbi.nlm.nih.gov/articles/PMC3186818/","","appears 10 times"
"blocked by Cloudflare","https://www.jneurosci.org/content/42/6/1131","","appears 10 times"
"blocked by Cloudflare","https://journals.sagepub.com/doi/10.1177/26318318251362554","","appears 10 times"
"200 no error","https://my.clevelandclinic.org/health/diseases/22870-hypertonic-pelvic-floor","","appears 10 times"
"200 no error","https://www.smsna.org/patients/did-you-know/how-can-overly-tight-pelvic-floor-muscles-impact-one-s-sexual-health","","appears 10 times"
"200 no error","https://urakare.jp/images/column/honban-real-talk/og-image.jpg","","appears 24 times"
"200 no error","https://urakare.jp/_next/image?url=/images/column/honban-real-talk/hero.webp?v=2&w=640&q=75&dpl=dpl_7WTW9QoqRCZeqgUAy1hmqp4Xg7s6","","appears 12 times"
"200 no error","https://urakare.jp/_next/image?url=/images/column/honban-real-talk/hero.webp?v=2&w=750&q=75&dpl=dpl_7WTW9QoqRCZeqgUAy1hmqp4Xg7s6","","appears 12 times"
"200 no error","https://urakare.jp/_next/image?url=/images/column/honban-real-talk/hero.webp?v=2&w=828&q=75&dpl=dpl_7WTW9QoqRCZeqgUAy1hmqp4Xg7s6","","appears 12 times"
"200 no error","https://urakare.jp/_next/image?url=/images/column/honban-real-talk/hero.webp?v=2&w=1080&q=75&dpl=dpl_7WTW9QoqRCZeqgUAy1hmqp4Xg7s6","","appears 12 times"
"200 no error","https://urakare.jp/_next/image?url=/images/column/honban-real-talk/hero.webp?v=2&w=1200&q=75&dpl=dpl_7WTW9QoqRCZeqgUAy1hmqp4Xg7s6","","appears 12 times"
"200 no error","https://urakare.jp/_next/image?url=/images/column/honban-real-talk/hero.webp?v=2&w=1920&q=75&dpl=dpl_7WTW9QoqRCZeqgUAy1hmqp4Xg7s6","","appears 12 times"
"200 no error","https://urakare.jp/_next/image?url=/images/column/honban-real-talk/hero.webp?v=2&w=2048&q=75&dpl=dpl_7WTW9QoqRCZeqgUAy1hmqp4Xg7s6","","appears 12 times"
"200 no error","https://urakare.jp/_next/image?url=/images/column/honban-real-talk/hero.webp?v=2&w=3840&q=75&dpl=dpl_7WTW9QoqRCZeqgUAy1hmqp4Xg7s6","","appears 24 times"
"200 no error","https://urakare.jp/column/jofu-guide/honban-real-talk#honne","","appears 12 times"
"200 no error","https://urakare.jp/column/jofu-guide/honban-real-talk#genba","","appears 12 times"
"200 no error","https://urakare.jp/column/jofu-guide/honban-real-talk#structure","","appears 12 times"
"200 no error","https://urakare.jp/column/jofu-guide/honban-real-talk#demand","","appears 12 times"
"200 no error","https://urakare.jp/column/jofu-guide/honban-real-talk#kieru","","appears 12 times"
"200 no error","https://urakare.jp/column/jofu-guide/honban-real-talk#usupperai","","appears 12 times"
"200 no error","https://urakare.jp/column/jofu-guide/honban-real-talk#kachi","","appears 12 times"
"200 no error","https://urakare.jp/column/jofu-guide/honban-real-talk#kenzen-shop","","appears 12 times"
"200 no error","https://urakare.jp/column/jofu-guide/honban-real-talk#erabikata","","appears 12 times"
"200 no error","https://urakare.jp/column/jofu-guide/honban-real-talk#faq","","appears 12 times"
"200 no error","https://urakare.jp/column/jofu-guide/honban-real-talk#references","","appears 12 times"
"200 no error","https://urakare.jp/_next/image?url=/images/column/honban-real-talk/section-genba.webp&w=1920&q=75&dpl=dpl_7WTW9QoqRCZeqgUAy1hmqp4Xg7s6","","appears 12 times"
"200 no error","https://urakare.jp/_next/image?url=/images/column/honban-real-talk/section-genba.webp&w=3840&q=75&dpl=dpl_7WTW9QoqRCZeqgUAy1hmqp4Xg7s6","","appears 24 times"
"200 no error < 302 found","https://doi.org/10.1037/h0093718","https://psycnet.apa.org:443/doiLanding?doi=10.1037/h0093718","appears 24 times"
"200 no error","https://pubmed.ncbi.nlm.nih.gov/15661671/","","appears 24 times"
"200 no error","https://pubmed.ncbi.nlm.nih.gov/12866759/","","appears 24 times"
"200 no error","https://pubmed.ncbi.nlm.nih.gov/20063924/","","appears 24 times"
"200 no error","https://urakare.jp/_next/image?url=/images/column/honban-real-talk/section-iyashi.webp&w=1920&q=75&dpl=dpl_7WTW9QoqRCZeqgUAy1hmqp4Xg7s6","","appears 12 times"
"200 no error","https://urakare.jp/_next/image?url=/images/column/honban-real-talk/section-iyashi.webp&w=3840&q=75&dpl=dpl_7WTW9QoqRCZeqgUAy1hmqp4Xg7s6","","appears 24 times"
"200 no error < 302 found","https://doi.org/10.1037/0022-3514.64.2.243","https://psycnet.apa.org:443/doiLanding?doi=10.1037/0022-3514.64.2.243","appears 12 times"
"200 no error","https://www.bibliovault.org/BV.landing.epl?ISBN=9780226346823","","appears 12 times"
"blocked by Cloudflare < 302 found","https://doi.org/10.1111/j.1471-6402.1997.tb00108.x","https://journals.sagepub.com/doi/10.1111/j.1471-6402.1997.tb00108.x","appears 12 times"
"200 no error","https://pubmed.ncbi.nlm.nih.gov/15730119/","","appears 12 times"
"200 no error","https://kemvfhztndsfrqqecfkf.supabase.co/storage/v1/object/public/column-images/nakaiki-guide/og-image.jpg","","appears 22 times"
"200 no error","https://urakare.jp/column/self-pleasure/nakaiki-guide#mechanism","","appears 11 times"
"200 no error","https://urakare.jp/column/self-pleasure/nakaiki-guide#why-difficult","","appears 11 times"
"200 no error","https://urakare.jp/column/self-pleasure/nakaiki-guide#counseling","","appears 11 times"
"200 no error","https://urakare.jp/column/self-pleasure/nakaiki-guide#signs","","appears 11 times"
"200 no error","https://urakare.jp/column/self-pleasure/nakaiki-guide#self-steps","","appears 11 times"
"200 no error","https://urakare.jp/column/self-pleasure/nakaiki-guide#mental","","appears 11 times"
"200 no error","https://urakare.jp/column/self-pleasure/nakaiki-guide#with-pro","","appears 11 times"
"200 no error","https://urakare.jp/column/self-pleasure/nakaiki-guide#message","","appears 11 times"
"200 no error","https://urakare.jp/column/self-pleasure/nakaiki-guide#faq","","appears 11 times"
"200 no error","https://urakare.jp/column/self-pleasure/nakaiki-guide#references","","appears 11 times"
"200 no error","https://pubmed.ncbi.nlm.nih.gov/15661324/","","appears 22 times"
"200 no error","https://pmc.ncbi.nlm.nih.gov/articles/PMC8824509/","","appears 38 times"
"200 no error","https://pubmed.ncbi.nlm.nih.gov/34509752/","","appears 22 times"
"The request timed out.","https://www.durex.com/cm/gss2005result.pdf","","appears 22 times"
"200 no error","https://pubmed.ncbi.nlm.nih.gov/31502071/","","appears 22 times"
"200 no error","https://urakare.jp/_next/image?url=https://kemvfhztndsfrqqecfkf.supabase.co/storage/v1/object/public/column-images/nakaiki-guide/relaxing-bath.webp&w=640&q=75","","appears 11 times"
"200 no error","https://urakare.jp/_next/image?url=https://kemvfhztndsfrqqecfkf.supabase.co/storage/v1/object/public/column-images/nakaiki-guide/relaxing-bath.webp&w=750&q=75","","appears 11 times"
"200 no error","https://urakare.jp/_next/image?url=https://kemvfhztndsfrqqecfkf.supabase.co/storage/v1/object/public/column-images/nakaiki-guide/relaxing-bath.webp&w=828&q=75","","appears 11 times"
"200 no error","https://urakare.jp/_next/image?url=https://kemvfhztndsfrqqecfkf.supabase.co/storage/v1/object/public/column-images/nakaiki-guide/relaxing-bath.webp&w=1080&q=75","","appears 11 times"
"200 no error","https://urakare.jp/_next/image?url=https://kemvfhztndsfrqqecfkf.supabase.co/storage/v1/object/public/column-images/nakaiki-guide/relaxing-bath.webp&w=1200&q=75","","appears 11 times"
"200 no error","https://urakare.jp/_next/image?url=https://kemvfhztndsfrqqecfkf.supabase.co/storage/v1/object/public/column-images/nakaiki-guide/relaxing-bath.webp&w=1920&q=75","","appears 11 times"
"200 no error","https://urakare.jp/_next/image?url=https://kemvfhztndsfrqqecfkf.supabase.co/storage/v1/object/public/column-images/nakaiki-guide/relaxing-bath.webp&w=2048&q=75","","appears 11 times"
"200 no error","https://urakare.jp/_next/image?url=https://kemvfhztndsfrqqecfkf.supabase.co/storage/v1/object/public/column-images/nakaiki-guide/relaxing-bath.webp&w=3840&q=75","","appears 22 times"
"200 no error","https://pubmed.ncbi.nlm.nih.gov/19283590/","","appears 22 times"
"200 no error","https://pubmed.ncbi.nlm.nih.gov/18331571/","","appears 22 times"
"200 no error","https://pubmed.ncbi.nlm.nih.gov/33527783/","","appears 22 times"
"200 no error < 307 temporarily redirected","https://www.omgyes.com/en/season2","https://www.omgyes.com/join","appears 22 times"
"200 no error","https://pmc.ncbi.nlm.nih.gov/articles/PMC10243933/","","appears 38 times"
"200 no error","https://urakare.jp/_next/image?url=https://kemvfhztndsfrqqecfkf.supabase.co/storage/v1/object/public/column-images/nakaiki-guide/deep-breathing.webp&w=640&q=75","","appears 11 times"
"200 no error","https://urakare.jp/_next/image?url=https://kemvfhztndsfrqqecfkf.supabase.co/storage/v1/object/public/column-images/nakaiki-guide/deep-breathing.webp&w=750&q=75","","appears 11 times"
"200 no error","https://urakare.jp/_next/image?url=https://kemvfhztndsfrqqecfkf.supabase.co/storage/v1/object/public/column-images/nakaiki-guide/deep-breathing.webp&w=828&q=75","","appears 11 times"
"200 no error","https://urakare.jp/_next/image?url=https://kemvfhztndsfrqqecfkf.supabase.co/storage/v1/object/public/column-images/nakaiki-guide/deep-breathing.webp&w=1080&q=75","","appears 11 times"
"200 no error","https://urakare.jp/_next/image?url=https://kemvfhztndsfrqqecfkf.supabase.co/storage/v1/object/public/column-images/nakaiki-guide/deep-breathing.webp&w=1200&q=75","","appears 11 times"
"200 no error","https://urakare.jp/_next/image?url=https://kemvfhztndsfrqqecfkf.supabase.co/storage/v1/object/public/column-images/nakaiki-guide/deep-breathing.webp&w=1920&q=75","","appears 11 times"
"200 no error","https://urakare.jp/_next/image?url=https://kemvfhztndsfrqqecfkf.supabase.co/storage/v1/object/public/column-images/nakaiki-guide/deep-breathing.webp&w=2048&q=75","","appears 11 times"
"200 no error","https://urakare.jp/_next/image?url=https://kemvfhztndsfrqqecfkf.supabase.co/storage/v1/object/public/column-images/nakaiki-guide/deep-breathing.webp&w=3840&q=75","","appears 22 times"
"200 no error","https://urakare.jp/_next/image?url=https://kemvfhztndsfrqqecfkf.supabase.co/storage/v1/object/public/column-images/nakaiki-guide/self-embrace.webp&w=640&q=75","","appears 11 times"
"200 no error","https://urakare.jp/_next/image?url=https://kemvfhztndsfrqqecfkf.supabase.co/storage/v1/object/public/column-images/nakaiki-guide/self-embrace.webp&w=750&q=75","","appears 11 times"
"200 no error","https://urakare.jp/_next/image?url=https://kemvfhztndsfrqqecfkf.supabase.co/storage/v1/object/public/column-images/nakaiki-guide/self-embrace.webp&w=828&q=75","","appears 11 times"
"200 no error","https://urakare.jp/_next/image?url=https://kemvfhztndsfrqqecfkf.supabase.co/storage/v1/object/public/column-images/nakaiki-guide/self-embrace.webp&w=1080&q=75","","appears 11 times"
"200 no error","https://urakare.jp/_next/image?url=https://kemvfhztndsfrqqecfkf.supabase.co/storage/v1/object/public/column-images/nakaiki-guide/self-embrace.webp&w=1200&q=75","","appears 11 times"
"200 no error","https://urakare.jp/_next/image?url=https://kemvfhztndsfrqqecfkf.supabase.co/storage/v1/object/public/column-images/nakaiki-guide/self-embrace.webp&w=1920&q=75","","appears 11 times"
"200 no error","https://urakare.jp/_next/image?url=https://kemvfhztndsfrqqecfkf.supabase.co/storage/v1/object/public/column-images/nakaiki-guide/self-embrace.webp&w=2048&q=75","","appears 11 times"
"200 no error","https://urakare.jp/_next/image?url=https://kemvfhztndsfrqqecfkf.supabase.co/storage/v1/object/public/column-images/nakaiki-guide/self-embrace.webp&w=3840&q=75","","appears 22 times"
"200 no error","https://urakare.jp/_next/image?url=https://kemvfhztndsfrqqecfkf.supabase.co/storage/v1/object/public/column-images/sexual-pain/og-image.jpg&w=32&q=75","","appears 114 times"
"200 no error","https://urakare.jp/_next/image?url=https://kemvfhztndsfrqqecfkf.supabase.co/storage/v1/object/public/column-images/sexual-pain/og-image.jpg&w=48&q=75","","appears 114 times"
"200 no error","https://urakare.jp/_next/image?url=https://kemvfhztndsfrqqecfkf.supabase.co/storage/v1/object/public/column-images/sexual-pain/og-image.jpg&w=64&q=75","","appears 114 times"
"200 no error","https://urakare.jp/_next/image?url=https://kemvfhztndsfrqqecfkf.supabase.co/storage/v1/object/public/column-images/sexual-pain/og-image.jpg&w=96&q=75","","appears 114 times"
"200 no error","https://urakare.jp/_next/image?url=https://kemvfhztndsfrqqecfkf.supabase.co/storage/v1/object/public/column-images/sexual-pain/og-image.jpg&w=128&q=75","","appears 114 times"
"200 no error","https://urakare.jp/_next/image?url=https://kemvfhztndsfrqqecfkf.supabase.co/storage/v1/object/public/column-images/sexual-pain/og-image.jpg&w=256&q=75","","appears 114 times"
"200 no error","https://urakare.jp/_next/image?url=https://kemvfhztndsfrqqecfkf.supabase.co/storage/v1/object/public/column-images/sexual-pain/og-image.jpg&w=384&q=75","","appears 114 times"
"200 no error","https://urakare.jp/images/column/male-lifelong-skills/og-image-v2.jpg","","appears 26 times"
"200 no error","https://urakare.jp/column/industry/male-lifelong-skills#skill-01","","appears 13 times"
"200 no error","https://urakare.jp/column/industry/male-lifelong-skills#skill-02","","appears 13 times"
"200 no error","https://urakare.jp/column/industry/male-lifelong-skills#skill-03","","appears 13 times"
"200 no error","https://urakare.jp/column/industry/male-lifelong-skills#skill-04","","appears 13 times"
"200 no error","https://urakare.jp/column/industry/male-lifelong-skills#anshin","","appears 13 times"
"200 no error","https://urakare.jp/column/industry/male-lifelong-skills#skill-05","","appears 13 times"
"200 no error","https://urakare.jp/column/industry/male-lifelong-skills#skill-06","","appears 13 times"
"200 no error","https://urakare.jp/column/industry/male-lifelong-skills#skill-07","","appears 13 times"
"200 no error","https://urakare.jp/column/industry/male-lifelong-skills#kyosha","","appears 13 times"
"200 no error","https://urakare.jp/column/industry/male-lifelong-skills#faq","","appears 13 times"
"200 no error","https://urakare.jp/column/industry/male-lifelong-skills#matome","","appears 13 times"
"200 no error","https://urakare.jp/column/industry/male-lifelong-skills#references","","appears 13 times"
"200 no error","https://line-harness.otudesumyiphone4s-3d3.workers.dev/r/hp-skills?page=welcome","","appears 26 times"
"200 no error","https://urakare.jp/_next/image?url=https://kemvfhztndsfrqqecfkf.supabase.co/storage/v1/object/public/column-images/therapist-mental-care/hero.webp&w=32&q=75","","appears 85 times"
"200 no error","https://urakare.jp/_next/image?url=https://kemvfhztndsfrqqecfkf.supabase.co/storage/v1/object/public/column-images/therapist-mental-care/hero.webp&w=48&q=75","","appears 85 times"
"200 no error","https://urakare.jp/_next/image?url=https://kemvfhztndsfrqqecfkf.supabase.co/storage/v1/object/public/column-images/therapist-mental-care/hero.webp&w=64&q=75","","appears 85 times"
"200 no error","https://urakare.jp/_next/image?url=https://kemvfhztndsfrqqecfkf.supabase.co/storage/v1/object/public/column-images/therapist-mental-care/hero.webp&w=96&q=75","","appears 85 times"
"200 no error","https://urakare.jp/_next/image?url=https://kemvfhztndsfrqqecfkf.supabase.co/storage/v1/object/public/column-images/therapist-mental-care/hero.webp&w=128&q=75","","appears 85 times"
"200 no error","https://urakare.jp/_next/image?url=https://kemvfhztndsfrqqecfkf.supabase.co/storage/v1/object/public/column-images/therapist-mental-care/hero.webp&w=256&q=75","","appears 85 times"
"200 no error","https://urakare.jp/_next/image?url=https://kemvfhztndsfrqqecfkf.supabase.co/storage/v1/object/public/column-images/therapist-mental-care/hero.webp&w=384&q=75","","appears 85 times"
"200 no error","https://urakare.jp/_next/image?url=https://kemvfhztndsfrqqecfkf.supabase.co/storage/v1/object/public/column-images/foreign-customers-safety-design/hero.webp&w=32&q=75","","appears 43 times"
"200 no error","https://urakare.jp/_next/image?url=https://kemvfhztndsfrqqecfkf.supabase.co/storage/v1/object/public/column-images/foreign-customers-safety-design/hero.webp&w=48&q=75","","appears 43 times"
"200 no error","https://urakare.jp/_next/image?url=https://kemvfhztndsfrqqecfkf.supabase.co/storage/v1/object/public/column-images/foreign-customers-safety-design/hero.webp&w=64&q=75","","appears 43 times"
"200 no error","https://urakare.jp/_next/image?url=https://kemvfhztndsfrqqecfkf.supabase.co/storage/v1/object/public/column-images/foreign-customers-safety-design/hero.webp&w=96&q=75","","appears 43 times"
"200 no error","https://urakare.jp/_next/image?url=https://kemvfhztndsfrqqecfkf.supabase.co/storage/v1/object/public/column-images/foreign-customers-safety-design/hero.webp&w=128&q=75","","appears 43 times"
"200 no error","https://urakare.jp/_next/image?url=https://kemvfhztndsfrqqecfkf.supabase.co/storage/v1/object/public/column-images/foreign-customers-safety-design/hero.webp&w=256&q=75","","appears 43 times"
"200 no error","https://urakare.jp/_next/image?url=https://kemvfhztndsfrqqecfkf.supabase.co/storage/v1/object/public/column-images/foreign-customers-safety-design/hero.webp&w=384&q=75","","appears 43 times"
"200 no error","https://www.sagami-gomu.co.jp/project/nipponnosex/2026/","","appears 13 times"
"200 no error","https://ananweb.jp/categories/lifestyle/63268","","appears 13 times"
"200 no error","https://www.ted.com/talks/laurie_mintz_a_new_sexual_revolution_for_orgasm_equality","","appears 13 times"
"200 no error","https://truly-japan.com/articles/361/","","appears 13 times"
"200 no error","https://www.bodywork.co.jp/recruit/","","appears 13 times"
"200 no error","https://line-harness.otudesumyiphone4s-3d3.workers.dev/r/col-industry","","appears 90 times"
"200 no error","https://urakare.jp/og/column/pleasure-care-toha-og.jpg","","appears 28 times"
"200 no error","https://urakare.jp/_next/image?url=/og/column/pleasure-care-toha-hero.webp&w=640&q=75&dpl=dpl_7WTW9QoqRCZeqgUAy1hmqp4Xg7s6","","appears 14 times"
"200 no error","https://urakare.jp/_next/image?url=/og/column/pleasure-care-toha-hero.webp&w=750&q=75&dpl=dpl_7WTW9QoqRCZeqgUAy1hmqp4Xg7s6","","appears 14 times"
"200 no error","https://urakare.jp/_next/image?url=/og/column/pleasure-care-toha-hero.webp&w=828&q=75&dpl=dpl_7WTW9QoqRCZeqgUAy1hmqp4Xg7s6","","appears 14 times"
"200 no error","https://urakare.jp/_next/image?url=/og/column/pleasure-care-toha-hero.webp&w=1080&q=75&dpl=dpl_7WTW9QoqRCZeqgUAy1hmqp4Xg7s6","","appears 14 times"
"200 no error","https://urakare.jp/_next/image?url=/og/column/pleasure-care-toha-hero.webp&w=1200&q=75&dpl=dpl_7WTW9QoqRCZeqgUAy1hmqp4Xg7s6","","appears 14 times"
"200 no error","https://urakare.jp/_next/image?url=/og/column/pleasure-care-toha-hero.webp&w=1920&q=75&dpl=dpl_7WTW9QoqRCZeqgUAy1hmqp4Xg7s6","","appears 14 times"
"200 no error","https://urakare.jp/_next/image?url=/og/column/pleasure-care-toha-hero.webp&w=2048&q=75&dpl=dpl_7WTW9QoqRCZeqgUAy1hmqp4Xg7s6","","appears 14 times"
"200 no error","https://urakare.jp/_next/image?url=/og/column/pleasure-care-toha-hero.webp&w=3840&q=75&dpl=dpl_7WTW9QoqRCZeqgUAy1hmqp4Xg7s6","","appears 28 times"
"200 no error","https://urakare.jp/column/industry/pleasure-care-toha#definition","","appears 14 times"
"200 no error","https://urakare.jp/column/industry/pleasure-care-toha#origin","","appears 14 times"
"200 no error","https://urakare.jp/column/industry/pleasure-care-toha#three-principles","","appears 14 times"
"200 no error","https://urakare.jp/column/industry/pleasure-care-toha#why-main-character","","appears 14 times"
"200 no error","https://urakare.jp/column/industry/pleasure-care-toha#why-needed","","appears 14 times"
"200 no error","https://urakare.jp/column/industry/pleasure-care-toha#how-to-start","","appears 14 times"
"200 no error","https://urakare.jp/column/industry/pleasure-care-toha#science","","appears 14 times"
"200 no error","https://urakare.jp/column/industry/pleasure-care-toha#changes","","appears 14 times"
"200 no error","https://urakare.jp/column/industry/pleasure-care-toha#misunderstandings","","appears 14 times"
"200 no error","https://urakare.jp/column/industry/pleasure-care-toha#small-step","","appears 14 times"
"200 no error","https://urakare.jp/column/industry/pleasure-care-toha#for-existing-users","","appears 14 times"
"200 no error","https://urakare.jp/column/industry/pleasure-care-toha#faq","","appears 14 times"
"200 no error","https://urakare.jp/column/industry/pleasure-care-toha#references","","appears 14 times"
"200 no error","https://urakare.jp/_next/image?url=/images/column/pleasure-care-toha/section-2-origin.webp&w=640&q=85&dpl=dpl_7WTW9QoqRCZeqgUAy1hmqp4Xg7s6","","appears 14 times"
"200 no error","https://urakare.jp/_next/image?url=/images/column/pleasure-care-toha/section-2-origin.webp&w=750&q=85&dpl=dpl_7WTW9QoqRCZeqgUAy1hmqp4Xg7s6","","appears 14 times"
"200 no error","https://urakare.jp/_next/image?url=/images/column/pleasure-care-toha/section-2-origin.webp&w=828&q=85&dpl=dpl_7WTW9QoqRCZeqgUAy1hmqp4Xg7s6","","appears 14 times"
"200 no error","https://urakare.jp/_next/image?url=/images/column/pleasure-care-toha/section-2-origin.webp&w=1080&q=85&dpl=dpl_7WTW9QoqRCZeqgUAy1hmqp4Xg7s6","","appears 14 times"
"200 no error","https://urakare.jp/_next/image?url=/images/column/pleasure-care-toha/section-2-origin.webp&w=1200&q=85&dpl=dpl_7WTW9QoqRCZeqgUAy1hmqp4Xg7s6","","appears 14 times"
"200 no error","https://urakare.jp/_next/image?url=/images/column/pleasure-care-toha/section-2-origin.webp&w=1920&q=85&dpl=dpl_7WTW9QoqRCZeqgUAy1hmqp4Xg7s6","","appears 14 times"
"200 no error","https://urakare.jp/_next/image?url=/images/column/pleasure-care-toha/section-2-origin.webp&w=2048&q=85&dpl=dpl_7WTW9QoqRCZeqgUAy1hmqp4Xg7s6","","appears 14 times"
"200 no error","https://urakare.jp/_next/image?url=/images/column/pleasure-care-toha/section-2-origin.webp&w=3840&q=85&dpl=dpl_7WTW9QoqRCZeqgUAy1hmqp4Xg7s6","","appears 28 times"
"200 no error","https://urakare.jp/_next/image?url=/images/column/pleasure-care-toha/section-1-principles.webp&w=640&q=85&dpl=dpl_7WTW9QoqRCZeqgUAy1hmqp4Xg7s6","","appears 14 times"
"200 no error","https://urakare.jp/_next/image?url=/images/column/pleasure-care-toha/section-1-principles.webp&w=750&q=85&dpl=dpl_7WTW9QoqRCZeqgUAy1hmqp4Xg7s6","","appears 14 times"
"200 no error","https://urakare.jp/_next/image?url=/images/column/pleasure-care-toha/section-1-principles.webp&w=828&q=85&dpl=dpl_7WTW9QoqRCZeqgUAy1hmqp4Xg7s6","","appears 14 times"
"200 no error","https://urakare.jp/_next/image?url=/images/column/pleasure-care-toha/section-1-principles.webp&w=1080&q=85&dpl=dpl_7WTW9QoqRCZeqgUAy1hmqp4Xg7s6","","appears 14 times"
"200 no error","https://urakare.jp/_next/image?url=/images/column/pleasure-care-toha/section-1-principles.webp&w=1200&q=85&dpl=dpl_7WTW9QoqRCZeqgUAy1hmqp4Xg7s6","","appears 14 times"
"200 no error","https://urakare.jp/_next/image?url=/images/column/pleasure-care-toha/section-1-principles.webp&w=1920&q=85&dpl=dpl_7WTW9QoqRCZeqgUAy1hmqp4Xg7s6","","appears 14 times"
"200 no error","https://urakare.jp/_next/image?url=/images/column/pleasure-care-toha/section-1-principles.webp&w=2048&q=85&dpl=dpl_7WTW9QoqRCZeqgUAy1hmqp4Xg7s6","","appears 14 times"
"200 no error","https://urakare.jp/_next/image?url=/images/column/pleasure-care-toha/section-1-principles.webp&w=3840&q=85&dpl=dpl_7WTW9QoqRCZeqgUAy1hmqp4Xg7s6","","appears 28 times"
"200 no error","https://urakare.jp/_next/image?url=/images/column/pleasure-care-toha/section-4-why-needed.webp&w=640&q=85&dpl=dpl_7WTW9QoqRCZeqgUAy1hmqp4Xg7s6","","appears 14 times"
"200 no error","https://urakare.jp/_next/image?url=/images/column/pleasure-care-toha/section-4-why-needed.webp&w=750&q=85&dpl=dpl_7WTW9QoqRCZeqgUAy1hmqp4Xg7s6","","appears 14 times"
"200 no error","https://urakare.jp/_next/image?url=/images/column/pleasure-care-toha/section-4-why-needed.webp&w=828&q=85&dpl=dpl_7WTW9QoqRCZeqgUAy1hmqp4Xg7s6","","appears 14 times"
"200 no error","https://urakare.jp/_next/image?url=/images/column/pleasure-care-toha/section-4-why-needed.webp&w=1080&q=85&dpl=dpl_7WTW9QoqRCZeqgUAy1hmqp4Xg7s6","","appears 14 times"
"200 no error","https://urakare.jp/_next/image?url=/images/column/pleasure-care-toha/section-4-why-needed.webp&w=1200&q=85&dpl=dpl_7WTW9QoqRCZeqgUAy1hmqp4Xg7s6","","appears 14 times"
"200 no error","https://urakare.jp/_next/image?url=/images/column/pleasure-care-toha/section-4-why-needed.webp&w=1920&q=85&dpl=dpl_7WTW9QoqRCZeqgUAy1hmqp4Xg7s6","","appears 14 times"
"200 no error","https://urakare.jp/_next/image?url=/images/column/pleasure-care-toha/section-4-why-needed.webp&w=2048&q=85&dpl=dpl_7WTW9QoqRCZeqgUAy1hmqp4Xg7s6","","appears 14 times"
"200 no error","https://urakare.jp/_next/image?url=/images/column/pleasure-care-toha/section-4-why-needed.webp&w=3840&q=85&dpl=dpl_7WTW9QoqRCZeqgUAy1hmqp4Xg7s6","","appears 28 times"
"200 no error","https://urakare.jp/_next/image?url=/images/column/pleasure-care-toha/section-2-doors.webp&w=640&q=85&dpl=dpl_7WTW9QoqRCZeqgUAy1hmqp4Xg7s6","","appears 14 times"
"200 no error","https://urakare.jp/_next/image?url=/images/column/pleasure-care-toha/section-2-doors.webp&w=750&q=85&dpl=dpl_7WTW9QoqRCZeqgUAy1hmqp4Xg7s6","","appears 14 times"
"200 no error","https://urakare.jp/_next/image?url=/images/column/pleasure-care-toha/section-2-doors.webp&w=828&q=85&dpl=dpl_7WTW9QoqRCZeqgUAy1hmqp4Xg7s6","","appears 14 times"
"200 no error","https://urakare.jp/_next/image?url=/images/column/pleasure-care-toha/section-2-doors.webp&w=1080&q=85&dpl=dpl_7WTW9QoqRCZeqgUAy1hmqp4Xg7s6","","appears 14 times"
"200 no error","https://urakare.jp/_next/image?url=/images/column/pleasure-care-toha/section-2-doors.webp&w=1200&q=85&dpl=dpl_7WTW9QoqRCZeqgUAy1hmqp4Xg7s6","","appears 14 times"
"200 no error","https://urakare.jp/_next/image?url=/images/column/pleasure-care-toha/section-2-doors.webp&w=1920&q=85&dpl=dpl_7WTW9QoqRCZeqgUAy1hmqp4Xg7s6","","appears 14 times"
"200 no error","https://urakare.jp/_next/image?url=/images/column/pleasure-care-toha/section-2-doors.webp&w=2048&q=85&dpl=dpl_7WTW9QoqRCZeqgUAy1hmqp4Xg7s6","","appears 14 times"
"200 no error","https://urakare.jp/_next/image?url=/images/column/pleasure-care-toha/section-2-doors.webp&w=3840&q=85&dpl=dpl_7WTW9QoqRCZeqgUAy1hmqp4Xg7s6","","appears 28 times"
"200 no error","https://urakare.jp/_next/image?url=/images/column/pleasure-care-toha/section-6-science.webp&w=640&q=85&dpl=dpl_7WTW9QoqRCZeqgUAy1hmqp4Xg7s6","","appears 14 times"
"200 no error","https://urakare.jp/_next/image?url=/images/column/pleasure-care-toha/section-6-science.webp&w=750&q=85&dpl=dpl_7WTW9QoqRCZeqgUAy1hmqp4Xg7s6","","appears 14 times"
"200 no error","https://urakare.jp/_next/image?url=/images/column/pleasure-care-toha/section-6-science.webp&w=828&q=85&dpl=dpl_7WTW9QoqRCZeqgUAy1hmqp4Xg7s6","","appears 14 times"
"200 no error","https://urakare.jp/_next/image?url=/images/column/pleasure-care-toha/section-6-science.webp&w=1080&q=85&dpl=dpl_7WTW9QoqRCZeqgUAy1hmqp4Xg7s6","","appears 14 times"
"200 no error","https://urakare.jp/_next/image?url=/images/column/pleasure-care-toha/section-6-science.webp&w=1200&q=85&dpl=dpl_7WTW9QoqRCZeqgUAy1hmqp4Xg7s6","","appears 14 times"
"200 no error","https://urakare.jp/_next/image?url=/images/column/pleasure-care-toha/section-6-science.webp&w=1920&q=85&dpl=dpl_7WTW9QoqRCZeqgUAy1hmqp4Xg7s6","","appears 14 times"
"200 no error","https://urakare.jp/_next/image?url=/images/column/pleasure-care-toha/section-6-science.webp&w=2048&q=85&dpl=dpl_7WTW9QoqRCZeqgUAy1hmqp4Xg7s6","","appears 14 times"
"200 no error","https://urakare.jp/_next/image?url=/images/column/pleasure-care-toha/section-6-science.webp&w=3840&q=85&dpl=dpl_7WTW9QoqRCZeqgUAy1hmqp4Xg7s6","","appears 28 times"
"200 no error","https://urakare.jp/_next/image?url=/images/column/pleasure-care-toha/section-3-step.webp&w=640&q=85&dpl=dpl_7WTW9QoqRCZeqgUAy1hmqp4Xg7s6","","appears 14 times"
"200 no error","https://urakare.jp/_next/image?url=/images/column/pleasure-care-toha/section-3-step.webp&w=750&q=85&dpl=dpl_7WTW9QoqRCZeqgUAy1hmqp4Xg7s6","","appears 14 times"
"200 no error","https://urakare.jp/_next/image?url=/images/column/pleasure-care-toha/section-3-step.webp&w=828&q=85&dpl=dpl_7WTW9QoqRCZeqgUAy1hmqp4Xg7s6","","appears 14 times"
"200 no error","https://urakare.jp/_next/image?url=/images/column/pleasure-care-toha/section-3-step.webp&w=1080&q=85&dpl=dpl_7WTW9QoqRCZeqgUAy1hmqp4Xg7s6","","appears 14 times"
"200 no error","https://urakare.jp/_next/image?url=/images/column/pleasure-care-toha/section-3-step.webp&w=1200&q=85&dpl=dpl_7WTW9QoqRCZeqgUAy1hmqp4Xg7s6","","appears 14 times"
"200 no error","https://urakare.jp/_next/image?url=/images/column/pleasure-care-toha/section-3-step.webp&w=1920&q=85&dpl=dpl_7WTW9QoqRCZeqgUAy1hmqp4Xg7s6","","appears 14 times"
"200 no error","https://urakare.jp/_next/image?url=/images/column/pleasure-care-toha/section-3-step.webp&w=2048&q=85&dpl=dpl_7WTW9QoqRCZeqgUAy1hmqp4Xg7s6","","appears 14 times"
"200 no error","https://urakare.jp/_next/image?url=/images/column/pleasure-care-toha/section-3-step.webp&w=3840&q=85&dpl=dpl_7WTW9QoqRCZeqgUAy1hmqp4Xg7s6","","appears 28 times"
"200 no error","https://www.who.int/health-topics/sexual-health","","appears 42 times"
"200 no error","https://pubmed.ncbi.nlm.nih.gov/34166629/","","appears 24 times"
"200 no error","https://self-compassion.org/","","appears 24 times"
"200 no error","https://pubmed.ncbi.nlm.nih.gov/25172313/","","appears 14 times"
"200 no error","https://pmc.ncbi.nlm.nih.gov/articles/PMC12730087/","","appears 34 times"
"200 no error","https://pubmed.ncbi.nlm.nih.gov/17715410/","","appears 14 times"
"200 no error","https://kemvfhztndsfrqqecfkf.supabase.co/storage/v1/object/public/column-images/virgin-jofu/og-image.jpg","","appears 26 times"
"200 no error","https://urakare.jp/column/jofu-guide/virgin-jofu#not-alone","","appears 13 times"
"200 no error","https://urakare.jp/column/jofu-guide/virgin-jofu#statistics","","appears 13 times"
"200 no error","https://urakare.jp/column/jofu-guide/virgin-jofu#hymen-myth","","appears 13 times"
"200 no error","https://urakare.jp/column/jofu-guide/virgin-jofu#self-preparation","","appears 13 times"
"200 no error","https://urakare.jp/column/jofu-guide/virgin-jofu#first-love","","appears 13 times"
"200 no error","https://urakare.jp/column/jofu-guide/virgin-jofu#jofu-option","","appears 13 times"
"200 no error","https://urakare.jp/column/jofu-guide/virgin-jofu#male-honest","","appears 13 times"
"200 no error","https://urakare.jp/column/jofu-guide/virgin-jofu#pro-care","","appears 13 times"
"200 no error","https://urakare.jp/column/jofu-guide/virgin-jofu#options","","appears 13 times"
"200 no error","https://urakare.jp/column/jofu-guide/virgin-jofu#letter","","appears 13 times"
"200 no error","https://urakare.jp/column/jofu-guide/virgin-jofu#faq","","appears 13 times"
"200 no error","https://urakare.jp/column/jofu-guide/virgin-jofu#references","","appears 13 times"
"200 no error","https://urakare.jp/_next/image?url=https://kemvfhztndsfrqqecfkf.supabase.co/storage/v1/object/public/column-images/virgin-jofu/section-night-sns.webp&w=1080&q=75","","appears 13 times"
"200 no error","https://urakare.jp/_next/image?url=https://kemvfhztndsfrqqecfkf.supabase.co/storage/v1/object/public/column-images/virgin-jofu/section-night-sns.webp&w=2048&q=75","","appears 26 times"
"A TLS error caused the secure connection to fail.","https://www.u-tokyo.ac.jp/focus/en/press/z0508_00035.html","","appears 26 times"
"200 no error","https://pmc.ncbi.nlm.nih.gov/articles/PMC3572537/","","appears 39 times"
"blocked by Cloudflare","https://academic.oup.com/jsm/article/22/Supplement_1/qdaf068.049/8119612","","appears 26 times"
"blocked by Cloudflare","https://academic.oup.com/jsm/article/21/Supplement_2/qdae002.076/7618203","","appears 26 times"
"200 no error","https://pmc.ncbi.nlm.nih.gov/articles/PMC6547601/","","appears 26 times"
"200 no error","https://www.who.int/news/item/17-10-2018-united-nations-agencies-call-for-ban-on-virginity-testing","","appears 26 times"
"200 no error","https://proactiveforher.com/blogs/vaginismus/fear-of-painful-sex-understanding-vaginismus-as-a-phobia-response/","","appears 39 times"
"200 no error","https://urakare.jp/_next/image?url=https://kemvfhztndsfrqqecfkf.supabase.co/storage/v1/object/public/column-images/virgin-jofu/section-self-care.webp&w=1080&q=75","","appears 13 times"
"200 no error","https://urakare.jp/_next/image?url=https://kemvfhztndsfrqqecfkf.supabase.co/storage/v1/object/public/column-images/virgin-jofu/section-self-care.webp&w=2048&q=75","","appears 26 times"
"200 no error","https://pubmed.ncbi.nlm.nih.gov/27091187/","","appears 26 times"
"200 no error","https://pmc.ncbi.nlm.nih.gov/articles/PMC11815347/","","appears 26 times"
"200 no error","https://my.clevelandclinic.org/health/treatments/24971-vaginal-dilators","","appears 26 times"
"200 no error","https://urakare.jp/_next/image?url=https://kemvfhztndsfrqqecfkf.supabase.co/storage/v1/object/public/column-images/virgin-jofu/section-hands.webp&w=1080&q=75","","appears 13 times"
"200 no error","https://urakare.jp/_next/image?url=https://kemvfhztndsfrqqecfkf.supabase.co/storage/v1/object/public/column-images/virgin-jofu/section-hands.webp&w=2048&q=75","","appears 26 times"
"blocked by Cloudflare","https://journals.sagepub.com/doi/10.1177/0891243202016003005","","appears 26 times"
"200 no error","https://pubmed.ncbi.nlm.nih.gov/22823597/","","appears 26 times"
"200 no error","https://pmc.ncbi.nlm.nih.gov/articles/PMC7641941/","","appears 26 times"
"200 no error","https://urakare.jp/_next/image?url=https://kemvfhztndsfrqqecfkf.supabase.co/storage/v1/object/public/column-images/virgin-jofu/section-therapist.webp&w=1080&q=75","","appears 13 times"
"200 no error","https://urakare.jp/_next/image?url=https://kemvfhztndsfrqqecfkf.supabase.co/storage/v1/object/public/column-images/virgin-jofu/section-therapist.webp&w=2048&q=75","","appears 26 times"
"200 no error","https://www.intimaterose.com/collections/vaginal-dilators","","appears 26 times"
"200 no error","https://urakare.jp/_next/image?url=https://kemvfhztndsfrqqecfkf.supabase.co/storage/v1/object/public/column-images/virgin-jofu/section-letter.webp&w=1080&q=75","","appears 13 times"
"200 no error","https://urakare.jp/_next/image?url=https://kemvfhztndsfrqqecfkf.supabase.co/storage/v1/object/public/column-images/virgin-jofu/section-letter.webp&w=2048&q=75","","appears 26 times"
"blocked by Cloudflare","https://journals.sagepub.com/doi/10.1177/0272431615620666","","appears 13 times"
"200 no error < 302 found","https://www.statista.com/statistics/1465544/japan-frequency-sex-women-by-generation/","https://www.statista.com/sso/iplogin?__sso_redirect=/statistics/1465544/japan-frequency-sex-women-by-generation/","appears 13 times"
"200 no error","https://www.sagami-gomu.co.jp/","","appears 13 times"
"200 no error","https://urakare.jp/images/column/therapist-income/og-image.jpg","","appears 22 times"
"200 no error","https://urakare.jp/_next/image?url=/images/column/therapist-income/hero.webp&w=640&q=75&dpl=dpl_7WTW9QoqRCZeqgUAy1hmqp4Xg7s6","","appears 11 times"
"200 no error","https://urakare.jp/_next/image?url=/images/column/therapist-income/hero.webp&w=750&q=75&dpl=dpl_7WTW9QoqRCZeqgUAy1hmqp4Xg7s6","","appears 11 times"
"200 no error","https://urakare.jp/_next/image?url=/images/column/therapist-income/hero.webp&w=828&q=75&dpl=dpl_7WTW9QoqRCZeqgUAy1hmqp4Xg7s6","","appears 11 times"
"200 no error","https://urakare.jp/_next/image?url=/images/column/therapist-income/hero.webp&w=1080&q=75&dpl=dpl_7WTW9QoqRCZeqgUAy1hmqp4Xg7s6","","appears 11 times"
"200 no error","https://urakare.jp/_next/image?url=/images/column/therapist-income/hero.webp&w=1200&q=75&dpl=dpl_7WTW9QoqRCZeqgUAy1hmqp4Xg7s6","","appears 11 times"
"200 no error","https://urakare.jp/_next/image?url=/images/column/therapist-income/hero.webp&w=1920&q=75&dpl=dpl_7WTW9QoqRCZeqgUAy1hmqp4Xg7s6","","appears 11 times"
"200 no error","https://urakare.jp/_next/image?url=/images/column/therapist-income/hero.webp&w=2048&q=75&dpl=dpl_7WTW9QoqRCZeqgUAy1hmqp4Xg7s6","","appears 11 times"
"200 no error","https://urakare.jp/_next/image?url=/images/column/therapist-income/hero.webp&w=3840&q=75&dpl=dpl_7WTW9QoqRCZeqgUAy1hmqp4Xg7s6","","appears 22 times"
"200 no error","https://urakare.jp/column/industry/therapist-income#income-start","","appears 11 times"
"200 no error","https://urakare.jp/column/industry/therapist-income#back-rate-dark","","appears 11 times"
"200 no error","https://urakare.jp/column/industry/therapist-income#slide-system","","appears 11 times"
"200 no error","https://urakare.jp/column/industry/therapist-income#comparison","","appears 11 times"
"200 no error","https://urakare.jp/column/industry/therapist-income#simulation","","appears 11 times"
"200 no error","https://urakare.jp/column/industry/therapist-income#honest-answer","","appears 11 times"
"200 no error","https://urakare.jp/column/industry/therapist-income#beyond-money","","appears 11 times"
"200 no error","https://urakare.jp/column/industry/therapist-income#faq","","appears 11 times"
"200 no error","https://urakare.jp/column/industry/therapist-income#last","","appears 11 times"
"200 no error","https://urakare.jp/column/industry/therapist-income#references","","appears 11 times"
"200 no error","https://urakare.jp/_next/image?url=/images/column/therapist-income/section-hustle.webp&w=1920&q=75&dpl=dpl_7WTW9QoqRCZeqgUAy1hmqp4Xg7s6","","appears 11 times"
"200 no error","https://urakare.jp/_next/image?url=/images/column/therapist-income/section-hustle.webp&w=3840&q=75&dpl=dpl_7WTW9QoqRCZeqgUAy1hmqp4Xg7s6","","appears 22 times"
"200 no error","https://line-harness.otudesumyiphone4s-3d3.workers.dev/r/hp-income?page=welcome","","appears 33 times"
"200 no error","https://urakare.jp/_next/image?url=https://kemvfhztndsfrqqecfkf.supabase.co/storage/v1/object/public/column-images/male-lifelong-skills/hero-v2.webp&w=32&q=75","","appears 50 times"
"200 no error","https://urakare.jp/_next/image?url=https://kemvfhztndsfrqqecfkf.supabase.co/storage/v1/object/public/column-images/male-lifelong-skills/hero-v2.webp&w=48&q=75","","appears 50 times"
"200 no error","https://urakare.jp/_next/image?url=https://kemvfhztndsfrqqecfkf.supabase.co/storage/v1/object/public/column-images/male-lifelong-skills/hero-v2.webp&w=64&q=75","","appears 50 times"
"200 no error","https://urakare.jp/_next/image?url=https://kemvfhztndsfrqqecfkf.supabase.co/storage/v1/object/public/column-images/male-lifelong-skills/hero-v2.webp&w=96&q=75","","appears 50 times"
"200 no error","https://urakare.jp/_next/image?url=https://kemvfhztndsfrqqecfkf.supabase.co/storage/v1/object/public/column-images/male-lifelong-skills/hero-v2.webp&w=128&q=75","","appears 50 times"
"200 no error","https://urakare.jp/_next/image?url=https://kemvfhztndsfrqqecfkf.supabase.co/storage/v1/object/public/column-images/male-lifelong-skills/hero-v2.webp&w=256&q=75","","appears 50 times"
"200 no error","https://urakare.jp/_next/image?url=https://kemvfhztndsfrqqecfkf.supabase.co/storage/v1/object/public/column-images/male-lifelong-skills/hero-v2.webp&w=384&q=75","","appears 50 times"
"200 no error","https://kemvfhztndsfrqqecfkf.supabase.co/storage/v1/object/public/column-images/jofu-home-preparation/og-image.jpg","","appears 18 times"
"200 no error","https://urakare.jp/_next/image?url=https://kemvfhztndsfrqqecfkf.supabase.co/storage/v1/object/public/column-images/jofu-home-preparation/hero.webp&w=640&q=75","","appears 9 times"
"200 no error","https://urakare.jp/_next/image?url=https://kemvfhztndsfrqqecfkf.supabase.co/storage/v1/object/public/column-images/jofu-home-preparation/hero.webp&w=750&q=75","","appears 9 times"
"200 no error","https://urakare.jp/_next/image?url=https://kemvfhztndsfrqqecfkf.supabase.co/storage/v1/object/public/column-images/jofu-home-preparation/hero.webp&w=828&q=75","","appears 9 times"
"200 no error","https://urakare.jp/_next/image?url=https://kemvfhztndsfrqqecfkf.supabase.co/storage/v1/object/public/column-images/jofu-home-preparation/hero.webp&w=1080&q=75","","appears 9 times"
"200 no error","https://urakare.jp/_next/image?url=https://kemvfhztndsfrqqecfkf.supabase.co/storage/v1/object/public/column-images/jofu-home-preparation/hero.webp&w=1200&q=75","","appears 9 times"
"200 no error","https://urakare.jp/_next/image?url=https://kemvfhztndsfrqqecfkf.supabase.co/storage/v1/object/public/column-images/jofu-home-preparation/hero.webp&w=1920&q=75","","appears 9 times"
"200 no error","https://urakare.jp/_next/image?url=https://kemvfhztndsfrqqecfkf.supabase.co/storage/v1/object/public/column-images/jofu-home-preparation/hero.webp&w=2048&q=75","","appears 9 times"
"200 no error","https://urakare.jp/_next/image?url=https://kemvfhztndsfrqqecfkf.supabase.co/storage/v1/object/public/column-images/jofu-home-preparation/hero.webp&w=3840&q=75","","appears 18 times"
"200 no error","https://urakare.jp/column/jofu-guide/jofu-home-preparation#comparison","","appears 9 times"
"200 no error","https://urakare.jp/column/jofu-guide/jofu-home-preparation#timeline","","appears 9 times"
"200 no error","https://urakare.jp/column/jofu-guide/jofu-home-preparation#essentials","","appears 9 times"
"200 no error","https://urakare.jp/column/jofu-guide/jofu-home-preparation#equipment","","appears 9 times"
"200 no error","https://urakare.jp/column/jofu-guide/jofu-home-preparation#privacy","","appears 9 times"
"200 no error","https://urakare.jp/column/jofu-guide/jofu-home-preparation#faq","","appears 9 times"
"200 no error","https://urakare.jp/column/jofu-guide/jofu-home-preparation#selfcare","","appears 9 times"
"200 no error","https://urakare.jp/column/jofu-guide/jofu-home-preparation#references","","appears 9 times"
"200 no error","https://urakare.jp/_next/image?url=https://kemvfhztndsfrqqecfkf.supabase.co/storage/v1/object/public/column-images/jofu-home-preparation/section-massage.webp&w=1080&q=75","","appears 9 times"
"200 no error","https://urakare.jp/_next/image?url=https://kemvfhztndsfrqqecfkf.supabase.co/storage/v1/object/public/column-images/jofu-home-preparation/section-massage.webp&w=2048&q=75","","appears 18 times"
"200 no error","https://pmc.ncbi.nlm.nih.gov/articles/PMC9131189/","","appears 18 times"
"200 no error","https://pmc.ncbi.nlm.nih.gov/articles/PMC6011066/","","appears 18 times"
"200 no error","https://urakare.jp/_next/image?url=https://kemvfhztndsfrqqecfkf.supabase.co/storage/v1/object/public/column-images/jofu-home-preparation/section-aroma.webp&w=1080&q=75","","appears 9 times"
"200 no error","https://urakare.jp/_next/image?url=https://kemvfhztndsfrqqecfkf.supabase.co/storage/v1/object/public/column-images/jofu-home-preparation/section-aroma.webp&w=2048&q=75","","appears 18 times"
"200 no error","https://pmc.ncbi.nlm.nih.gov/articles/PMC5039451/","","appears 18 times"
"200 no error","https://pmc.ncbi.nlm.nih.gov/articles/PMC3047226/","","appears 18 times"
"200 no error","https://kemvfhztndsfrqqecfkf.supabase.co/storage/v1/object/public/column-images/sexless-solutions/og-image.jpg","","appears 18 times"
"200 no error","https://www.nippon.com/ja/japan-data/h01882/","","appears 27 times"
"200 no error","https://urakare.jp/column/night-care/sexless-solutions-for-women#not-your-fault","","appears 9 times"
"200 no error","https://urakare.jp/column/night-care/sexless-solutions-for-women#what-sexless-breaks","","appears 9 times"
"200 no error","https://urakare.jp/column/night-care/sexless-solutions-for-women#talk-is-not-enough","","appears 9 times"
"200 no error","https://urakare.jp/column/night-care/sexless-solutions-for-women#not-about-sex","","appears 9 times"
"200 no error","https://urakare.jp/column/night-care/sexless-solutions-for-women#third-choice","","appears 9 times"
"200 no error","https://urakare.jp/column/night-care/sexless-solutions-for-women#reclaim-yourself","","appears 9 times"
"200 no error","https://urakare.jp/column/night-care/sexless-solutions-for-women#faq","","appears 9 times"
"200 no error","https://urakare.jp/column/night-care/sexless-solutions-for-women#last","","appears 9 times"
"200 no error","https://urakare.jp/_next/image?url=https://kemvfhztndsfrqqecfkf.supabase.co/storage/v1/object/public/column-images/sexless-solutions/not-your-fault.webp&w=640&q=75","","appears 9 times"
"200 no error","https://urakare.jp/_next/image?url=https://kemvfhztndsfrqqecfkf.supabase.co/storage/v1/object/public/column-images/sexless-solutions/not-your-fault.webp&w=750&q=75","","appears 9 times"
"200 no error","https://urakare.jp/_next/image?url=https://kemvfhztndsfrqqecfkf.supabase.co/storage/v1/object/public/column-images/sexless-solutions/not-your-fault.webp&w=828&q=75","","appears 9 times"
"200 no error","https://urakare.jp/_next/image?url=https://kemvfhztndsfrqqecfkf.supabase.co/storage/v1/object/public/column-images/sexless-solutions/not-your-fault.webp&w=1080&q=75","","appears 9 times"
"200 no error","https://urakare.jp/_next/image?url=https://kemvfhztndsfrqqecfkf.supabase.co/storage/v1/object/public/column-images/sexless-solutions/not-your-fault.webp&w=1200&q=75","","appears 9 times"
"200 no error","https://urakare.jp/_next/image?url=https://kemvfhztndsfrqqecfkf.supabase.co/storage/v1/object/public/column-images/sexless-solutions/not-your-fault.webp&w=1920&q=75","","appears 9 times"
"200 no error","https://urakare.jp/_next/image?url=https://kemvfhztndsfrqqecfkf.supabase.co/storage/v1/object/public/column-images/sexless-solutions/not-your-fault.webp&w=2048&q=75","","appears 9 times"
"200 no error","https://urakare.jp/_next/image?url=https://kemvfhztndsfrqqecfkf.supabase.co/storage/v1/object/public/column-images/sexless-solutions/not-your-fault.webp&w=3840&q=75","","appears 18 times"
"200 no error","https://www.nikkei.com/article/DGXZQOUD178BB0X10C24A1000000/","","appears 27 times"
"200 no error","https://urakare.jp/_next/image?url=https://kemvfhztndsfrqqecfkf.supabase.co/storage/v1/object/public/column-images/sexless-solutions/silent-break.webp&w=640&q=75","","appears 9 times"
"200 no error","https://urakare.jp/_next/image?url=https://kemvfhztndsfrqqecfkf.supabase.co/storage/v1/object/public/column-images/sexless-solutions/silent-break.webp&w=750&q=75","","appears 9 times"
"200 no error","https://urakare.jp/_next/image?url=https://kemvfhztndsfrqqecfkf.supabase.co/storage/v1/object/public/column-images/sexless-solutions/silent-break.webp&w=828&q=75","","appears 9 times"
"200 no error","https://urakare.jp/_next/image?url=https://kemvfhztndsfrqqecfkf.supabase.co/storage/v1/object/public/column-images/sexless-solutions/silent-break.webp&w=1080&q=75","","appears 9 times"
"200 no error","https://urakare.jp/_next/image?url=https://kemvfhztndsfrqqecfkf.supabase.co/storage/v1/object/public/column-images/sexless-solutions/silent-break.webp&w=1200&q=75","","appears 9 times"
"200 no error","https://urakare.jp/_next/image?url=https://kemvfhztndsfrqqecfkf.supabase.co/storage/v1/object/public/column-images/sexless-solutions/silent-break.webp&w=1920&q=75","","appears 9 times"
"200 no error","https://urakare.jp/_next/image?url=https://kemvfhztndsfrqqecfkf.supabase.co/storage/v1/object/public/column-images/sexless-solutions/silent-break.webp&w=2048&q=75","","appears 9 times"
"200 no error","https://urakare.jp/_next/image?url=https://kemvfhztndsfrqqecfkf.supabase.co/storage/v1/object/public/column-images/sexless-solutions/silent-break.webp&w=3840&q=75","","appears 18 times"
"200 no error","https://pmc.ncbi.nlm.nih.gov/articles/PMC5889124/","","appears 18 times"
"200 no error","https://www.medicalnewstoday.com/articles/touch-starved","","appears 18 times"
"200 no error","https://urakare.jp/_next/image?url=https://kemvfhztndsfrqqecfkf.supabase.co/storage/v1/object/public/column-images/sexless-solutions/gap.webp&w=640&q=75","","appears 9 times"
"200 no error","https://urakare.jp/_next/image?url=https://kemvfhztndsfrqqecfkf.supabase.co/storage/v1/object/public/column-images/sexless-solutions/gap.webp&w=750&q=75","","appears 9 times"
"200 no error","https://urakare.jp/_next/image?url=https://kemvfhztndsfrqqecfkf.supabase.co/storage/v1/object/public/column-images/sexless-solutions/gap.webp&w=828&q=75","","appears 9 times"
"200 no error","https://urakare.jp/_next/image?url=https://kemvfhztndsfrqqecfkf.supabase.co/storage/v1/object/public/column-images/sexless-solutions/gap.webp&w=1080&q=75","","appears 9 times"
"200 no error","https://urakare.jp/_next/image?url=https://kemvfhztndsfrqqecfkf.supabase.co/storage/v1/object/public/column-images/sexless-solutions/gap.webp&w=1200&q=75","","appears 9 times"
"200 no error","https://urakare.jp/_next/image?url=https://kemvfhztndsfrqqecfkf.supabase.co/storage/v1/object/public/column-images/sexless-solutions/gap.webp&w=1920&q=75","","appears 9 times"
"200 no error","https://urakare.jp/_next/image?url=https://kemvfhztndsfrqqecfkf.supabase.co/storage/v1/object/public/column-images/sexless-solutions/gap.webp&w=2048&q=75","","appears 9 times"
"200 no error","https://urakare.jp/_next/image?url=https://kemvfhztndsfrqqecfkf.supabase.co/storage/v1/object/public/column-images/sexless-solutions/gap.webp&w=3840&q=75","","appears 18 times"
"200 no error","https://www.estherperel.com/blog/sexless-relationship-take-the-first-step-toward-reconnection","","appears 18 times"
"200 no error","https://urakare.jp/_next/image?url=https://kemvfhztndsfrqqecfkf.supabase.co/storage/v1/object/public/column-images/sexless-solutions/not-about-sex.webp&w=640&q=75","","appears 9 times"
"200 no error","https://urakare.jp/_next/image?url=https://kemvfhztndsfrqqecfkf.supabase.co/storage/v1/object/public/column-images/sexless-solutions/not-about-sex.webp&w=750&q=75","","appears 9 times"
"200 no error","https://urakare.jp/_next/image?url=https://kemvfhztndsfrqqecfkf.supabase.co/storage/v1/object/public/column-images/sexless-solutions/not-about-sex.webp&w=828&q=75","","appears 9 times"
"200 no error","https://urakare.jp/_next/image?url=https://kemvfhztndsfrqqecfkf.supabase.co/storage/v1/object/public/column-images/sexless-solutions/not-about-sex.webp&w=1080&q=75","","appears 9 times"
"200 no error","https://urakare.jp/_next/image?url=https://kemvfhztndsfrqqecfkf.supabase.co/storage/v1/object/public/column-images/sexless-solutions/not-about-sex.webp&w=1200&q=75","","appears 9 times"
"200 no error","https://urakare.jp/_next/image?url=https://kemvfhztndsfrqqecfkf.supabase.co/storage/v1/object/public/column-images/sexless-solutions/not-about-sex.webp&w=1920&q=75","","appears 9 times"
"200 no error","https://urakare.jp/_next/image?url=https://kemvfhztndsfrqqecfkf.supabase.co/storage/v1/object/public/column-images/sexless-solutions/not-about-sex.webp&w=2048&q=75","","appears 9 times"
"200 no error","https://urakare.jp/_next/image?url=https://kemvfhztndsfrqqecfkf.supabase.co/storage/v1/object/public/column-images/sexless-solutions/not-about-sex.webp&w=3840&q=75","","appears 18 times"
"200 no error","https://urakare.jp/_next/image?url=https://kemvfhztndsfrqqecfkf.supabase.co/storage/v1/object/public/column-images/sexless-solutions/third-choice.webp&w=640&q=75","","appears 9 times"
"200 no error","https://urakare.jp/_next/image?url=https://kemvfhztndsfrqqecfkf.supabase.co/storage/v1/object/public/column-images/sexless-solutions/third-choice.webp&w=750&q=75","","appears 9 times"
"200 no error","https://urakare.jp/_next/image?url=https://kemvfhztndsfrqqecfkf.supabase.co/storage/v1/object/public/column-images/sexless-solutions/third-choice.webp&w=828&q=75","","appears 9 times"
"200 no error","https://urakare.jp/_next/image?url=https://kemvfhztndsfrqqecfkf.supabase.co/storage/v1/object/public/column-images/sexless-solutions/third-choice.webp&w=1080&q=75","","appears 9 times"
"200 no error","https://urakare.jp/_next/image?url=https://kemvfhztndsfrqqecfkf.supabase.co/storage/v1/object/public/column-images/sexless-solutions/third-choice.webp&w=1200&q=75","","appears 9 times"
"200 no error","https://urakare.jp/_next/image?url=https://kemvfhztndsfrqqecfkf.supabase.co/storage/v1/object/public/column-images/sexless-solutions/third-choice.webp&w=1920&q=75","","appears 9 times"
"200 no error","https://urakare.jp/_next/image?url=https://kemvfhztndsfrqqecfkf.supabase.co/storage/v1/object/public/column-images/sexless-solutions/third-choice.webp&w=2048&q=75","","appears 9 times"
"200 no error","https://urakare.jp/_next/image?url=https://kemvfhztndsfrqqecfkf.supabase.co/storage/v1/object/public/column-images/sexless-solutions/third-choice.webp&w=3840&q=75","","appears 18 times"
"200 no error","https://laundrybox.jp/magazine/date-selfpleasure/","","appears 18 times"
"200 no error","https://www.smsna.org/patients/did-you-know/what-is-sensate-focus-and-how-does-it-work","","appears 18 times"
"200 no error","https://bunshun.jp/articles/-/74052","","appears 18 times"
"200 no error","https://urakare.jp/_next/image?url=https://kemvfhztndsfrqqecfkf.supabase.co/storage/v1/object/public/column-images/sexless-solutions/reclaim.webp&w=640&q=75","","appears 9 times"
"200 no error","https://urakare.jp/_next/image?url=https://kemvfhztndsfrqqecfkf.supabase.co/storage/v1/object/public/column-images/sexless-solutions/reclaim.webp&w=750&q=75","","appears 9 times"
"200 no error","https://urakare.jp/_next/image?url=https://kemvfhztndsfrqqecfkf.supabase.co/storage/v1/object/public/column-images/sexless-solutions/reclaim.webp&w=828&q=75","","appears 9 times"
"200 no error","https://urakare.jp/_next/image?url=https://kemvfhztndsfrqqecfkf.supabase.co/storage/v1/object/public/column-images/sexless-solutions/reclaim.webp&w=1080&q=75","","appears 9 times"
"200 no error","https://urakare.jp/_next/image?url=https://kemvfhztndsfrqqecfkf.supabase.co/storage/v1/object/public/column-images/sexless-solutions/reclaim.webp&w=1200&q=75","","appears 9 times"
"200 no error","https://urakare.jp/_next/image?url=https://kemvfhztndsfrqqecfkf.supabase.co/storage/v1/object/public/column-images/sexless-solutions/reclaim.webp&w=1920&q=75","","appears 9 times"
"200 no error","https://urakare.jp/_next/image?url=https://kemvfhztndsfrqqecfkf.supabase.co/storage/v1/object/public/column-images/sexless-solutions/reclaim.webp&w=2048&q=75","","appears 9 times"
"200 no error","https://urakare.jp/_next/image?url=https://kemvfhztndsfrqqecfkf.supabase.co/storage/v1/object/public/column-images/sexless-solutions/reclaim.webp&w=3840&q=75","","appears 18 times"
"200 no error","https://sexology.jp/sexless/","","appears 18 times"
"200 no error","https://kemvfhztndsfrqqecfkf.supabase.co/storage/v1/object/public/column-images/delicate-zone-care/og-image.jpg","","appears 20 times"
"200 no error","https://urakare.jp/_next/image?url=https://kemvfhztndsfrqqecfkf.supabase.co/storage/v1/object/public/column-images/delicate-zone-care/hero.webp&w=640&q=75","","appears 10 times"
"200 no error","https://urakare.jp/_next/image?url=https://kemvfhztndsfrqqecfkf.supabase.co/storage/v1/object/public/column-images/delicate-zone-care/hero.webp&w=750&q=75","","appears 10 times"
"200 no error","https://urakare.jp/_next/image?url=https://kemvfhztndsfrqqecfkf.supabase.co/storage/v1/object/public/column-images/delicate-zone-care/hero.webp&w=828&q=75","","appears 10 times"
"200 no error","https://urakare.jp/_next/image?url=https://kemvfhztndsfrqqecfkf.supabase.co/storage/v1/object/public/column-images/delicate-zone-care/hero.webp&w=1080&q=75","","appears 10 times"
"200 no error","https://urakare.jp/_next/image?url=https://kemvfhztndsfrqqecfkf.supabase.co/storage/v1/object/public/column-images/delicate-zone-care/hero.webp&w=1200&q=75","","appears 10 times"
"200 no error","https://urakare.jp/_next/image?url=https://kemvfhztndsfrqqecfkf.supabase.co/storage/v1/object/public/column-images/delicate-zone-care/hero.webp&w=1920&q=75","","appears 10 times"
"200 no error","https://urakare.jp/_next/image?url=https://kemvfhztndsfrqqecfkf.supabase.co/storage/v1/object/public/column-images/delicate-zone-care/hero.webp&w=2048&q=75","","appears 10 times"
"200 no error","https://urakare.jp/_next/image?url=https://kemvfhztndsfrqqecfkf.supabase.co/storage/v1/object/public/column-images/delicate-zone-care/hero.webp&w=3840&q=75","","appears 20 times"
"200 no error","https://urakare.jp/column/body-care/delicate-zone-care-guide#embarrassed","","appears 10 times"
"200 no error","https://urakare.jp/column/body-care/delicate-zone-care-guide#science","","appears 10 times"
"200 no error","https://urakare.jp/column/body-care/delicate-zone-care-guide#washing","","appears 10 times"
"200 no error","https://urakare.jp/column/body-care/delicate-zone-care-guide#truth","","appears 10 times"
"200 no error","https://urakare.jp/column/body-care/delicate-zone-care-guide#age-guide","","appears 10 times"
"200 no error","https://urakare.jp/column/body-care/delicate-zone-care-guide#body-positive","","appears 10 times"
"200 no error","https://urakare.jp/column/body-care/delicate-zone-care-guide#pro-care","","appears 10 times"
"200 no error","https://urakare.jp/column/body-care/delicate-zone-care-guide#closing","","appears 10 times"
"200 no error","https://urakare.jp/column/body-care/delicate-zone-care-guide#faq","","appears 10 times"
"200 no error","https://urakare.jp/_next/image?url=https://kemvfhztndsfrqqecfkf.supabase.co/storage/v1/object/public/column-images/delicate-zone-care/section-washing.webp&w=640&q=75","","appears 10 times"
"200 no error","https://urakare.jp/_next/image?url=https://kemvfhztndsfrqqecfkf.supabase.co/storage/v1/object/public/column-images/delicate-zone-care/section-washing.webp&w=750&q=75","","appears 10 times"
"200 no error","https://urakare.jp/_next/image?url=https://kemvfhztndsfrqqecfkf.supabase.co/storage/v1/object/public/column-images/delicate-zone-care/section-washing.webp&w=828&q=75","","appears 10 times"
"200 no error","https://urakare.jp/_next/image?url=https://kemvfhztndsfrqqecfkf.supabase.co/storage/v1/object/public/column-images/delicate-zone-care/section-washing.webp&w=1080&q=75","","appears 10 times"
"200 no error","https://urakare.jp/_next/image?url=https://kemvfhztndsfrqqecfkf.supabase.co/storage/v1/object/public/column-images/delicate-zone-care/section-washing.webp&w=1200&q=75","","appears 10 times"
"200 no error","https://urakare.jp/_next/image?url=https://kemvfhztndsfrqqecfkf.supabase.co/storage/v1/object/public/column-images/delicate-zone-care/section-washing.webp&w=1920&q=75","","appears 10 times"
"200 no error","https://urakare.jp/_next/image?url=https://kemvfhztndsfrqqecfkf.supabase.co/storage/v1/object/public/column-images/delicate-zone-care/section-washing.webp&w=2048&q=75","","appears 10 times"
"200 no error","https://urakare.jp/_next/image?url=https://kemvfhztndsfrqqecfkf.supabase.co/storage/v1/object/public/column-images/delicate-zone-care/section-washing.webp&w=3840&q=75","","appears 20 times"
"200 no error","https://urakare.jp/_next/image?url=https://kemvfhztndsfrqqecfkf.supabase.co/storage/v1/object/public/column-images/delicate-zone-care/section-body-positive.webp&w=640&q=75","","appears 10 times"
"200 no error","https://urakare.jp/_next/image?url=https://kemvfhztndsfrqqecfkf.supabase.co/storage/v1/object/public/column-images/delicate-zone-care/section-body-positive.webp&w=750&q=75","","appears 10 times"
"200 no error","https://urakare.jp/_next/image?url=https://kemvfhztndsfrqqecfkf.supabase.co/storage/v1/object/public/column-images/delicate-zone-care/section-body-positive.webp&w=828&q=75","","appears 10 times"
"200 no error","https://urakare.jp/_next/image?url=https://kemvfhztndsfrqqecfkf.supabase.co/storage/v1/object/public/column-images/delicate-zone-care/section-body-positive.webp&w=1080&q=75","","appears 10 times"
"200 no error","https://urakare.jp/_next/image?url=https://kemvfhztndsfrqqecfkf.supabase.co/storage/v1/object/public/column-images/delicate-zone-care/section-body-positive.webp&w=1200&q=75","","appears 10 times"
"200 no error","https://urakare.jp/_next/image?url=https://kemvfhztndsfrqqecfkf.supabase.co/storage/v1/object/public/column-images/delicate-zone-care/section-body-positive.webp&w=1920&q=75","","appears 10 times"
"200 no error","https://urakare.jp/_next/image?url=https://kemvfhztndsfrqqecfkf.supabase.co/storage/v1/object/public/column-images/delicate-zone-care/section-body-positive.webp&w=2048&q=75","","appears 10 times"
"200 no error","https://urakare.jp/_next/image?url=https://kemvfhztndsfrqqecfkf.supabase.co/storage/v1/object/public/column-images/delicate-zone-care/section-body-positive.webp&w=3840&q=75","","appears 20 times"
"200 no error","https://urakare.jp/_next/image?url=https://kemvfhztndsfrqqecfkf.supabase.co/storage/v1/object/public/column-images/delicate-zone-care/section-pro-care.webp&w=640&q=75","","appears 10 times"
"200 no error","https://urakare.jp/_next/image?url=https://kemvfhztndsfrqqecfkf.supabase.co/storage/v1/object/public/column-images/delicate-zone-care/section-pro-care.webp&w=750&q=75","","appears 10 times"
"200 no error","https://urakare.jp/_next/image?url=https://kemvfhztndsfrqqecfkf.supabase.co/storage/v1/object/public/column-images/delicate-zone-care/section-pro-care.webp&w=828&q=75","","appears 10 times"
"200 no error","https://urakare.jp/_next/image?url=https://kemvfhztndsfrqqecfkf.supabase.co/storage/v1/object/public/column-images/delicate-zone-care/section-pro-care.webp&w=1080&q=75","","appears 10 times"
"200 no error","https://urakare.jp/_next/image?url=https://kemvfhztndsfrqqecfkf.supabase.co/storage/v1/object/public/column-images/delicate-zone-care/section-pro-care.webp&w=1200&q=75","","appears 10 times"
"200 no error","https://urakare.jp/_next/image?url=https://kemvfhztndsfrqqecfkf.supabase.co/storage/v1/object/public/column-images/delicate-zone-care/section-pro-care.webp&w=1920&q=75","","appears 10 times"
"200 no error","https://urakare.jp/_next/image?url=https://kemvfhztndsfrqqecfkf.supabase.co/storage/v1/object/public/column-images/delicate-zone-care/section-pro-care.webp&w=2048&q=75","","appears 10 times"
"200 no error","https://urakare.jp/_next/image?url=https://kemvfhztndsfrqqecfkf.supabase.co/storage/v1/object/public/column-images/delicate-zone-care/section-pro-care.webp&w=3840&q=75","","appears 20 times"
"200 no error","https://pmc.ncbi.nlm.nih.gov/articles/PMC5490466/","","appears 10 times"
"200 no error","https://pmc.ncbi.nlm.nih.gov/articles/PMC8618584/","","appears 10 times"
"200 no error < 303 see other","https://www.nature.com/articles/s41598-021-02426-5","https://idp.nature.com/transit?redirect_uri=https://www.nature.com/articles/s41598-021-02426-5&code=d29804ac-e5e7-4ea8-9a55-9ea592d700d4","appears 10 times"
"200 no error","https://onlinelibrary.wiley.com/doi/full/10.1111/cod.14258","","appears 10 times"
"200 no error","https://pmc.ncbi.nlm.nih.gov/articles/PMC7658736/","","appears 10 times"
"200 no error","https://pubmed.ncbi.nlm.nih.gov/37814530/","","appears 10 times"
"200 no error","https://pmc.ncbi.nlm.nih.gov/articles/PMC2931365/","","appears 10 times"
"200 no error","https://pmc.ncbi.nlm.nih.gov/articles/PMC12248671/","","appears 10 times"
"200 no error","https://pmc.ncbi.nlm.nih.gov/articles/PMC6834927/","","appears 20 times"
"200 no error","https://link.springer.com/article/10.1186/s12905-023-02645-0","","appears 10 times"
"200 no error","https://www.auanet.org/guidelines-and-quality/guidelines/genitourinary-syndrome-of-menopause","","appears 10 times"
"200 no error","https://my.clevelandclinic.org/health/articles/vaginal-ph","","appears 10 times"
"200 no error","https://journals.asm.org/doi/10.1128/msphere.00593-20","","appears 10 times"
"200 no error","https://homare-kichi.com/therapist-grandprix-2024/","","https://urakare.jp/column/author/homare"
"200 no error","https://abema.tv/channels/abema-special/slots/9MJr5L9kYWySNB","","https://urakare.jp/column/author/homare"
"200 no error","https://times.abema.tv/articles/-/10155351","","https://urakare.jp/column/author/homare"
"200 no error","https://www.vivi.tv/post458719/","","https://urakare.jp/column/author/homare"
"200 no error","https://mdpr.jp/influencer/detail/4553957","","https://urakare.jp/column/author/homare"
"200 no error","https://mdpr.jp/influencer/detail/4555945","","appears 2 times"
"200 no error","https://www.amazon.co.jp/dp/B0DLJR8LGH","","https://urakare.jp/column/author/homare"
"200 no error","https://www.tv-tokyo.co.jp/jofu/","","https://urakare.jp/column/author/homare"
"200 no error","https://www.youtube.com/watch?v=G5P7hq8CEqE","","https://urakare.jp/column/author/homare"
"200 no error","https://www.youtube.com/watch?v=kWg_aBlEnnM","","https://urakare.jp/column/author/homare"
"200 no error","https://kemvfhztndsfrqqecfkf.supabase.co/storage/v1/object/public/column-images/hotel-anxiety/og-image-v2.jpg","","appears 16 times"
"200 no error","https://urakare.jp/column/jofu-guide/hotel-anxiety#anxiety","","appears 8 times"
"200 no error","https://urakare.jp/column/jofu-guide/hotel-anxiety#hotel-vs-home","","appears 8 times"
"200 no error","https://urakare.jp/column/jofu-guide/hotel-anxiety#spotlight","","appears 8 times"
"200 no error","https://urakare.jp/column/jofu-guide/hotel-anxiety#experience","","appears 8 times"
"200 no error","https://urakare.jp/column/jofu-guide/hotel-anxiety#meetup","","appears 8 times"
"200 no error","https://urakare.jp/column/jofu-guide/hotel-anxiety#faq","","appears 8 times"
"200 no error","https://urakare.jp/column/jofu-guide/hotel-anxiety#references","","appears 8 times"
"200 no error","https://urakare.jp/_next/image?url=https://kemvfhztndsfrqqecfkf.supabase.co/storage/v1/object/public/column-images/hotel-anxiety/section-comparison.webp&w=640&q=75","","appears 8 times"
"200 no error","https://urakare.jp/_next/image?url=https://kemvfhztndsfrqqecfkf.supabase.co/storage/v1/object/public/column-images/hotel-anxiety/section-comparison.webp&w=750&q=75","","appears 8 times"
"200 no error","https://urakare.jp/_next/image?url=https://kemvfhztndsfrqqecfkf.supabase.co/storage/v1/object/public/column-images/hotel-anxiety/section-comparison.webp&w=828&q=75","","appears 8 times"
"200 no error","https://urakare.jp/_next/image?url=https://kemvfhztndsfrqqecfkf.supabase.co/storage/v1/object/public/column-images/hotel-anxiety/section-comparison.webp&w=1080&q=75","","appears 8 times"
"200 no error","https://urakare.jp/_next/image?url=https://kemvfhztndsfrqqecfkf.supabase.co/storage/v1/object/public/column-images/hotel-anxiety/section-comparison.webp&w=1200&q=75","","appears 8 times"
"200 no error","https://urakare.jp/_next/image?url=https://kemvfhztndsfrqqecfkf.supabase.co/storage/v1/object/public/column-images/hotel-anxiety/section-comparison.webp&w=1920&q=75","","appears 8 times"
"200 no error","https://urakare.jp/_next/image?url=https://kemvfhztndsfrqqecfkf.supabase.co/storage/v1/object/public/column-images/hotel-anxiety/section-comparison.webp&w=2048&q=75","","appears 8 times"
"200 no error","https://urakare.jp/_next/image?url=https://kemvfhztndsfrqqecfkf.supabase.co/storage/v1/object/public/column-images/hotel-anxiety/section-comparison.webp&w=3840&q=75","","appears 16 times"
"200 no error < 302 found","https://doi.org/10.1037/0278-6133.25.3.408","https://psycnet.apa.org:443/doiLanding?doi=10.1037/0278-6133.25.3.408","appears 8 times"
"blocked by Cloudflare < 302 found","https://doi.org/10.1177/0146167209352864","https://journals.sagepub.com/doi/10.1177/0146167209352864","appears 8 times"
"200 no error","https://pubmed.ncbi.nlm.nih.gov/10707330/","","appears 8 times"
"200 no error","https://psycnet.apa.org/record/1998-10511-003","","appears 8 times"
"200 no error","https://pubmed.ncbi.nlm.nih.gov/2914000/","","appears 8 times"
"200 no error","https://kemvfhztndsfrqqecfkf.supabase.co/storage/v1/object/public/column-images/jofu-30dai-guide/og-image.jpg","","appears 18 times"
"200 no error","https://urakare.jp/column/jofu-guide/jofu-30dai-guide#sexless","","appears 9 times"
"200 no error","https://urakare.jp/column/jofu-guide/jofu-30dai-guide#maturity","","appears 9 times"
"200 no error","https://urakare.jp/column/jofu-guide/jofu-30dai-guide#age-distribution","","appears 9 times"
"200 no error","https://urakare.jp/column/jofu-guide/jofu-30dai-guide#talk-limit","","appears 9 times"
"200 no error","https://urakare.jp/column/jofu-guide/jofu-30dai-guide#second-virgin","","appears 9 times"
"200 no error","https://urakare.jp/column/jofu-guide/jofu-30dai-guide#best-timing","","appears 9 times"
"200 no error","https://urakare.jp/column/jofu-guide/jofu-30dai-guide#guide","","appears 9 times"
"200 no error","https://urakare.jp/column/jofu-guide/jofu-30dai-guide#faq","","appears 9 times"
"200 no error","https://urakare.jp/_next/image?url=https://kemvfhztndsfrqqecfkf.supabase.co/storage/v1/object/public/column-images/jofu-30dai-guide/section-maturity.webp&w=1080&q=75","","appears 9 times"
"200 no error","https://urakare.jp/_next/image?url=https://kemvfhztndsfrqqecfkf.supabase.co/storage/v1/object/public/column-images/jofu-30dai-guide/section-maturity.webp&w=2048&q=75","","appears 18 times"
"200 no error < 302 found","https://doi.org/10.1038/s41598-025-23483-0","https://www.nature.com/articles/s41598-025-23483-0","appears 18 times"
"404 not found","https://www.simonandschuster.com/books/Come-As-You-Are/Emily-Nagoski/9781476762098","","appears 18 times"
"200 no error","https://urakare.jp/_next/image?url=https://kemvfhztndsfrqqecfkf.supabase.co/storage/v1/object/public/column-images/jofu-30dai-guide/section-transformation.webp&w=1080&q=75","","appears 9 times"
"200 no error","https://urakare.jp/_next/image?url=https://kemvfhztndsfrqqecfkf.supabase.co/storage/v1/object/public/column-images/jofu-30dai-guide/section-transformation.webp&w=2048&q=75","","appears 18 times"
"200 no error","https://kemvfhztndsfrqqecfkf.supabase.co/storage/v1/object/public/column-images/jofu-misconceptions/og-image.jpg","","appears 28 times"
"200 no error","https://urakare.jp/column/jofu-guide/jofu-misconceptions#misconception-1","","appears 14 times"
"200 no error","https://urakare.jp/column/jofu-guide/jofu-misconceptions#misconception-2","","appears 14 times"
"200 no error","https://urakare.jp/column/jofu-guide/jofu-misconceptions#misconception-3","","appears 14 times"
"200 no error","https://urakare.jp/column/jofu-guide/jofu-misconceptions#misconception-4","","appears 14 times"
"200 no error","https://urakare.jp/column/jofu-guide/jofu-misconceptions#misconception-5","","appears 14 times"
"200 no error","https://urakare.jp/column/jofu-guide/jofu-misconceptions#misconception-6","","appears 14 times"
"200 no error","https://urakare.jp/column/jofu-guide/jofu-misconceptions#misconception-7","","appears 14 times"
"200 no error","https://urakare.jp/column/jofu-guide/jofu-misconceptions#misconception-8","","appears 14 times"
"200 no error","https://urakare.jp/column/jofu-guide/jofu-misconceptions#misconception-9","","appears 14 times"
"200 no error","https://urakare.jp/column/jofu-guide/jofu-misconceptions#misconception-10","","appears 14 times"
"200 no error","https://urakare.jp/column/jofu-guide/jofu-misconceptions#cta","","appears 14 times"
"200 no error","https://urakare.jp/column/jofu-guide/jofu-misconceptions#faq","","appears 14 times"
"200 no error","https://urakare.jp/column/jofu-guide/jofu-misconceptions#references","","appears 14 times"
"200 no error < 302 found","https://doi.org/10.1016/j.janxdis.2006.03.014","https://linkinghub.elsevier.com/retrieve/pii/S088761850600051X","appears 14 times"
"200 no error < 302 found","https://doi.org/10.1016/j.brat.2014.04.006","https://linkinghub.elsevier.com/retrieve/pii/S0005796714000606","appears 14 times"
"200 no error < 302 found","https://doi.org/10.1037/pspa0000085","https://psycnet.apa.org:443/doiLanding?doi=10.1037/pspa0000085","appears 14 times"
"404 not found","https://doi.org/10.1177/1088868320891164","","appears 14 times"
"200 no error","https://urakare.jp/_next/image?url=https://kemvfhztndsfrqqecfkf.supabase.co/storage/v1/object/public/column-images/jofu-misconceptions/section-diversity.webp&w=640&q=75","","appears 14 times"
"200 no error","https://urakare.jp/_next/image?url=https://kemvfhztndsfrqqecfkf.supabase.co/storage/v1/object/public/column-images/jofu-misconceptions/section-diversity.webp&w=750&q=75","","appears 14 times"
"200 no error","https://urakare.jp/_next/image?url=https://kemvfhztndsfrqqecfkf.supabase.co/storage/v1/object/public/column-images/jofu-misconceptions/section-diversity.webp&w=828&q=75","","appears 14 times"
"200 no error","https://urakare.jp/_next/image?url=https://kemvfhztndsfrqqecfkf.supabase.co/storage/v1/object/public/column-images/jofu-misconceptions/section-diversity.webp&w=1080&q=75","","appears 14 times"
"200 no error","https://urakare.jp/_next/image?url=https://kemvfhztndsfrqqecfkf.supabase.co/storage/v1/object/public/column-images/jofu-misconceptions/section-diversity.webp&w=1200&q=75","","appears 14 times"
"200 no error","https://urakare.jp/_next/image?url=https://kemvfhztndsfrqqecfkf.supabase.co/storage/v1/object/public/column-images/jofu-misconceptions/section-diversity.webp&w=1920&q=75","","appears 14 times"
"200 no error","https://urakare.jp/_next/image?url=https://kemvfhztndsfrqqecfkf.supabase.co/storage/v1/object/public/column-images/jofu-misconceptions/section-diversity.webp&w=2048&q=75","","appears 14 times"
"200 no error","https://urakare.jp/_next/image?url=https://kemvfhztndsfrqqecfkf.supabase.co/storage/v1/object/public/column-images/jofu-misconceptions/section-diversity.webp&w=3840&q=75","","appears 28 times"
"200 no error","https://urakare.jp/_next/image?url=https://kemvfhztndsfrqqecfkf.supabase.co/storage/v1/object/public/column-images/jofu-misconceptions/section-safety.webp&w=640&q=75","","appears 14 times"
"200 no error","https://urakare.jp/_next/image?url=https://kemvfhztndsfrqqecfkf.supabase.co/storage/v1/object/public/column-images/jofu-misconceptions/section-safety.webp&w=750&q=75","","appears 14 times"
"200 no error","https://urakare.jp/_next/image?url=https://kemvfhztndsfrqqecfkf.supabase.co/storage/v1/object/public/column-images/jofu-misconceptions/section-safety.webp&w=828&q=75","","appears 14 times"
"200 no error","https://urakare.jp/_next/image?url=https://kemvfhztndsfrqqecfkf.supabase.co/storage/v1/object/public/column-images/jofu-misconceptions/section-safety.webp&w=1080&q=75","","appears 14 times"
"200 no error","https://urakare.jp/_next/image?url=https://kemvfhztndsfrqqecfkf.supabase.co/storage/v1/object/public/column-images/jofu-misconceptions/section-safety.webp&w=1200&q=75","","appears 14 times"
"200 no error","https://urakare.jp/_next/image?url=https://kemvfhztndsfrqqecfkf.supabase.co/storage/v1/object/public/column-images/jofu-misconceptions/section-safety.webp&w=1920&q=75","","appears 14 times"
"200 no error","https://urakare.jp/_next/image?url=https://kemvfhztndsfrqqecfkf.supabase.co/storage/v1/object/public/column-images/jofu-misconceptions/section-safety.webp&w=2048&q=75","","appears 14 times"
"200 no error","https://urakare.jp/_next/image?url=https://kemvfhztndsfrqqecfkf.supabase.co/storage/v1/object/public/column-images/jofu-misconceptions/section-safety.webp&w=3840&q=75","","appears 28 times"
"200 no error","https://kemvfhztndsfrqqecfkf.supabase.co/storage/v1/object/public/column-images/self-esteem-embrace/og-image.jpg","","appears 20 times"
"200 no error","https://urakare.jp/column/night-care/self-esteem-embrace#japan-self-esteem","","appears 10 times"
"200 no error","https://urakare.jp/column/night-care/self-esteem-embrace#why-night","","appears 10 times"
"200 no error","https://urakare.jp/column/night-care/self-esteem-embrace#science-of-hug","","appears 10 times"
"200 no error","https://urakare.jp/column/night-care/self-esteem-embrace#three-methods","","appears 10 times"
"200 no error","https://urakare.jp/column/night-care/self-esteem-embrace#self-compassion-diary","","appears 10 times"
"200 no error","https://urakare.jp/column/night-care/self-esteem-embrace#therapist-story","","appears 10 times"
"200 no error","https://urakare.jp/column/night-care/self-esteem-embrace#not-alone","","appears 10 times"
"200 no error","https://urakare.jp/column/night-care/self-esteem-embrace#message","","appears 10 times"
"200 no error","https://urakare.jp/column/night-care/self-esteem-embrace#faq","","appears 10 times"
"200 no error","https://urakare.jp/_next/image?url=https://kemvfhztndsfrqqecfkf.supabase.co/storage/v1/object/public/column-images/self-esteem-embrace/section1.webp&w=640&q=75","","appears 10 times"
"200 no error","https://urakare.jp/_next/image?url=https://kemvfhztndsfrqqecfkf.supabase.co/storage/v1/object/public/column-images/self-esteem-embrace/section1.webp&w=750&q=75","","appears 10 times"
"200 no error","https://urakare.jp/_next/image?url=https://kemvfhztndsfrqqecfkf.supabase.co/storage/v1/object/public/column-images/self-esteem-embrace/section1.webp&w=828&q=75","","appears 10 times"
"200 no error","https://urakare.jp/_next/image?url=https://kemvfhztndsfrqqecfkf.supabase.co/storage/v1/object/public/column-images/self-esteem-embrace/section1.webp&w=1080&q=75","","appears 10 times"
"200 no error","https://urakare.jp/_next/image?url=https://kemvfhztndsfrqqecfkf.supabase.co/storage/v1/object/public/column-images/self-esteem-embrace/section1.webp&w=1200&q=75","","appears 10 times"
"200 no error","https://urakare.jp/_next/image?url=https://kemvfhztndsfrqqecfkf.supabase.co/storage/v1/object/public/column-images/self-esteem-embrace/section1.webp&w=1920&q=75","","appears 10 times"
"200 no error","https://urakare.jp/_next/image?url=https://kemvfhztndsfrqqecfkf.supabase.co/storage/v1/object/public/column-images/self-esteem-embrace/section1.webp&w=2048&q=75","","appears 10 times"
"200 no error","https://urakare.jp/_next/image?url=https://kemvfhztndsfrqqecfkf.supabase.co/storage/v1/object/public/column-images/self-esteem-embrace/section1.webp&w=3840&q=75","","appears 20 times"
"200 no error","https://www.cfa.go.jp/policies/kodomo-research","","appears 20 times"
"200 no error","https://pmc.ncbi.nlm.nih.gov/articles/PMC12632118/","","appears 20 times"
"200 no error","https://urakare.jp/_next/image?url=https://kemvfhztndsfrqqecfkf.supabase.co/storage/v1/object/public/column-images/self-esteem-embrace/section2.webp&w=640&q=75","","appears 10 times"
"200 no error","https://urakare.jp/_next/image?url=https://kemvfhztndsfrqqecfkf.supabase.co/storage/v1/object/public/column-images/self-esteem-embrace/section2.webp&w=750&q=75","","appears 10 times"
"200 no error","https://urakare.jp/_next/image?url=https://kemvfhztndsfrqqecfkf.supabase.co/storage/v1/object/public/column-images/self-esteem-embrace/section2.webp&w=828&q=75","","appears 10 times"
"200 no error","https://urakare.jp/_next/image?url=https://kemvfhztndsfrqqecfkf.supabase.co/storage/v1/object/public/column-images/self-esteem-embrace/section2.webp&w=1080&q=75","","appears 10 times"
"200 no error","https://urakare.jp/_next/image?url=https://kemvfhztndsfrqqecfkf.supabase.co/storage/v1/object/public/column-images/self-esteem-embrace/section2.webp&w=1200&q=75","","appears 10 times"
"200 no error","https://urakare.jp/_next/image?url=https://kemvfhztndsfrqqecfkf.supabase.co/storage/v1/object/public/column-images/self-esteem-embrace/section2.webp&w=1920&q=75","","appears 10 times"
"200 no error","https://urakare.jp/_next/image?url=https://kemvfhztndsfrqqecfkf.supabase.co/storage/v1/object/public/column-images/self-esteem-embrace/section2.webp&w=2048&q=75","","appears 10 times"
"200 no error","https://urakare.jp/_next/image?url=https://kemvfhztndsfrqqecfkf.supabase.co/storage/v1/object/public/column-images/self-esteem-embrace/section2.webp&w=3840&q=75","","appears 20 times"
"200 no error","https://pmc.ncbi.nlm.nih.gov/articles/PMC6783329/","","appears 30 times"
"200 no error","https://urakare.jp/_next/image?url=https://kemvfhztndsfrqqecfkf.supabase.co/storage/v1/object/public/column-images/self-esteem-embrace/section3.webp&w=640&q=75","","appears 10 times"
"200 no error","https://urakare.jp/_next/image?url=https://kemvfhztndsfrqqecfkf.supabase.co/storage/v1/object/public/column-images/self-esteem-embrace/section3.webp&w=750&q=75","","appears 10 times"
"200 no error","https://urakare.jp/_next/image?url=https://kemvfhztndsfrqqecfkf.supabase.co/storage/v1/object/public/column-images/self-esteem-embrace/section3.webp&w=828&q=75","","appears 10 times"
"200 no error","https://urakare.jp/_next/image?url=https://kemvfhztndsfrqqecfkf.supabase.co/storage/v1/object/public/column-images/self-esteem-embrace/section3.webp&w=1080&q=75","","appears 10 times"
"200 no error","https://urakare.jp/_next/image?url=https://kemvfhztndsfrqqecfkf.supabase.co/storage/v1/object/public/column-images/self-esteem-embrace/section3.webp&w=1200&q=75","","appears 10 times"
"200 no error","https://urakare.jp/_next/image?url=https://kemvfhztndsfrqqecfkf.supabase.co/storage/v1/object/public/column-images/self-esteem-embrace/section3.webp&w=1920&q=75","","appears 10 times"
"200 no error","https://urakare.jp/_next/image?url=https://kemvfhztndsfrqqecfkf.supabase.co/storage/v1/object/public/column-images/self-esteem-embrace/section3.webp&w=2048&q=75","","appears 10 times"
"200 no error","https://urakare.jp/_next/image?url=https://kemvfhztndsfrqqecfkf.supabase.co/storage/v1/object/public/column-images/self-esteem-embrace/section3.webp&w=3840&q=75","","appears 20 times"
"200 no error","https://pmc.ncbi.nlm.nih.gov/articles/PMC9216399/","","appears 20 times"
"200 no error","https://www.scielo.org.mx/scielo.php?pid=S1665-50442025000400004&script=sci_arttext","","appears 20 times"
"200 no error < 302 found","https://doi.org/10.1007/s12671-020-01498-0","https://idp.springer.com/authorize?response_type=cookie&client_id=springerlink&redirect_uri=https://link.springer.com/article/10.1007/s12671-020-01498-0","appears 20 times"
"200 no error","https://urakare.jp/_next/image?url=https://kemvfhztndsfrqqecfkf.supabase.co/storage/v1/object/public/column-images/self-esteem-embrace/section4.webp&w=640&q=75","","appears 10 times"
"200 no error","https://urakare.jp/_next/image?url=https://kemvfhztndsfrqqecfkf.supabase.co/storage/v1/object/public/column-images/self-esteem-embrace/section4.webp&w=750&q=75","","appears 10 times"
"200 no error","https://urakare.jp/_next/image?url=https://kemvfhztndsfrqqecfkf.supabase.co/storage/v1/object/public/column-images/self-esteem-embrace/section4.webp&w=828&q=75","","appears 10 times"
"200 no error","https://urakare.jp/_next/image?url=https://kemvfhztndsfrqqecfkf.supabase.co/storage/v1/object/public/column-images/self-esteem-embrace/section4.webp&w=1080&q=75","","appears 10 times"
"200 no error","https://urakare.jp/_next/image?url=https://kemvfhztndsfrqqecfkf.supabase.co/storage/v1/object/public/column-images/self-esteem-embrace/section4.webp&w=1200&q=75","","appears 10 times"
"200 no error","https://urakare.jp/_next/image?url=https://kemvfhztndsfrqqecfkf.supabase.co/storage/v1/object/public/column-images/self-esteem-embrace/section4.webp&w=1920&q=75","","appears 10 times"
"200 no error","https://urakare.jp/_next/image?url=https://kemvfhztndsfrqqecfkf.supabase.co/storage/v1/object/public/column-images/self-esteem-embrace/section4.webp&w=2048&q=75","","appears 10 times"
"200 no error","https://urakare.jp/_next/image?url=https://kemvfhztndsfrqqecfkf.supabase.co/storage/v1/object/public/column-images/self-esteem-embrace/section4.webp&w=3840&q=75","","appears 20 times"
"404 not found","https://banrjournal.org/index.php/banrj/article/view/53","","appears 20 times"
"200 no error","https://urakare.jp/_next/image?url=https://kemvfhztndsfrqqecfkf.supabase.co/storage/v1/object/public/column-images/self-esteem-embrace/section5.webp&w=640&q=75","","appears 10 times"
"200 no error","https://urakare.jp/_next/image?url=https://kemvfhztndsfrqqecfkf.supabase.co/storage/v1/object/public/column-images/self-esteem-embrace/section5.webp&w=750&q=75","","appears 10 times"
"200 no error","https://urakare.jp/_next/image?url=https://kemvfhztndsfrqqecfkf.supabase.co/storage/v1/object/public/column-images/self-esteem-embrace/section5.webp&w=828&q=75","","appears 10 times"
"200 no error","https://urakare.jp/_next/image?url=https://kemvfhztndsfrqqecfkf.supabase.co/storage/v1/object/public/column-images/self-esteem-embrace/section5.webp&w=1080&q=75","","appears 10 times"
"200 no error","https://urakare.jp/_next/image?url=https://kemvfhztndsfrqqecfkf.supabase.co/storage/v1/object/public/column-images/self-esteem-embrace/section5.webp&w=1200&q=75","","appears 10 times"
"200 no error","https://urakare.jp/_next/image?url=https://kemvfhztndsfrqqecfkf.supabase.co/storage/v1/object/public/column-images/self-esteem-embrace/section5.webp&w=1920&q=75","","appears 10 times"
"200 no error","https://urakare.jp/_next/image?url=https://kemvfhztndsfrqqecfkf.supabase.co/storage/v1/object/public/column-images/self-esteem-embrace/section5.webp&w=2048&q=75","","appears 10 times"
"200 no error","https://urakare.jp/_next/image?url=https://kemvfhztndsfrqqecfkf.supabase.co/storage/v1/object/public/column-images/self-esteem-embrace/section5.webp&w=3840&q=75","","appears 20 times"
"200 no error","https://pubmed.ncbi.nlm.nih.gov/19363489/","","appears 20 times"
"blocked by Cloudflare < 302 found","https://doi.org/10.1177/0963721414547414","https://journals.sagepub.com/doi/10.1177/0963721414547414","appears 20 times"
"200 no error","https://pmc.ncbi.nlm.nih.gov/articles/PMC7139482/","","appears 10 times"
"200 no error","https://urakare.jp/images/column/therapist-reality/og-image.jpg?v=2","","appears 22 times"
"200 no error","https://urakare.jp/_next/image?url=/images/column/therapist-reality/hero.webp?v=2&w=640&q=75&dpl=dpl_7WTW9QoqRCZeqgUAy1hmqp4Xg7s6","","appears 11 times"
"200 no error","https://urakare.jp/_next/image?url=/images/column/therapist-reality/hero.webp?v=2&w=750&q=75&dpl=dpl_7WTW9QoqRCZeqgUAy1hmqp4Xg7s6","","appears 11 times"
"200 no error","https://urakare.jp/_next/image?url=/images/column/therapist-reality/hero.webp?v=2&w=828&q=75&dpl=dpl_7WTW9QoqRCZeqgUAy1hmqp4Xg7s6","","appears 11 times"
"200 no error","https://urakare.jp/_next/image?url=/images/column/therapist-reality/hero.webp?v=2&w=1080&q=75&dpl=dpl_7WTW9QoqRCZeqgUAy1hmqp4Xg7s6","","appears 11 times"
"200 no error","https://urakare.jp/_next/image?url=/images/column/therapist-reality/hero.webp?v=2&w=1200&q=75&dpl=dpl_7WTW9QoqRCZeqgUAy1hmqp4Xg7s6","","appears 11 times"
"200 no error","https://urakare.jp/_next/image?url=/images/column/therapist-reality/hero.webp?v=2&w=1920&q=75&dpl=dpl_7WTW9QoqRCZeqgUAy1hmqp4Xg7s6","","appears 11 times"
"200 no error","https://urakare.jp/_next/image?url=/images/column/therapist-reality/hero.webp?v=2&w=2048&q=75&dpl=dpl_7WTW9QoqRCZeqgUAy1hmqp4Xg7s6","","appears 11 times"
"200 no error","https://urakare.jp/_next/image?url=/images/column/therapist-reality/hero.webp?v=2&w=3840&q=75&dpl=dpl_7WTW9QoqRCZeqgUAy1hmqp4Xg7s6","","appears 22 times"
"200 no error","https://urakare.jp/column/industry/therapist-reality#tough","","appears 11 times"
"200 no error","https://urakare.jp/column/industry/therapist-reality#quit-night","","appears 11 times"
"200 no error","https://urakare.jp/column/industry/therapist-reality#mental-routine","","appears 11 times"
"200 no error","https://urakare.jp/column/industry/therapist-reality#rewarding","","appears 11 times"
"200 no error","https://urakare.jp/column/industry/therapist-reality#daily","","appears 11 times"
"200 no error","https://urakare.jp/column/industry/therapist-reality#fit","","appears 11 times"
"200 no error","https://urakare.jp/column/industry/therapist-reality#story","","appears 11 times"
"200 no error","https://urakare.jp/column/industry/therapist-reality#environment","","appears 11 times"
"200 no error","https://urakare.jp/column/industry/therapist-reality#faq","","appears 11 times"
"200 no error","https://urakare.jp/column/industry/therapist-reality#last","","appears 11 times"
"200 no error","https://urakare.jp/_next/image?url=/images/column/therapist-reality/section-tough.webp?v=2&w=1920&q=75&dpl=dpl_7WTW9QoqRCZeqgUAy1hmqp4Xg7s6","","appears 11 times"
"200 no error","https://urakare.jp/_next/image?url=/images/column/therapist-reality/section-tough.webp?v=2&w=3840&q=75&dpl=dpl_7WTW9QoqRCZeqgUAy1hmqp4Xg7s6","","appears 22 times"
"200 no error","https://line-harness.otudesumyiphone4s-3d3.workers.dev/r/hp-reality?page=welcome","","appears 44 times"
"200 no error","https://urakare.jp/_next/image?url=/images/column/therapist-reality/section-rewarding.webp?v=2&w=1920&q=75&dpl=dpl_7WTW9QoqRCZeqgUAy1hmqp4Xg7s6","","appears 11 times"
"200 no error","https://urakare.jp/_next/image?url=/images/column/therapist-reality/section-rewarding.webp?v=2&w=3840&q=75&dpl=dpl_7WTW9QoqRCZeqgUAy1hmqp4Xg7s6","","appears 22 times"
"200 no error","https://urakare.jp/_next/image?url=/images/column/therapist-reality/section-story.webp?v=2&w=1920&q=75&dpl=dpl_7WTW9QoqRCZeqgUAy1hmqp4Xg7s6","","appears 11 times"
"200 no error","https://urakare.jp/_next/image?url=/images/column/therapist-reality/section-story.webp?v=2&w=3840&q=75&dpl=dpl_7WTW9QoqRCZeqgUAy1hmqp4Xg7s6","","appears 22 times"
"200 no error","https://urakare.jp/images/column/therapist-mental-care/og-image.jpg","","appears 18 times"
"200 no error","https://urakare.jp/_next/image?url=/images/column/therapist-mental-care/hero.webp&w=640&q=75&dpl=dpl_7WTW9QoqRCZeqgUAy1hmqp4Xg7s6","","appears 9 times"
"200 no error","https://urakare.jp/_next/image?url=/images/column/therapist-mental-care/hero.webp&w=750&q=75&dpl=dpl_7WTW9QoqRCZeqgUAy1hmqp4Xg7s6","","appears 9 times"
"200 no error","https://urakare.jp/_next/image?url=/images/column/therapist-mental-care/hero.webp&w=828&q=75&dpl=dpl_7WTW9QoqRCZeqgUAy1hmqp4Xg7s6","","appears 9 times"
"200 no error","https://urakare.jp/_next/image?url=/images/column/therapist-mental-care/hero.webp&w=1080&q=75&dpl=dpl_7WTW9QoqRCZeqgUAy1hmqp4Xg7s6","","appears 9 times"
"200 no error","https://urakare.jp/_next/image?url=/images/column/therapist-mental-care/hero.webp&w=1200&q=75&dpl=dpl_7WTW9QoqRCZeqgUAy1hmqp4Xg7s6","","appears 9 times"
"200 no error","https://urakare.jp/_next/image?url=/images/column/therapist-mental-care/hero.webp&w=1920&q=75&dpl=dpl_7WTW9QoqRCZeqgUAy1hmqp4Xg7s6","","appears 9 times"
"200 no error","https://urakare.jp/_next/image?url=/images/column/therapist-mental-care/hero.webp&w=2048&q=75&dpl=dpl_7WTW9QoqRCZeqgUAy1hmqp4Xg7s6","","appears 9 times"
"200 no error","https://urakare.jp/_next/image?url=/images/column/therapist-mental-care/hero.webp&w=3840&q=75&dpl=dpl_7WTW9QoqRCZeqgUAy1hmqp4Xg7s6","","appears 18 times"
"200 no error","https://urakare.jp/column/industry/therapist-mental-care#why","","appears 9 times"
"200 no error","https://urakare.jp/column/industry/therapist-mental-care#emotional-labor","","appears 9 times"
"200 no error","https://urakare.jp/column/industry/therapist-mental-care#five-challenges","","appears 9 times"
"200 no error","https://urakare.jp/column/industry/therapist-mental-care#self-care","","appears 9 times"
"200 no error","https://urakare.jp/column/industry/therapist-mental-care#organization","","appears 9 times"
"200 no error","https://urakare.jp/column/industry/therapist-mental-care#positive","","appears 9 times"
"200 no error","https://urakare.jp/column/industry/therapist-mental-care#recruit","","appears 9 times"
"200 no error","https://urakare.jp/column/industry/therapist-mental-care#faq","","appears 9 times"
"200 no error","https://homeceuconnection.com/blogs/therapies/massage-therapists-state-of-the-profession-guide","","appears 18 times"
"200 no error","https://www.frontiersin.org/journals/public-health/articles/10.3389/fpubh.2024.1455999/full","","appears 18 times"
"200 no error","https://www.frontiersin.org/journals/public-health/articles/10.3389/fpubh.2025.1679876/full","","appears 18 times"
"200 no error","https://urakare.jp/_next/image?url=/images/column/therapist-mental-care/section-emotional-labor.webp&w=1920&q=75&dpl=dpl_7WTW9QoqRCZeqgUAy1hmqp4Xg7s6","","appears 9 times"
"200 no error","https://urakare.jp/_next/image?url=/images/column/therapist-mental-care/section-emotional-labor.webp&w=3840&q=75&dpl=dpl_7WTW9QoqRCZeqgUAy1hmqp4Xg7s6","","appears 18 times"
"blocked by Cloudflare","https://www.sciencedirect.com/science/article/pii/S0001691825012181","","appears 18 times"
"blocked by Cloudflare","https://journals.sagepub.com/doi/10.1177/21568693251345052","","appears 18 times"
"200 no error","https://urakare.jp/_next/image?url=/images/column/therapist-mental-care/section-five-challenges.webp&w=1920&q=75&dpl=dpl_7WTW9QoqRCZeqgUAy1hmqp4Xg7s6","","appears 9 times"
"200 no error","https://urakare.jp/_next/image?url=/images/column/therapist-mental-care/section-five-challenges.webp&w=3840&q=75&dpl=dpl_7WTW9QoqRCZeqgUAy1hmqp4Xg7s6","","appears 18 times"
"200 no error","https://onlinelibrary.wiley.com/doi/10.1002/jclp.23780","","appears 18 times"
"200 no error","https://www.mdpi.com/2227-9032/11/20/2715","","appears 18 times"
"200 no error < 303 see other","https://link.springer.com/article/10.1007/s00420-023-02009-z","https://idp.springer.com/authorize?response_type=cookie&client_id=springerlink&redirect_uri=https://link.springer.com/article/10.1007/s00420-023-02009-z","appears 18 times"
"200 no error","https://www.tandfonline.com/doi/full/10.1080/09515070.2024.2394767","","appears 18 times"
"200 no error","https://urakare.jp/_next/image?url=/images/column/therapist-mental-care/section-positive.webp&w=1920&q=75&dpl=dpl_7WTW9QoqRCZeqgUAy1hmqp4Xg7s6","","appears 9 times"
"200 no error","https://urakare.jp/_next/image?url=/images/column/therapist-mental-care/section-positive.webp&w=3840&q=75&dpl=dpl_7WTW9QoqRCZeqgUAy1hmqp4Xg7s6","","appears 18 times"
"200 no error","https://urakare.jp/_next/image?url=/images/column/therapist-mental-care/section-recruit.webp&w=1920&q=75&dpl=dpl_7WTW9QoqRCZeqgUAy1hmqp4Xg7s6","","appears 9 times"
"200 no error","https://urakare.jp/_next/image?url=/images/column/therapist-mental-care/section-recruit.webp&w=3840&q=75&dpl=dpl_7WTW9QoqRCZeqgUAy1hmqp4Xg7s6","","appears 18 times"
"200 no error","https://line-harness.otudesumyiphone4s-3d3.workers.dev/r/hp-mental?page=welcome","","appears 18 times"
"200 no error","https://www.nature.com/articles/s41598-025-01111-1","","appears 9 times"
"200 no error","https://pmc.ncbi.nlm.nih.gov/articles/PMC6715325/","","appears 9 times"
"200 no error","https://www.abmp.com/massage-and-bodywork-magazine/issues/septemberoctober-2024/somatic-empathy","","appears 9 times"
"200 no error","https://pmc.ncbi.nlm.nih.gov/articles/PMC11543797/","","appears 9 times"
"200 no error","https://urakare.jp/therapist/4/schedule","","appears 26 times"
"200 no error","https://kemvfhztndsfrqqecfkf.supabase.co/storage/v1/object/public/diary-images/5/crop_ce693062-6e91-4c63-af19-58fbb19e18db.webp","","appears 19 times"
"200 no error","https://urakare.jp/therapist/5/diary/fd332954-b4f5-4265-b84a-a0d8d42e3ad2","","appears 18 times"
"200 no error","https://kemvfhztndsfrqqecfkf.supabase.co/storage/v1/object/public/diary-images/1/migrated_2024-12-18-tv-abema.jpg","","appears 12 times"
"200 no error","https://urakare.jp/therapist/1/diary/bf69ff6f-6834-41f3-85d9-5739429b7d16","","appears 11 times"
"200 no error < 301 moved permanently","https://amzn.to/473jkUO","https://www.amazon.co.jp/dp/B0FLKM68XM/ref=cm_sw_r_as_gl_api_gl_i_CPQV32RG2GSV6GBDZDND?linkCode=ml1&tag=affiliatejuly-22&linkId=396b89a316d591ff5ea509502c25c019","https://urakare.jp/therapist/1/diary/247447c5-8518-4be8-b702-6dee1d031fc0"
"200 no error","https://homare-kichi.com","","https://urakare.jp/therapist/1/diary/247447c5-8518-4be8-b702-6dee1d031fc0"
"200 no error","https://urakare.jp/therapist/1/schedule","","appears 58 times"
"200 no error","https://kemvfhztndsfrqqecfkf.supabase.co/storage/v1/object/public/diary-images/1/migrated_2024-06-22-grandprix-1st.jpg","","appears 5 times"
"200 no error","https://urakare.jp/therapist/1/diary/2b9d7f4e-ce89-4044-b087-40775a12f829","","appears 4 times"
"200 no error","https://kemvfhztndsfrqqecfkf.supabase.co/storage/v1/object/public/diary-images/1/migrated_2024-04-19-2nd-anniversary.jpg","","appears 5 times"
"200 no error","https://urakare.jp/therapist/1/diary/63490bb3-5a6a-4ea6-a555-5ca4c7838401","","appears 4 times"
"200 no error","https://urakare.jp/therapist/5","","appears 12 times"
"200 no error","https://kemvfhztndsfrqqecfkf.supabase.co/storage/v1/object/public/diary-images/1/crop_d2ffa0b4-fb90-48b2-b688-af77b8607776.webp","","https://urakare.jp/therapist/1/diary/e0f60397-5ff2-4e90-8d8f-5d8b9e427366"
"200 no error","https://kemvfhztndsfrqqecfkf.supabase.co/storage/v1/object/public/diary-images/1/img_cee368ef-3f28-4adb-864c-ffdff4b83c39.webp","","https://urakare.jp/therapist/1/diary/e0f60397-5ff2-4e90-8d8f-5d8b9e427366"
"200 no error","https://mdpr.jp/influencer/4553957","","https://urakare.jp/therapist/1/diary/1f82bb02-95d2-4098-b050-a6e7ba3a8a0d"
"200 no error","https://kemvfhztndsfrqqecfkf.supabase.co/storage/v1/object/public/column-images/sexual-pain/og-image.jpg","","appears 20 times"
"200 no error","https://urakare.jp/_next/image?url=https://kemvfhztndsfrqqecfkf.supabase.co/storage/v1/object/public/column-images/sexual-pain/hero.webp&w=640&q=75","","appears 10 times"
"200 no error","https://urakare.jp/_next/image?url=https://kemvfhztndsfrqqecfkf.supabase.co/storage/v1/object/public/column-images/sexual-pain/hero.webp&w=750&q=75","","appears 10 times"
"200 no error","https://urakare.jp/_next/image?url=https://kemvfhztndsfrqqecfkf.supabase.co/storage/v1/object/public/column-images/sexual-pain/hero.webp&w=828&q=75","","appears 10 times"
"200 no error","https://urakare.jp/_next/image?url=https://kemvfhztndsfrqqecfkf.supabase.co/storage/v1/object/public/column-images/sexual-pain/hero.webp&w=1080&q=75","","appears 10 times"
"200 no error","https://urakare.jp/_next/image?url=https://kemvfhztndsfrqqecfkf.supabase.co/storage/v1/object/public/column-images/sexual-pain/hero.webp&w=1200&q=75","","appears 10 times"
"200 no error","https://urakare.jp/_next/image?url=https://kemvfhztndsfrqqecfkf.supabase.co/storage/v1/object/public/column-images/sexual-pain/hero.webp&w=1920&q=75","","appears 10 times"
"200 no error","https://urakare.jp/_next/image?url=https://kemvfhztndsfrqqecfkf.supabase.co/storage/v1/object/public/column-images/sexual-pain/hero.webp&w=2048&q=75","","appears 10 times"
"200 no error","https://urakare.jp/_next/image?url=https://kemvfhztndsfrqqecfkf.supabase.co/storage/v1/object/public/column-images/sexual-pain/hero.webp&w=3840&q=75","","appears 20 times"
"200 no error","https://urakare.jp/column/body-care/sex-pain-causes-and-self-care#not-alone","","appears 10 times"
"200 no error","https://urakare.jp/column/body-care/sex-pain-causes-and-self-care#causes","","appears 10 times"
"200 no error","https://urakare.jp/column/body-care/sex-pain-causes-and-self-care#fear-cycle","","appears 10 times"
"200 no error","https://urakare.jp/column/body-care/sex-pain-causes-and-self-care#self-care","","appears 10 times"
"200 no error","https://urakare.jp/column/body-care/sex-pain-causes-and-self-care#pro-care","","appears 10 times"
"200 no error","https://urakare.jp/column/body-care/sex-pain-causes-and-self-care#tell-partner","","appears 20 times"
"200 no error","https://urakare.jp/column/body-care/sex-pain-causes-and-self-care#hospital","","appears 10 times"
"200 no error","https://urakare.jp/column/body-care/sex-pain-causes-and-self-care#cv","","appears 10 times"
"200 no error","https://urakare.jp/column/body-care/sex-pain-causes-and-self-care#faq","","appears 10 times"
"200 no error","https://urakare.jp/_next/image?url=https://kemvfhztndsfrqqecfkf.supabase.co/storage/v1/object/public/column-images/sexual-pain/section-fear-cycle.webp&w=640&q=75","","appears 10 times"
"200 no error","https://urakare.jp/_next/image?url=https://kemvfhztndsfrqqecfkf.supabase.co/storage/v1/object/public/column-images/sexual-pain/section-fear-cycle.webp&w=750&q=75","","appears 10 times"
"200 no error","https://urakare.jp/_next/image?url=https://kemvfhztndsfrqqecfkf.supabase.co/storage/v1/object/public/column-images/sexual-pain/section-fear-cycle.webp&w=828&q=75","","appears 10 times"
"200 no error","https://urakare.jp/_next/image?url=https://kemvfhztndsfrqqecfkf.supabase.co/storage/v1/object/public/column-images/sexual-pain/section-fear-cycle.webp&w=1080&q=75","","appears 10 times"
"200 no error","https://urakare.jp/_next/image?url=https://kemvfhztndsfrqqecfkf.supabase.co/storage/v1/object/public/column-images/sexual-pain/section-fear-cycle.webp&w=1200&q=75","","appears 10 times"
"200 no error","https://urakare.jp/_next/image?url=https://kemvfhztndsfrqqecfkf.supabase.co/storage/v1/object/public/column-images/sexual-pain/section-fear-cycle.webp&w=1920&q=75","","appears 10 times"
"200 no error","https://urakare.jp/_next/image?url=https://kemvfhztndsfrqqecfkf.supabase.co/storage/v1/object/public/column-images/sexual-pain/section-fear-cycle.webp&w=2048&q=75","","appears 10 times"
"200 no error","https://urakare.jp/_next/image?url=https://kemvfhztndsfrqqecfkf.supabase.co/storage/v1/object/public/column-images/sexual-pain/section-fear-cycle.webp&w=3840&q=75","","appears 20 times"
"200 no error","https://urakare.jp/_next/image?url=https://kemvfhztndsfrqqecfkf.supabase.co/storage/v1/object/public/column-images/sexual-pain/section-self-care.webp&w=640&q=75","","appears 10 times"
"200 no error","https://urakare.jp/_next/image?url=https://kemvfhztndsfrqqecfkf.supabase.co/storage/v1/object/public/column-images/sexual-pain/section-self-care.webp&w=750&q=75","","appears 10 times"
"200 no error","https://urakare.jp/_next/image?url=https://kemvfhztndsfrqqecfkf.supabase.co/storage/v1/object/public/column-images/sexual-pain/section-self-care.webp&w=828&q=75","","appears 10 times"
"200 no error","https://urakare.jp/_next/image?url=https://kemvfhztndsfrqqecfkf.supabase.co/storage/v1/object/public/column-images/sexual-pain/section-self-care.webp&w=1080&q=75","","appears 10 times"
"200 no error","https://urakare.jp/_next/image?url=https://kemvfhztndsfrqqecfkf.supabase.co/storage/v1/object/public/column-images/sexual-pain/section-self-care.webp&w=1200&q=75","","appears 10 times"
"200 no error","https://urakare.jp/_next/image?url=https://kemvfhztndsfrqqecfkf.supabase.co/storage/v1/object/public/column-images/sexual-pain/section-self-care.webp&w=1920&q=75","","appears 10 times"
"200 no error","https://urakare.jp/_next/image?url=https://kemvfhztndsfrqqecfkf.supabase.co/storage/v1/object/public/column-images/sexual-pain/section-self-care.webp&w=2048&q=75","","appears 10 times"
"200 no error","https://urakare.jp/_next/image?url=https://kemvfhztndsfrqqecfkf.supabase.co/storage/v1/object/public/column-images/sexual-pain/section-self-care.webp&w=3840&q=75","","appears 20 times"
"200 no error","https://urakare.jp/_next/image?url=https://kemvfhztndsfrqqecfkf.supabase.co/storage/v1/object/public/column-images/sexual-pain/section-pro-care.webp&w=640&q=75","","appears 10 times"
"200 no error","https://urakare.jp/_next/image?url=https://kemvfhztndsfrqqecfkf.supabase.co/storage/v1/object/public/column-images/sexual-pain/section-pro-care.webp&w=750&q=75","","appears 10 times"
"200 no error","https://urakare.jp/_next/image?url=https://kemvfhztndsfrqqecfkf.supabase.co/storage/v1/object/public/column-images/sexual-pain/section-pro-care.webp&w=828&q=75","","appears 10 times"
"200 no error","https://urakare.jp/_next/image?url=https://kemvfhztndsfrqqecfkf.supabase.co/storage/v1/object/public/column-images/sexual-pain/section-pro-care.webp&w=1080&q=75","","appears 10 times"
"200 no error","https://urakare.jp/_next/image?url=https://kemvfhztndsfrqqecfkf.supabase.co/storage/v1/object/public/column-images/sexual-pain/section-pro-care.webp&w=1200&q=75","","appears 10 times"
"200 no error","https://urakare.jp/_next/image?url=https://kemvfhztndsfrqqecfkf.supabase.co/storage/v1/object/public/column-images/sexual-pain/section-pro-care.webp&w=1920&q=75","","appears 10 times"
"200 no error","https://urakare.jp/_next/image?url=https://kemvfhztndsfrqqecfkf.supabase.co/storage/v1/object/public/column-images/sexual-pain/section-pro-care.webp&w=2048&q=75","","appears 10 times"
"200 no error","https://urakare.jp/_next/image?url=https://kemvfhztndsfrqqecfkf.supabase.co/storage/v1/object/public/column-images/sexual-pain/section-pro-care.webp&w=3840&q=75","","appears 20 times"
"200 no error","https://www.ncbi.nlm.nih.gov/books/NBK562159/","","appears 10 times"
"200 no error","https://www.tandfonline.com/doi/full/10.1080/00224499.2024.2352540","","appears 10 times"
"200 no error","https://pmc.ncbi.nlm.nih.gov/articles/PMC7821117/","","appears 10 times"
"200 no error","https://pubmed.ncbi.nlm.nih.gov/38777483/","","appears 10 times"
"200 no error","https://pmc.ncbi.nlm.nih.gov/articles/PMC8760341/","","appears 10 times"
"200 no error","https://pmc.ncbi.nlm.nih.gov/articles/PMC10187080/","","appears 10 times"
"200 no error","https://pubmed.ncbi.nlm.nih.gov/33300122/","","appears 10 times"
"200 no error","https://pubmed.ncbi.nlm.nih.gov/12745761/","","appears 10 times"
"200 no error","https://kemvfhztndsfrqqecfkf.supabase.co/storage/v1/object/public/column-images/lonely-night/og-image.jpg","","appears 14 times"
"200 no error","https://woman-type.jp/wt/feature/19934/","","appears 14 times"
"200 no error","https://www.mri.co.jp/knowledge/mreview/201812-6.html","","appears 14 times"
"200 no error","https://urakare.jp/column/night-care/lonely-night-how-to-spend#why-night","","appears 7 times"
"200 no error","https://urakare.jp/column/night-care/lonely-night-how-to-spend#skin-hunger","","appears 7 times"
"200 no error","https://urakare.jp/column/night-care/lonely-night-how-to-spend#seven-ways","","appears 7 times"
"200 no error","https://urakare.jp/column/night-care/lonely-night-how-to-spend#therapist-message","","appears 7 times"
"200 no error","https://urakare.jp/column/night-care/lonely-night-how-to-spend#faq","","appears 7 times"
"200 no error","https://urakare.jp/column/night-care/lonely-night-how-to-spend#last","","appears 7 times"
"200 no error","https://urakare.jp/_next/image?url=https://kemvfhztndsfrqqecfkf.supabase.co/storage/v1/object/public/column-images/lonely-night/night-brain.webp&w=640&q=75","","appears 7 times"
"200 no error","https://urakare.jp/_next/image?url=https://kemvfhztndsfrqqecfkf.supabase.co/storage/v1/object/public/column-images/lonely-night/night-brain.webp&w=750&q=75","","appears 7 times"
"200 no error","https://urakare.jp/_next/image?url=https://kemvfhztndsfrqqecfkf.supabase.co/storage/v1/object/public/column-images/lonely-night/night-brain.webp&w=828&q=75","","appears 7 times"
"200 no error","https://urakare.jp/_next/image?url=https://kemvfhztndsfrqqecfkf.supabase.co/storage/v1/object/public/column-images/lonely-night/night-brain.webp&w=1080&q=75","","appears 7 times"
"200 no error","https://urakare.jp/_next/image?url=https://kemvfhztndsfrqqecfkf.supabase.co/storage/v1/object/public/column-images/lonely-night/night-brain.webp&w=1200&q=75","","appears 7 times"
"200 no error","https://urakare.jp/_next/image?url=https://kemvfhztndsfrqqecfkf.supabase.co/storage/v1/object/public/column-images/lonely-night/night-brain.webp&w=1920&q=75","","appears 7 times"
"200 no error","https://urakare.jp/_next/image?url=https://kemvfhztndsfrqqecfkf.supabase.co/storage/v1/object/public/column-images/lonely-night/night-brain.webp&w=2048&q=75","","appears 7 times"
"200 no error","https://urakare.jp/_next/image?url=https://kemvfhztndsfrqqecfkf.supabase.co/storage/v1/object/public/column-images/lonely-night/night-brain.webp&w=3840&q=75","","appears 14 times"
"200 no error","https://pubmed.ncbi.nlm.nih.gov/9144233/","","appears 14 times"
"200 no error","https://urakare.jp/_next/image?url=https://kemvfhztndsfrqqecfkf.supabase.co/storage/v1/object/public/column-images/lonely-night/skin-hunger.webp&w=640&q=75","","appears 7 times"
"200 no error","https://urakare.jp/_next/image?url=https://kemvfhztndsfrqqecfkf.supabase.co/storage/v1/object/public/column-images/lonely-night/skin-hunger.webp&w=750&q=75","","appears 7 times"
"200 no error","https://urakare.jp/_next/image?url=https://kemvfhztndsfrqqecfkf.supabase.co/storage/v1/object/public/column-images/lonely-night/skin-hunger.webp&w=828&q=75","","appears 7 times"
"200 no error","https://urakare.jp/_next/image?url=https://kemvfhztndsfrqqecfkf.supabase.co/storage/v1/object/public/column-images/lonely-night/skin-hunger.webp&w=1080&q=75","","appears 7 times"
"200 no error","https://urakare.jp/_next/image?url=https://kemvfhztndsfrqqecfkf.supabase.co/storage/v1/object/public/column-images/lonely-night/skin-hunger.webp&w=1200&q=75","","appears 7 times"
"200 no error","https://urakare.jp/_next/image?url=https://kemvfhztndsfrqqecfkf.supabase.co/storage/v1/object/public/column-images/lonely-night/skin-hunger.webp&w=1920&q=75","","appears 7 times"
"200 no error","https://urakare.jp/_next/image?url=https://kemvfhztndsfrqqecfkf.supabase.co/storage/v1/object/public/column-images/lonely-night/skin-hunger.webp&w=2048&q=75","","appears 7 times"
"200 no error","https://urakare.jp/_next/image?url=https://kemvfhztndsfrqqecfkf.supabase.co/storage/v1/object/public/column-images/lonely-night/skin-hunger.webp&w=3840&q=75","","appears 14 times"
"200 no error","https://corp.shiseido.com/jp/rd/development/psychology/skintouch.html","","appears 14 times"
"200 no error","https://www.cao.go.jp/kodoku_koritsu/torikumi/zenkokuchousa.html","","appears 14 times"
"200 no error","https://urakare.jp/_next/image?url=https://kemvfhztndsfrqqecfkf.supabase.co/storage/v1/object/public/column-images/lonely-night/selfcare-items.webp&w=640&q=75","","appears 7 times"
"200 no error","https://urakare.jp/_next/image?url=https://kemvfhztndsfrqqecfkf.supabase.co/storage/v1/object/public/column-images/lonely-night/selfcare-items.webp&w=750&q=75","","appears 7 times"
"200 no error","https://urakare.jp/_next/image?url=https://kemvfhztndsfrqqecfkf.supabase.co/storage/v1/object/public/column-images/lonely-night/selfcare-items.webp&w=828&q=75","","appears 7 times"
"200 no error","https://urakare.jp/_next/image?url=https://kemvfhztndsfrqqecfkf.supabase.co/storage/v1/object/public/column-images/lonely-night/selfcare-items.webp&w=1080&q=75","","appears 7 times"
"200 no error","https://urakare.jp/_next/image?url=https://kemvfhztndsfrqqecfkf.supabase.co/storage/v1/object/public/column-images/lonely-night/selfcare-items.webp&w=1200&q=75","","appears 7 times"
"200 no error","https://urakare.jp/_next/image?url=https://kemvfhztndsfrqqecfkf.supabase.co/storage/v1/object/public/column-images/lonely-night/selfcare-items.webp&w=1920&q=75","","appears 7 times"
"200 no error","https://urakare.jp/_next/image?url=https://kemvfhztndsfrqqecfkf.supabase.co/storage/v1/object/public/column-images/lonely-night/selfcare-items.webp&w=2048&q=75","","appears 7 times"
"200 no error","https://urakare.jp/_next/image?url=https://kemvfhztndsfrqqecfkf.supabase.co/storage/v1/object/public/column-images/lonely-night/selfcare-items.webp&w=3840&q=75","","appears 14 times"
"200 no error","https://urakare.jp/_next/image?url=https://kemvfhztndsfrqqecfkf.supabase.co/storage/v1/object/public/column-images/lonely-night/embrace.webp&w=640&q=75","","appears 7 times"
"200 no error","https://urakare.jp/_next/image?url=https://kemvfhztndsfrqqecfkf.supabase.co/storage/v1/object/public/column-images/lonely-night/embrace.webp&w=750&q=75","","appears 7 times"
"200 no error","https://urakare.jp/_next/image?url=https://kemvfhztndsfrqqecfkf.supabase.co/storage/v1/object/public/column-images/lonely-night/embrace.webp&w=828&q=75","","appears 7 times"
"200 no error","https://urakare.jp/_next/image?url=https://kemvfhztndsfrqqecfkf.supabase.co/storage/v1/object/public/column-images/lonely-night/embrace.webp&w=1080&q=75","","appears 7 times"
"200 no error","https://urakare.jp/_next/image?url=https://kemvfhztndsfrqqecfkf.supabase.co/storage/v1/object/public/column-images/lonely-night/embrace.webp&w=1200&q=75","","appears 7 times"
"200 no error","https://urakare.jp/_next/image?url=https://kemvfhztndsfrqqecfkf.supabase.co/storage/v1/object/public/column-images/lonely-night/embrace.webp&w=1920&q=75","","appears 7 times"
"200 no error","https://urakare.jp/_next/image?url=https://kemvfhztndsfrqqecfkf.supabase.co/storage/v1/object/public/column-images/lonely-night/embrace.webp&w=2048&q=75","","appears 7 times"
"200 no error","https://urakare.jp/_next/image?url=https://kemvfhztndsfrqqecfkf.supabase.co/storage/v1/object/public/column-images/lonely-night/embrace.webp&w=3840&q=75","","appears 14 times"
"200 no error","https://kemvfhztndsfrqqecfkf.supabase.co/storage/v1/object/public/column-images/customer-interview-04/full.webp","","appears 2 times"
"200 no error","https://urakare.jp/_next/image?url=https://kemvfhztndsfrqqecfkf.supabase.co/storage/v1/object/public/column-images/customer-interview-04/full.webp&w=256&q=75","","https://urakare.jp/column/interview/aya"
"200 no error","https://urakare.jp/_next/image?url=https://kemvfhztndsfrqqecfkf.supabase.co/storage/v1/object/public/column-images/customer-interview-04/full.webp&w=640&q=75","","appears 2 times"
"200 no error","https://kemvfhztndsfrqqecfkf.supabase.co/storage/v1/object/public/column-images/self-pleasure/og-image.jpg","","appears 16 times"
"200 no error","https://p-dress.jp/articles/13432","","appears 16 times"
"200 no error","https://urakare.jp/column/self-pleasure/guilt-free-self-pleasure#why-guilt","","appears 8 times"
"200 no error","https://urakare.jp/column/self-pleasure/guilt-free-self-pleasure#self-care","","appears 8 times"
"200 no error","https://urakare.jp/column/self-pleasure/guilt-free-self-pleasure#therapist","","appears 8 times"
"200 no error","https://urakare.jp/column/self-pleasure/guilt-free-self-pleasure#partner","","appears 8 times"
"200 no error","https://urakare.jp/column/self-pleasure/guilt-free-self-pleasure#three-steps","","appears 8 times"
"200 no error","https://urakare.jp/column/self-pleasure/guilt-free-self-pleasure#trivia","","appears 8 times"
"200 no error","https://urakare.jp/column/self-pleasure/guilt-free-self-pleasure#faq","","appears 8 times"
"200 no error","https://urakare.jp/_next/image?url=https://kemvfhztndsfrqqecfkf.supabase.co/storage/v1/object/public/column-images/self-pleasure/guilt-light.webp&w=640&q=75","","appears 8 times"
"200 no error","https://urakare.jp/_next/image?url=https://kemvfhztndsfrqqecfkf.supabase.co/storage/v1/object/public/column-images/self-pleasure/guilt-light.webp&w=750&q=75","","appears 8 times"
"200 no error","https://urakare.jp/_next/image?url=https://kemvfhztndsfrqqecfkf.supabase.co/storage/v1/object/public/column-images/self-pleasure/guilt-light.webp&w=828&q=75","","appears 8 times"
"200 no error","https://urakare.jp/_next/image?url=https://kemvfhztndsfrqqecfkf.supabase.co/storage/v1/object/public/column-images/self-pleasure/guilt-light.webp&w=1080&q=75","","appears 8 times"
"200 no error","https://urakare.jp/_next/image?url=https://kemvfhztndsfrqqecfkf.supabase.co/storage/v1/object/public/column-images/self-pleasure/guilt-light.webp&w=1200&q=75","","appears 8 times"
"200 no error","https://urakare.jp/_next/image?url=https://kemvfhztndsfrqqecfkf.supabase.co/storage/v1/object/public/column-images/self-pleasure/guilt-light.webp&w=1920&q=75","","appears 8 times"
"200 no error","https://urakare.jp/_next/image?url=https://kemvfhztndsfrqqecfkf.supabase.co/storage/v1/object/public/column-images/self-pleasure/guilt-light.webp&w=2048&q=75","","appears 8 times"
"200 no error","https://urakare.jp/_next/image?url=https://kemvfhztndsfrqqecfkf.supabase.co/storage/v1/object/public/column-images/self-pleasure/guilt-light.webp&w=3840&q=75","","appears 16 times"
"200 no error","https://www.unesco.org/en/health-education/cse","","appears 16 times"
"200 no error","https://dime.jp/genre/1967729/","","appears 16 times"
"200 no error","https://nlab.itmedia.co.jp/cont/articles/3282241/","","appears 16 times"
"200 no error","https://pubmed.ncbi.nlm.nih.gov/26797056/","","appears 16 times"
"200 no error","https://urakare.jp/_next/image?url=https://kemvfhztndsfrqqecfkf.supabase.co/storage/v1/object/public/column-images/self-pleasure/selfcare-warmth.webp&w=640&q=75","","appears 8 times"
"200 no error","https://urakare.jp/_next/image?url=https://kemvfhztndsfrqqecfkf.supabase.co/storage/v1/object/public/column-images/self-pleasure/selfcare-warmth.webp&w=750&q=75","","appears 8 times"
"200 no error","https://urakare.jp/_next/image?url=https://kemvfhztndsfrqqecfkf.supabase.co/storage/v1/object/public/column-images/self-pleasure/selfcare-warmth.webp&w=828&q=75","","appears 8 times"
"200 no error","https://urakare.jp/_next/image?url=https://kemvfhztndsfrqqecfkf.supabase.co/storage/v1/object/public/column-images/self-pleasure/selfcare-warmth.webp&w=1080&q=75","","appears 8 times"
"200 no error","https://urakare.jp/_next/image?url=https://kemvfhztndsfrqqecfkf.supabase.co/storage/v1/object/public/column-images/self-pleasure/selfcare-warmth.webp&w=1200&q=75","","appears 8 times"
"200 no error","https://urakare.jp/_next/image?url=https://kemvfhztndsfrqqecfkf.supabase.co/storage/v1/object/public/column-images/self-pleasure/selfcare-warmth.webp&w=1920&q=75","","appears 8 times"
"200 no error","https://urakare.jp/_next/image?url=https://kemvfhztndsfrqqecfkf.supabase.co/storage/v1/object/public/column-images/self-pleasure/selfcare-warmth.webp&w=2048&q=75","","appears 8 times"
"200 no error","https://urakare.jp/_next/image?url=https://kemvfhztndsfrqqecfkf.supabase.co/storage/v1/object/public/column-images/self-pleasure/selfcare-warmth.webp&w=3840&q=75","","appears 16 times"
"Invalid Certificate","https://contexts.org/blog/does-masturbation-teach-women-to-orgasm-in-partnered-sex-maybe-but-its-not-clear/","","appears 16 times"
"200 no error","https://pubmed.ncbi.nlm.nih.gov/3700800/","","appears 16 times"
"200 no error","https://healmate.jp/survey/sexless_resolved","","appears 16 times"
"200 no error","https://urakare.jp/_next/image?url=https://kemvfhztndsfrqqecfkf.supabase.co/storage/v1/object/public/column-images/self-pleasure/morning-hope.webp&w=640&q=75","","appears 8 times"
"200 no error","https://urakare.jp/_next/image?url=https://kemvfhztndsfrqqecfkf.supabase.co/storage/v1/object/public/column-images/self-pleasure/morning-hope.webp&w=750&q=75","","appears 8 times"
"200 no error","https://urakare.jp/_next/image?url=https://kemvfhztndsfrqqecfkf.supabase.co/storage/v1/object/public/column-images/self-pleasure/morning-hope.webp&w=828&q=75","","appears 8 times"
"200 no error","https://urakare.jp/_next/image?url=https://kemvfhztndsfrqqecfkf.supabase.co/storage/v1/object/public/column-images/self-pleasure/morning-hope.webp&w=1080&q=75","","appears 8 times"
"200 no error","https://urakare.jp/_next/image?url=https://kemvfhztndsfrqqecfkf.supabase.co/storage/v1/object/public/column-images/self-pleasure/morning-hope.webp&w=1200&q=75","","appears 8 times"
"200 no error","https://urakare.jp/_next/image?url=https://kemvfhztndsfrqqecfkf.supabase.co/storage/v1/object/public/column-images/self-pleasure/morning-hope.webp&w=1920&q=75","","appears 8 times"
"200 no error","https://urakare.jp/_next/image?url=https://kemvfhztndsfrqqecfkf.supabase.co/storage/v1/object/public/column-images/self-pleasure/morning-hope.webp&w=2048&q=75","","appears 8 times"
"200 no error","https://urakare.jp/_next/image?url=https://kemvfhztndsfrqqecfkf.supabase.co/storage/v1/object/public/column-images/self-pleasure/morning-hope.webp&w=3840&q=75","","appears 16 times"
"400 bad request","https://kemvfhztndsfrqqecfkf.supabase.co/storage/v1/object/public/column-images/customer-interview-05/og-image.webp","","appears 18 times"
"400 bad request","https://urakare.jp/_next/image?url=https://kemvfhztndsfrqqecfkf.supabase.co/storage/v1/object/public/column-images/customer-interview-05/hero.webp&w=640&q=75","","appears 9 times"
"400 bad request","https://urakare.jp/_next/image?url=https://kemvfhztndsfrqqecfkf.supabase.co/storage/v1/object/public/column-images/customer-interview-05/hero.webp&w=750&q=75","","appears 9 times"
"400 bad request","https://urakare.jp/_next/image?url=https://kemvfhztndsfrqqecfkf.supabase.co/storage/v1/object/public/column-images/customer-interview-05/hero.webp&w=828&q=75","","appears 9 times"
"400 bad request","https://urakare.jp/_next/image?url=https://kemvfhztndsfrqqecfkf.supabase.co/storage/v1/object/public/column-images/customer-interview-05/hero.webp&w=1080&q=75","","appears 9 times"
"400 bad request","https://urakare.jp/_next/image?url=https://kemvfhztndsfrqqecfkf.supabase.co/storage/v1/object/public/column-images/customer-interview-05/hero.webp&w=1200&q=75","","appears 9 times"
"400 bad request","https://urakare.jp/_next/image?url=https://kemvfhztndsfrqqecfkf.supabase.co/storage/v1/object/public/column-images/customer-interview-05/hero.webp&w=1920&q=75","","appears 9 times"
"400 bad request","https://urakare.jp/_next/image?url=https://kemvfhztndsfrqqecfkf.supabase.co/storage/v1/object/public/column-images/customer-interview-05/hero.webp&w=2048&q=75","","appears 9 times"
"400 bad request","https://urakare.jp/_next/image?url=https://kemvfhztndsfrqqecfkf.supabase.co/storage/v1/object/public/column-images/customer-interview-05/hero.webp&w=3840&q=75","","appears 18 times"
"400 bad request","https://urakare.jp/_next/image?url=https://kemvfhztndsfrqqecfkf.supabase.co/storage/v1/object/public/column-images/customer-interview-05/avatar-an.webp&w=48&q=75","","appears 477 times"
"400 bad request","https://urakare.jp/_next/image?url=https://kemvfhztndsfrqqecfkf.supabase.co/storage/v1/object/public/column-images/customer-interview-05/avatar-an.webp&w=96&q=75","","appears 486 times"
"200 no error","https://urakare.jp/column/interview/an","","appears 9 times"
"200 no error","https://urakare.jp/column/interview/customer-interview-05#the-core-motive","","appears 9 times"
"200 no error","https://urakare.jp/column/interview/customer-interview-05#late-night-dm-to-asakusa","","appears 9 times"
"200 no error","https://urakare.jp/column/interview/customer-interview-05#gachikoi-and-flinch","","appears 9 times"
"200 no error","https://urakare.jp/column/interview/customer-interview-05#warning-dependency","","appears 9 times"
"200 no error","https://urakare.jp/column/interview/customer-interview-05#boyfriend-and-three-people-dinner","","appears 9 times"
"200 no error","https://urakare.jp/column/interview/customer-interview-05#friendship-and-eight-axis","","appears 9 times"
"200 no error","https://urakare.jp/column/interview/customer-interview-05#message-to-26","","appears 9 times"
"200 no error","https://urakare.jp/column/interview/customer-interview-05#faq","","appears 9 times"
"400 bad request","https://urakare.jp/_next/image?url=https://kemvfhztndsfrqqecfkf.supabase.co/storage/v1/object/public/column-images/customer-interview-05/avatar-an.webp&w=32&q=75","","appears 468 times"
"400 bad request","https://urakare.jp/_next/image?url=https://kemvfhztndsfrqqecfkf.supabase.co/storage/v1/object/public/column-images/customer-interview-05/avatar-an.webp&w=64&q=75","","appears 468 times"
"400 bad request","https://urakare.jp/_next/image?url=https://kemvfhztndsfrqqecfkf.supabase.co/storage/v1/object/public/column-images/customer-interview-05/avatar-an.webp&w=128&q=75","","appears 468 times"
"400 bad request","https://urakare.jp/_next/image?url=https://kemvfhztndsfrqqecfkf.supabase.co/storage/v1/object/public/column-images/customer-interview-05/avatar-an.webp&w=256&q=75","","appears 468 times"
"400 bad request","https://urakare.jp/_next/image?url=https://kemvfhztndsfrqqecfkf.supabase.co/storage/v1/object/public/column-images/customer-interview-05/avatar-an.webp&w=384&q=75","","appears 468 times"
"400 bad request","https://urakare.jp/_next/image?url=https://kemvfhztndsfrqqecfkf.supabase.co/storage/v1/object/public/column-images/customer-interview-05/avatar-an.webp&w=640&q=75","","appears 468 times"
"400 bad request","https://urakare.jp/_next/image?url=https://kemvfhztndsfrqqecfkf.supabase.co/storage/v1/object/public/column-images/customer-interview-05/avatar-an.webp&w=750&q=75","","appears 468 times"
"400 bad request","https://urakare.jp/_next/image?url=https://kemvfhztndsfrqqecfkf.supabase.co/storage/v1/object/public/column-images/customer-interview-05/avatar-an.webp&w=828&q=75","","appears 468 times"
"400 bad request","https://urakare.jp/_next/image?url=https://kemvfhztndsfrqqecfkf.supabase.co/storage/v1/object/public/column-images/customer-interview-05/avatar-an.webp&w=1080&q=75","","appears 468 times"
"400 bad request","https://urakare.jp/_next/image?url=https://kemvfhztndsfrqqecfkf.supabase.co/storage/v1/object/public/column-images/customer-interview-05/avatar-an.webp&w=1200&q=75","","appears 468 times"
"400 bad request","https://urakare.jp/_next/image?url=https://kemvfhztndsfrqqecfkf.supabase.co/storage/v1/object/public/column-images/customer-interview-05/avatar-an.webp&w=1920&q=75","","appears 468 times"
"400 bad request","https://urakare.jp/_next/image?url=https://kemvfhztndsfrqqecfkf.supabase.co/storage/v1/object/public/column-images/customer-interview-05/avatar-an.webp&w=2048&q=75","","appears 468 times"
"400 bad request","https://urakare.jp/_next/image?url=https://kemvfhztndsfrqqecfkf.supabase.co/storage/v1/object/public/column-images/customer-interview-05/avatar-an.webp&w=3840&q=75","","appears 936 times"
"400 bad request","https://urakare.jp/_next/image?url=https://kemvfhztndsfrqqecfkf.supabase.co/storage/v1/object/public/column-images/customer-interview-05/realphoto-3people-dinner-after.webp&w=1200&q=75","","appears 9 times"
"400 bad request","https://urakare.jp/_next/image?url=https://kemvfhztndsfrqqecfkf.supabase.co/storage/v1/object/public/column-images/customer-interview-05/realphoto-3people-dinner-after.webp&w=3840&q=75","","appears 18 times"
"200 no error","https://urakare.jp/images/column/foreign-customers-safety-design/og-image.jpg","","appears 16 times"
"200 no error","https://urakare.jp/_next/image?url=/images/column/foreign-customers-safety-design/hero.webp&w=640&q=75&dpl=dpl_7WTW9QoqRCZeqgUAy1hmqp4Xg7s6","","appears 8 times"
"200 no error","https://urakare.jp/_next/image?url=/images/column/foreign-customers-safety-design/hero.webp&w=750&q=75&dpl=dpl_7WTW9QoqRCZeqgUAy1hmqp4Xg7s6","","appears 8 times"
"200 no error","https://urakare.jp/_next/image?url=/images/column/foreign-customers-safety-design/hero.webp&w=828&q=75&dpl=dpl_7WTW9QoqRCZeqgUAy1hmqp4Xg7s6","","appears 8 times"
"200 no error","https://urakare.jp/_next/image?url=/images/column/foreign-customers-safety-design/hero.webp&w=1080&q=75&dpl=dpl_7WTW9QoqRCZeqgUAy1hmqp4Xg7s6","","appears 8 times"
"200 no error","https://urakare.jp/_next/image?url=/images/column/foreign-customers-safety-design/hero.webp&w=1200&q=75&dpl=dpl_7WTW9QoqRCZeqgUAy1hmqp4Xg7s6","","appears 8 times"
"200 no error","https://urakare.jp/_next/image?url=/images/column/foreign-customers-safety-design/hero.webp&w=1920&q=75&dpl=dpl_7WTW9QoqRCZeqgUAy1hmqp4Xg7s6","","appears 8 times"
"200 no error","https://urakare.jp/_next/image?url=/images/column/foreign-customers-safety-design/hero.webp&w=2048&q=75&dpl=dpl_7WTW9QoqRCZeqgUAy1hmqp4Xg7s6","","appears 8 times"
"200 no error","https://urakare.jp/_next/image?url=/images/column/foreign-customers-safety-design/hero.webp&w=3840&q=75&dpl=dpl_7WTW9QoqRCZeqgUAy1hmqp4Xg7s6","","appears 16 times"
"200 no error","https://urakare.jp/column/industry/foreign-customers-safety-design#common-needs","","appears 8 times"
"200 no error","https://urakare.jp/column/industry/foreign-customers-safety-design#foreign-increase","","appears 8 times"
"200 no error","https://urakare.jp/column/industry/foreign-customers-safety-design#safety-design","","appears 8 times"
"200 no error","https://urakare.jp/column/industry/foreign-customers-safety-design#std-risk","","appears 8 times"
"200 no error","https://urakare.jp/column/industry/foreign-customers-safety-design#what-women-seek","","appears 8 times"
"200 no error","https://urakare.jp/column/industry/foreign-customers-safety-design#faq","","appears 8 times"
"200 no error","https://urakare.jp/column/industry/foreign-customers-safety-design#references","","appears 8 times"
"200 no error","https://www.jnto.go.jp/statistics/data/visitors-statistics/","","appears 16 times"
"200 no error","https://www.mhlw.go.jp/stf/seisakunitsuite/bunya/kenkou_iryou/kenkou/kekkaku-kansenshou/seikansenshou/index.html","","appears 16 times"
"200 no error","https://kemvfhztndsfrqqecfkf.supabase.co/storage/v1/object/public/column-images/sleep-technique/og-image.jpg","","appears 14 times"
"200 no error","https://urakare.jp/column/night-care/sleep-technique#reality","","appears 7 times"
"200 no error","https://urakare.jp/column/night-care/sleep-technique#science","","appears 7 times"
"200 no error","https://urakare.jp/column/night-care/sleep-technique#techniques","","appears 7 times"
"200 no error","https://urakare.jp/column/night-care/sleep-technique#touch","","appears 7 times"
"200 no error","https://urakare.jp/column/night-care/sleep-technique#choices","","appears 7 times"
"200 no error","https://urakare.jp/column/night-care/sleep-technique#faq","","appears 7 times"
"200 no error < 301 moved permanently","https://stats.oecd.org/Index.aspx?DataSetCode=TIME_USE","https://data-explorer.oecd.org/vis?df[ds]=DisseminateFinalDMZ&df[id]=DSD_TIME_USE@DF_TIME_USE&df[ag]=OECD.WISE.INE","appears 14 times"
"200 no error < 301 moved permanently","https://www.taisho.co.jp/newsletter/20240909001691.html","https://www.taisho.co.jp/newsletter/2024/20240909001691/","appears 14 times"
"200 no error","https://pmc.ncbi.nlm.nih.gov/articles/PMC7139193/","","appears 14 times"
"200 no error","https://link.springer.com/article/10.1007/s11325-024-02996-4","","appears 14 times"
"200 no error","https://urakare.jp/_next/image?url=https://kemvfhztndsfrqqecfkf.supabase.co/storage/v1/object/public/column-images/sleep-technique/menstrual-cycle-sleep.webp&w=640&q=75","","appears 7 times"
"200 no error","https://urakare.jp/_next/image?url=https://kemvfhztndsfrqqecfkf.supabase.co/storage/v1/object/public/column-images/sleep-technique/menstrual-cycle-sleep.webp&w=750&q=75","","appears 7 times"
"200 no error","https://urakare.jp/_next/image?url=https://kemvfhztndsfrqqecfkf.supabase.co/storage/v1/object/public/column-images/sleep-technique/menstrual-cycle-sleep.webp&w=828&q=75","","appears 7 times"
"200 no error","https://urakare.jp/_next/image?url=https://kemvfhztndsfrqqecfkf.supabase.co/storage/v1/object/public/column-images/sleep-technique/menstrual-cycle-sleep.webp&w=1080&q=75","","appears 7 times"
"200 no error","https://urakare.jp/_next/image?url=https://kemvfhztndsfrqqecfkf.supabase.co/storage/v1/object/public/column-images/sleep-technique/menstrual-cycle-sleep.webp&w=1200&q=75","","appears 7 times"
"200 no error","https://urakare.jp/_next/image?url=https://kemvfhztndsfrqqecfkf.supabase.co/storage/v1/object/public/column-images/sleep-technique/menstrual-cycle-sleep.webp&w=1920&q=75","","appears 7 times"
"200 no error","https://urakare.jp/_next/image?url=https://kemvfhztndsfrqqecfkf.supabase.co/storage/v1/object/public/column-images/sleep-technique/menstrual-cycle-sleep.webp&w=2048&q=75","","appears 7 times"
"200 no error","https://urakare.jp/_next/image?url=https://kemvfhztndsfrqqecfkf.supabase.co/storage/v1/object/public/column-images/sleep-technique/menstrual-cycle-sleep.webp&w=3840&q=75","","appears 14 times"
"200 no error","https://pmc.ncbi.nlm.nih.gov/articles/PMC2278431/","","appears 14 times"
"200 no error","https://urakare.jp/_next/image?url=https://kemvfhztndsfrqqecfkf.supabase.co/storage/v1/object/public/column-images/sleep-technique/type-diagnosis-chart.webp&w=640&q=75","","appears 7 times"
"200 no error","https://urakare.jp/_next/image?url=https://kemvfhztndsfrqqecfkf.supabase.co/storage/v1/object/public/column-images/sleep-technique/type-diagnosis-chart.webp&w=750&q=75","","appears 7 times"
"200 no error","https://urakare.jp/_next/image?url=https://kemvfhztndsfrqqecfkf.supabase.co/storage/v1/object/public/column-images/sleep-technique/type-diagnosis-chart.webp&w=828&q=75","","appears 7 times"
"200 no error","https://urakare.jp/_next/image?url=https://kemvfhztndsfrqqecfkf.supabase.co/storage/v1/object/public/column-images/sleep-technique/type-diagnosis-chart.webp&w=1080&q=75","","appears 7 times"
"200 no error","https://urakare.jp/_next/image?url=https://kemvfhztndsfrqqecfkf.supabase.co/storage/v1/object/public/column-images/sleep-technique/type-diagnosis-chart.webp&w=1200&q=75","","appears 7 times"
"200 no error","https://urakare.jp/_next/image?url=https://kemvfhztndsfrqqecfkf.supabase.co/storage/v1/object/public/column-images/sleep-technique/type-diagnosis-chart.webp&w=1920&q=75","","appears 7 times"
"200 no error","https://urakare.jp/_next/image?url=https://kemvfhztndsfrqqecfkf.supabase.co/storage/v1/object/public/column-images/sleep-technique/type-diagnosis-chart.webp&w=2048&q=75","","appears 7 times"
"200 no error","https://urakare.jp/_next/image?url=https://kemvfhztndsfrqqecfkf.supabase.co/storage/v1/object/public/column-images/sleep-technique/type-diagnosis-chart.webp&w=3840&q=75","","appears 14 times"
"200 no error < 302 found","https://www.cell.com/cell-reports-medicine/fulltext/S2666-3791(22)00474-8","https://www.cell.com/callback?red_uri=/cell-reports-medicine/fulltext/S2666-3791(22)00474-8&code=4npAEKG1YmPG_MZ6vdaw9tDPKKE46TkxfwVAjNF1&state=18204243269","appears 14 times"
"200 no error","https://urakare.jp/_next/image?url=https://kemvfhztndsfrqqecfkf.supabase.co/storage/v1/object/public/column-images/sleep-technique/self-touch-guide.webp&w=640&q=75","","appears 7 times"
"200 no error","https://urakare.jp/_next/image?url=https://kemvfhztndsfrqqecfkf.supabase.co/storage/v1/object/public/column-images/sleep-technique/self-touch-guide.webp&w=750&q=75","","appears 7 times"
"200 no error","https://urakare.jp/_next/image?url=https://kemvfhztndsfrqqecfkf.supabase.co/storage/v1/object/public/column-images/sleep-technique/self-touch-guide.webp&w=828&q=75","","appears 7 times"
"200 no error","https://urakare.jp/_next/image?url=https://kemvfhztndsfrqqecfkf.supabase.co/storage/v1/object/public/column-images/sleep-technique/self-touch-guide.webp&w=1080&q=75","","appears 7 times"
"200 no error","https://urakare.jp/_next/image?url=https://kemvfhztndsfrqqecfkf.supabase.co/storage/v1/object/public/column-images/sleep-technique/self-touch-guide.webp&w=1200&q=75","","appears 7 times"
"200 no error","https://urakare.jp/_next/image?url=https://kemvfhztndsfrqqecfkf.supabase.co/storage/v1/object/public/column-images/sleep-technique/self-touch-guide.webp&w=1920&q=75","","appears 7 times"
"200 no error","https://urakare.jp/_next/image?url=https://kemvfhztndsfrqqecfkf.supabase.co/storage/v1/object/public/column-images/sleep-technique/self-touch-guide.webp&w=2048&q=75","","appears 7 times"
"200 no error","https://urakare.jp/_next/image?url=https://kemvfhztndsfrqqecfkf.supabase.co/storage/v1/object/public/column-images/sleep-technique/self-touch-guide.webp&w=3840&q=75","","appears 14 times"
"blocked by Cloudflare","https://www.sciencedirect.com/science/article/pii/S0031938425002628","","appears 14 times"
"200 no error","https://urakare.jp/_next/image?url=https://kemvfhztndsfrqqecfkf.supabase.co/storage/v1/object/public/column-images/sleep-technique/vagus-nerve-points.webp&w=640&q=75","","appears 7 times"
"200 no error","https://urakare.jp/_next/image?url=https://kemvfhztndsfrqqecfkf.supabase.co/storage/v1/object/public/column-images/sleep-technique/vagus-nerve-points.webp&w=750&q=75","","appears 7 times"
"200 no error","https://urakare.jp/_next/image?url=https://kemvfhztndsfrqqecfkf.supabase.co/storage/v1/object/public/column-images/sleep-technique/vagus-nerve-points.webp&w=828&q=75","","appears 7 times"
"200 no error","https://urakare.jp/_next/image?url=https://kemvfhztndsfrqqecfkf.supabase.co/storage/v1/object/public/column-images/sleep-technique/vagus-nerve-points.webp&w=1080&q=75","","appears 7 times"
"200 no error","https://urakare.jp/_next/image?url=https://kemvfhztndsfrqqecfkf.supabase.co/storage/v1/object/public/column-images/sleep-technique/vagus-nerve-points.webp&w=1200&q=75","","appears 7 times"
"200 no error","https://urakare.jp/_next/image?url=https://kemvfhztndsfrqqecfkf.supabase.co/storage/v1/object/public/column-images/sleep-technique/vagus-nerve-points.webp&w=1920&q=75","","appears 7 times"
"200 no error","https://urakare.jp/_next/image?url=https://kemvfhztndsfrqqecfkf.supabase.co/storage/v1/object/public/column-images/sleep-technique/vagus-nerve-points.webp&w=2048&q=75","","appears 7 times"
"200 no error","https://urakare.jp/_next/image?url=https://kemvfhztndsfrqqecfkf.supabase.co/storage/v1/object/public/column-images/sleep-technique/vagus-nerve-points.webp&w=3840&q=75","","appears 14 times"
"200 no error","https://pmc.ncbi.nlm.nih.gov/articles/PMC5088109/","","appears 14 times"
"200 no error","https://mysleepbutton.com/en/support/do-it-yourself-cognitive-shuffle-sdi/","","appears 14 times"
"200 no error","https://pmc.ncbi.nlm.nih.gov/articles/PMC5921564/","","appears 14 times"
"200 no error < 302 found","https://www.sciencedirect.com/science/article/abs/pii/S1087079218301552","https://www.sciencedirect.com/user/identity/landing?code=Qdt-zFoyQwHmLNPE4vsRlRqm6kFp5WD11pZxKLNl&state=retryCounter=0&csrfToken=7244d813-b583-4de6-a79d-b27a5e50b862&idpPolicy=urn%3Acom%3Aelsevier%3Aidp%3Apolicy%3Aproduct%3Ainst_assoc&returnUrl=%2Fscience%2Farticle%2Fabs%2Fpii%2FS1087079218301552&migrated=MIGRATED&prompt=none&cid=arp-8748669c-c8cc-4615-8a03-097acebf9fcf","appears 14 times"
"200 no error","https://elifesciences.org/articles/81197","","appears 14 times"
"200 no error","https://www.mdpi.com/2227-9032/13/2/180","","appears 14 times"
"blocked by Cloudflare","https://academic.oup.com/sleepadvances/article/5/1/zpae049/7717581","","appears 14 times"
"200 no error","https://urakare.jp/images/column/sexual-wellness-toha/og-image.jpg","","appears 20 times"
"200 no error","https://urakare.jp/_next/image?url=/images/column/sexual-wellness-toha/hero.webp&w=640&q=75&dpl=dpl_7WTW9QoqRCZeqgUAy1hmqp4Xg7s6","","appears 10 times"
"200 no error","https://urakare.jp/_next/image?url=/images/column/sexual-wellness-toha/hero.webp&w=750&q=75&dpl=dpl_7WTW9QoqRCZeqgUAy1hmqp4Xg7s6","","appears 10 times"
"200 no error","https://urakare.jp/_next/image?url=/images/column/sexual-wellness-toha/hero.webp&w=828&q=75&dpl=dpl_7WTW9QoqRCZeqgUAy1hmqp4Xg7s6","","appears 10 times"
"200 no error","https://urakare.jp/_next/image?url=/images/column/sexual-wellness-toha/hero.webp&w=1080&q=75&dpl=dpl_7WTW9QoqRCZeqgUAy1hmqp4Xg7s6","","appears 10 times"
"200 no error","https://urakare.jp/_next/image?url=/images/column/sexual-wellness-toha/hero.webp&w=1200&q=75&dpl=dpl_7WTW9QoqRCZeqgUAy1hmqp4Xg7s6","","appears 10 times"
"200 no error","https://urakare.jp/_next/image?url=/images/column/sexual-wellness-toha/hero.webp&w=1920&q=75&dpl=dpl_7WTW9QoqRCZeqgUAy1hmqp4Xg7s6","","appears 10 times"
"200 no error","https://urakare.jp/_next/image?url=/images/column/sexual-wellness-toha/hero.webp&w=2048&q=75&dpl=dpl_7WTW9QoqRCZeqgUAy1hmqp4Xg7s6","","appears 10 times"
"200 no error","https://urakare.jp/_next/image?url=/images/column/sexual-wellness-toha/hero.webp&w=3840&q=75&dpl=dpl_7WTW9QoqRCZeqgUAy1hmqp4Xg7s6","","appears 20 times"
"200 no error","https://urakare.jp/column/industry/sexual-wellness-toha#definition","","appears 10 times"
"200 no error","https://urakare.jp/column/industry/sexual-wellness-toha#why-now","","appears 10 times"
"200 no error","https://urakare.jp/column/industry/sexual-wellness-toha#japan-now","","appears 10 times"
"200 no error","https://urakare.jp/column/industry/sexual-wellness-toha#five-practices","","appears 10 times"
"200 no error","https://urakare.jp/column/industry/sexual-wellness-toha#real-voice","","appears 10 times"
"200 no error","https://urakare.jp/column/industry/sexual-wellness-toha#lancet-7","","appears 10 times"
"200 no error","https://urakare.jp/column/industry/sexual-wellness-toha#conclusion","","appears 10 times"
"200 no error","https://urakare.jp/column/industry/sexual-wellness-toha#faq","","appears 10 times"
"200 no error","https://urakare.jp/column/industry/sexual-wellness-toha#references","","appears 10 times"
"200 no error","https://urakare.jp/_next/image?url=/images/column/sexual-wellness-toha/section-3concepts.webp&w=640&q=75&dpl=dpl_7WTW9QoqRCZeqgUAy1hmqp4Xg7s6","","appears 10 times"
"200 no error","https://urakare.jp/_next/image?url=/images/column/sexual-wellness-toha/section-3concepts.webp&w=750&q=75&dpl=dpl_7WTW9QoqRCZeqgUAy1hmqp4Xg7s6","","appears 10 times"
"200 no error","https://urakare.jp/_next/image?url=/images/column/sexual-wellness-toha/section-3concepts.webp&w=828&q=75&dpl=dpl_7WTW9QoqRCZeqgUAy1hmqp4Xg7s6","","appears 10 times"
"200 no error","https://urakare.jp/_next/image?url=/images/column/sexual-wellness-toha/section-3concepts.webp&w=1080&q=75&dpl=dpl_7WTW9QoqRCZeqgUAy1hmqp4Xg7s6","","appears 10 times"
"200 no error","https://urakare.jp/_next/image?url=/images/column/sexual-wellness-toha/section-3concepts.webp&w=1200&q=75&dpl=dpl_7WTW9QoqRCZeqgUAy1hmqp4Xg7s6","","appears 10 times"
"200 no error","https://urakare.jp/_next/image?url=/images/column/sexual-wellness-toha/section-3concepts.webp&w=1920&q=75&dpl=dpl_7WTW9QoqRCZeqgUAy1hmqp4Xg7s6","","appears 10 times"
"200 no error","https://urakare.jp/_next/image?url=/images/column/sexual-wellness-toha/section-3concepts.webp&w=2048&q=75&dpl=dpl_7WTW9QoqRCZeqgUAy1hmqp4Xg7s6","","appears 10 times"
"200 no error","https://urakare.jp/_next/image?url=/images/column/sexual-wellness-toha/section-3concepts.webp&w=3840&q=75&dpl=dpl_7WTW9QoqRCZeqgUAy1hmqp4Xg7s6","","appears 20 times"
"200 no error < 302 found","https://www.thelancet.com/","https://www.thelancet.com/callback?red_uri=/&code=C0M879cQx4mFiBpWmVnYurSeY9HpUwZ_XAIz673J&state=18204246316","appears 10 times"
"200 no error","https://www.imarcgroup.com/japan-sexual-wellness-market","","appears 20 times"
"200 no error","https://www.yano.co.jp/","","appears 20 times"
"200 no error","https://prtimes.jp/main/html/rd/p/000000217.000025517.html","","appears 20 times"
"200 no error","https://urakare.jp/_next/image?url=/images/column/sexual-wellness-toha/section-japan.webp&w=640&q=75&dpl=dpl_7WTW9QoqRCZeqgUAy1hmqp4Xg7s6","","appears 10 times"
"200 no error","https://urakare.jp/_next/image?url=/images/column/sexual-wellness-toha/section-japan.webp&w=750&q=75&dpl=dpl_7WTW9QoqRCZeqgUAy1hmqp4Xg7s6","","appears 10 times"
"200 no error","https://urakare.jp/_next/image?url=/images/column/sexual-wellness-toha/section-japan.webp&w=828&q=75&dpl=dpl_7WTW9QoqRCZeqgUAy1hmqp4Xg7s6","","appears 10 times"
"200 no error","https://urakare.jp/_next/image?url=/images/column/sexual-wellness-toha/section-japan.webp&w=1080&q=75&dpl=dpl_7WTW9QoqRCZeqgUAy1hmqp4Xg7s6","","appears 10 times"
"200 no error","https://urakare.jp/_next/image?url=/images/column/sexual-wellness-toha/section-japan.webp&w=1200&q=75&dpl=dpl_7WTW9QoqRCZeqgUAy1hmqp4Xg7s6","","appears 10 times"
"200 no error","https://urakare.jp/_next/image?url=/images/column/sexual-wellness-toha/section-japan.webp&w=1920&q=75&dpl=dpl_7WTW9QoqRCZeqgUAy1hmqp4Xg7s6","","appears 10 times"
"200 no error","https://urakare.jp/_next/image?url=/images/column/sexual-wellness-toha/section-japan.webp&w=2048&q=75&dpl=dpl_7WTW9QoqRCZeqgUAy1hmqp4Xg7s6","","appears 10 times"
"200 no error","https://urakare.jp/_next/image?url=/images/column/sexual-wellness-toha/section-japan.webp&w=3840&q=75&dpl=dpl_7WTW9QoqRCZeqgUAy1hmqp4Xg7s6","","appears 20 times"
"200 no error","https://www.jex-inc.co.jp/","","appears 20 times"
"200 no error < 302 found","https://www.joicfp.or.jp/","https://www.joicfp.or.jp/jpn/","appears 10 times"
"200 no error","https://urakare.jp/_next/image?url=/images/column/sexual-wellness-toha/section-practice.webp&w=640&q=75&dpl=dpl_7WTW9QoqRCZeqgUAy1hmqp4Xg7s6","","appears 10 times"
"200 no error","https://urakare.jp/_next/image?url=/images/column/sexual-wellness-toha/section-practice.webp&w=750&q=75&dpl=dpl_7WTW9QoqRCZeqgUAy1hmqp4Xg7s6","","appears 10 times"
"200 no error","https://urakare.jp/_next/image?url=/images/column/sexual-wellness-toha/section-practice.webp&w=828&q=75&dpl=dpl_7WTW9QoqRCZeqgUAy1hmqp4Xg7s6","","appears 10 times"
"200 no error","https://urakare.jp/_next/image?url=/images/column/sexual-wellness-toha/section-practice.webp&w=1080&q=75&dpl=dpl_7WTW9QoqRCZeqgUAy1hmqp4Xg7s6","","appears 10 times"
"200 no error","https://urakare.jp/_next/image?url=/images/column/sexual-wellness-toha/section-practice.webp&w=1200&q=75&dpl=dpl_7WTW9QoqRCZeqgUAy1hmqp4Xg7s6","","appears 10 times"
"200 no error","https://urakare.jp/_next/image?url=/images/column/sexual-wellness-toha/section-practice.webp&w=1920&q=75&dpl=dpl_7WTW9QoqRCZeqgUAy1hmqp4Xg7s6","","appears 10 times"
"200 no error","https://urakare.jp/_next/image?url=/images/column/sexual-wellness-toha/section-practice.webp&w=2048&q=75&dpl=dpl_7WTW9QoqRCZeqgUAy1hmqp4Xg7s6","","appears 10 times"
"200 no error","https://urakare.jp/_next/image?url=/images/column/sexual-wellness-toha/section-practice.webp&w=3840&q=75&dpl=dpl_7WTW9QoqRCZeqgUAy1hmqp4Xg7s6","","appears 20 times"
"blocked by Cloudflare < 302 found","https://doi.org/10.5964/ps.11869","https://journals.sagepub.com/doi/10.5964/ps.11869","appears 20 times"
"200 no error","https://pmc.ncbi.nlm.nih.gov/articles/PMC8114367/","","appears 20 times"
"200 no error","https://pubmed.ncbi.nlm.nih.gov/29607697/","","appears 20 times"
"200 no error","https://pubmed.ncbi.nlm.nih.gov/39800075/","","appears 20 times"
"200 no error","https://pmc.ncbi.nlm.nih.gov/articles/PMC3246190/","","appears 20 times"
"200 no error","https://urakare.jp/_next/image?url=/images/column/sexual-wellness-toha/section-real.webp&w=640&q=75&dpl=dpl_7WTW9QoqRCZeqgUAy1hmqp4Xg7s6","","appears 10 times"
"200 no error","https://urakare.jp/_next/image?url=/images/column/sexual-wellness-toha/section-real.webp&w=750&q=75&dpl=dpl_7WTW9QoqRCZeqgUAy1hmqp4Xg7s6","","appears 10 times"
"200 no error","https://urakare.jp/_next/image?url=/images/column/sexual-wellness-toha/section-real.webp&w=828&q=75&dpl=dpl_7WTW9QoqRCZeqgUAy1hmqp4Xg7s6","","appears 10 times"
"200 no error","https://urakare.jp/_next/image?url=/images/column/sexual-wellness-toha/section-real.webp&w=1080&q=75&dpl=dpl_7WTW9QoqRCZeqgUAy1hmqp4Xg7s6","","appears 10 times"
"200 no error","https://urakare.jp/_next/image?url=/images/column/sexual-wellness-toha/section-real.webp&w=1200&q=75&dpl=dpl_7WTW9QoqRCZeqgUAy1hmqp4Xg7s6","","appears 10 times"
"200 no error","https://urakare.jp/_next/image?url=/images/column/sexual-wellness-toha/section-real.webp&w=1920&q=75&dpl=dpl_7WTW9QoqRCZeqgUAy1hmqp4Xg7s6","","appears 10 times"
"200 no error","https://urakare.jp/_next/image?url=/images/column/sexual-wellness-toha/section-real.webp&w=2048&q=75&dpl=dpl_7WTW9QoqRCZeqgUAy1hmqp4Xg7s6","","appears 10 times"
"200 no error","https://urakare.jp/_next/image?url=/images/column/sexual-wellness-toha/section-real.webp&w=3840&q=75&dpl=dpl_7WTW9QoqRCZeqgUAy1hmqp4Xg7s6","","appears 20 times"
"200 no error","https://pubmed.ncbi.nlm.nih.gov/38127808/","","appears 10 times"
"200 no error","https://pmc.ncbi.nlm.nih.gov/articles/PMC12481727/","","appears 10 times"
"200 no error","https://kemvfhztndsfrqqecfkf.supabase.co/storage/v1/object/public/column-images/female-libido/og-image.jpg","","appears 20 times"
"200 no error","https://urakare.jp/column/self-pleasure/female-libido#not-alone","","appears 10 times"
"200 no error","https://urakare.jp/column/self-pleasure/female-libido#three-gears","","appears 10 times"
"200 no error","https://urakare.jp/column/self-pleasure/female-libido#age-guide","","appears 10 times"
"200 no error","https://urakare.jp/column/self-pleasure/female-libido#menstrual-cycle","","appears 10 times"
"200 no error","https://urakare.jp/column/self-pleasure/female-libido#desire-types","","appears 10 times"
"200 no error","https://urakare.jp/column/self-pleasure/female-libido#self-care","","appears 10 times"
"200 no error","https://urakare.jp/column/self-pleasure/female-libido#not-alone-option","","appears 10 times"
"200 no error","https://urakare.jp/column/self-pleasure/female-libido#closing","","appears 10 times"
"200 no error","https://urakare.jp/column/self-pleasure/female-libido#faq","","appears 10 times"
"200 no error","https://urakare.jp/_next/image?url=https://kemvfhztndsfrqqecfkf.supabase.co/storage/v1/object/public/column-images/female-libido/section-three-gears.webp&w=640&q=75","","appears 10 times"
"200 no error","https://urakare.jp/_next/image?url=https://kemvfhztndsfrqqecfkf.supabase.co/storage/v1/object/public/column-images/female-libido/section-three-gears.webp&w=750&q=75","","appears 10 times"
"200 no error","https://urakare.jp/_next/image?url=https://kemvfhztndsfrqqecfkf.supabase.co/storage/v1/object/public/column-images/female-libido/section-three-gears.webp&w=828&q=75","","appears 10 times"
"200 no error","https://urakare.jp/_next/image?url=https://kemvfhztndsfrqqecfkf.supabase.co/storage/v1/object/public/column-images/female-libido/section-three-gears.webp&w=1080&q=75","","appears 10 times"
"200 no error","https://urakare.jp/_next/image?url=https://kemvfhztndsfrqqecfkf.supabase.co/storage/v1/object/public/column-images/female-libido/section-three-gears.webp&w=1200&q=75","","appears 10 times"
"200 no error","https://urakare.jp/_next/image?url=https://kemvfhztndsfrqqecfkf.supabase.co/storage/v1/object/public/column-images/female-libido/section-three-gears.webp&w=1920&q=75","","appears 10 times"
"200 no error","https://urakare.jp/_next/image?url=https://kemvfhztndsfrqqecfkf.supabase.co/storage/v1/object/public/column-images/female-libido/section-three-gears.webp&w=2048&q=75","","appears 10 times"
"200 no error","https://urakare.jp/_next/image?url=https://kemvfhztndsfrqqecfkf.supabase.co/storage/v1/object/public/column-images/female-libido/section-three-gears.webp&w=3840&q=75","","appears 20 times"
"200 no error","https://www.tandfonline.com/doi/full/10.1080/00224499.2025.2564192","","appears 30 times"
"200 no error","https://pubmed.ncbi.nlm.nih.gov/26797064/","","appears 20 times"
"200 no error","https://pmc.ncbi.nlm.nih.gov/articles/PMC10006235/","","appears 20 times"
"200 no error","https://pmc.ncbi.nlm.nih.gov/articles/PMC4808247/","","appears 40 times"
"200 no error","https://pmc.ncbi.nlm.nih.gov/articles/PMC10522204/","","appears 20 times"
"200 no error","https://pmc.ncbi.nlm.nih.gov/articles/PMC5005305/","","appears 20 times"
"200 no error","https://pubmed.ncbi.nlm.nih.gov/2360875/","","appears 20 times"
"200 no error","https://urakare.jp/_next/image?url=https://kemvfhztndsfrqqecfkf.supabase.co/storage/v1/object/public/column-images/female-libido/section-age-guide.webp&w=640&q=75","","appears 10 times"
"200 no error","https://urakare.jp/_next/image?url=https://kemvfhztndsfrqqecfkf.supabase.co/storage/v1/object/public/column-images/female-libido/section-age-guide.webp&w=750&q=75","","appears 10 times"
"200 no error","https://urakare.jp/_next/image?url=https://kemvfhztndsfrqqecfkf.supabase.co/storage/v1/object/public/column-images/female-libido/section-age-guide.webp&w=828&q=75","","appears 10 times"
"200 no error","https://urakare.jp/_next/image?url=https://kemvfhztndsfrqqecfkf.supabase.co/storage/v1/object/public/column-images/female-libido/section-age-guide.webp&w=1080&q=75","","appears 10 times"
"200 no error","https://urakare.jp/_next/image?url=https://kemvfhztndsfrqqecfkf.supabase.co/storage/v1/object/public/column-images/female-libido/section-age-guide.webp&w=1200&q=75","","appears 10 times"
"200 no error","https://urakare.jp/_next/image?url=https://kemvfhztndsfrqqecfkf.supabase.co/storage/v1/object/public/column-images/female-libido/section-age-guide.webp&w=1920&q=75","","appears 10 times"
"200 no error","https://urakare.jp/_next/image?url=https://kemvfhztndsfrqqecfkf.supabase.co/storage/v1/object/public/column-images/female-libido/section-age-guide.webp&w=2048&q=75","","appears 10 times"
"200 no error","https://urakare.jp/_next/image?url=https://kemvfhztndsfrqqecfkf.supabase.co/storage/v1/object/public/column-images/female-libido/section-age-guide.webp&w=3840&q=75","","appears 20 times"
"blocked by Cloudflare < 301 moved permanently","https://www.researchgate.net/publication/288776925","https://www.researchgate.net/publication/288776925_Is_there_an_early-30s_peak_in_female_sexual_desire_Cross-sectional_evidence_from_the_United_States_and_Canada","appears 30 times"
"200 no error","https://pubmed.ncbi.nlm.nih.gov/18625925/","","appears 20 times"
"200 no error","https://www.thelancet.com/journals/lanogw/article/PIIS3050-5038(25)00024-X/abstract","","appears 20 times"
"200 no error","https://pmc.ncbi.nlm.nih.gov/articles/PMC2834444/","","appears 20 times"
"200 no error","https://pmc.ncbi.nlm.nih.gov/articles/PMC12445056/","","appears 20 times"
"200 no error","https://www.tandfonline.com/doi/full/10.1080/00224499.2022.2110558","","appears 20 times"
"200 no error","https://med-fom-brotto.sites.olt.ubc.ca/files/2022/01/Brotto-and-Graham-2021-JSMT-1.pdf","","appears 20 times"
"200 no error","https://pubmed.ncbi.nlm.nih.gov/37267113/","","appears 20 times"
"200 no error","https://urakare.jp/_next/image?url=https://kemvfhztndsfrqqecfkf.supabase.co/storage/v1/object/public/column-images/female-libido/section-selfcare.webp&w=640&q=75","","appears 10 times"
"200 no error","https://urakare.jp/_next/image?url=https://kemvfhztndsfrqqecfkf.supabase.co/storage/v1/object/public/column-images/female-libido/section-selfcare.webp&w=750&q=75","","appears 10 times"
"200 no error","https://urakare.jp/_next/image?url=https://kemvfhztndsfrqqecfkf.supabase.co/storage/v1/object/public/column-images/female-libido/section-selfcare.webp&w=828&q=75","","appears 10 times"
"200 no error","https://urakare.jp/_next/image?url=https://kemvfhztndsfrqqecfkf.supabase.co/storage/v1/object/public/column-images/female-libido/section-selfcare.webp&w=1080&q=75","","appears 10 times"
"200 no error","https://urakare.jp/_next/image?url=https://kemvfhztndsfrqqecfkf.supabase.co/storage/v1/object/public/column-images/female-libido/section-selfcare.webp&w=1200&q=75","","appears 10 times"
"200 no error","https://urakare.jp/_next/image?url=https://kemvfhztndsfrqqecfkf.supabase.co/storage/v1/object/public/column-images/female-libido/section-selfcare.webp&w=1920&q=75","","appears 10 times"
"200 no error","https://urakare.jp/_next/image?url=https://kemvfhztndsfrqqecfkf.supabase.co/storage/v1/object/public/column-images/female-libido/section-selfcare.webp&w=2048&q=75","","appears 10 times"
"200 no error","https://urakare.jp/_next/image?url=https://kemvfhztndsfrqqecfkf.supabase.co/storage/v1/object/public/column-images/female-libido/section-selfcare.webp&w=3840&q=75","","appears 20 times"
"200 no error","https://pmc.ncbi.nlm.nih.gov/articles/PMC8750367/","","appears 20 times"
"200 no error","https://pubmed.ncbi.nlm.nih.gov/25772315/","","appears 20 times"
"200 no error","https://pmc.ncbi.nlm.nih.gov/articles/PMC11323945/","","appears 20 times"
"200 no error","https://pubmed.ncbi.nlm.nih.gov/28778332/","","appears 20 times"
"200 no error","https://pubmed.ncbi.nlm.nih.gov/9949283/","","appears 20 times"
"200 no error","https://kemvfhztndsfrqqecfkf.supabase.co/storage/v1/object/public/therapist-images/4/avatar_4bedfa41-7fd3-4939-96de-7091532ff608.webp","","appears 3 times"
"200 no error","https://urakare.jp/therapist/4/schedule/reserve?date=&time=0&course=90m","","https://urakare.jp/therapist/4/schedule"
"200 no error","https://urakare.jp/therapist/1/schedule/reserve?date=&time=0&course=90m","","https://urakare.jp/therapist/1/schedule"
"200 no error","https://abema.tv/video/episode/90-2016_s1_p500?utm_campaign=episode_share_cy&utm_medium=referral&utm_source=referral","","https://urakare.jp/therapist/1/diary/bf69ff6f-6834-41f3-85d9-5739429b7d16"
"200 no error","https://www.instagram.com/homare_offi/","","https://urakare.jp/therapist/1/diary/bf69ff6f-6834-41f3-85d9-5739429b7d16"
"200 no error","https://urakare.jp/therapist/5/diary","","appears 6 times"
"200 no error","https://www.instagram.com/haru_urakare?igsh=MTVxeWVvNTZ6em5rMA==&utm_source=qr","","appears 6 times"
"200 no error","https://urakare.jp/therapist/5/schedule","","appears 10 times"
"200 no error","https://kemvfhztndsfrqqecfkf.supabase.co/storage/v1/object/public/therapist-images/5/haru-black-tank-chair.webp","","appears 4 times"
"200 no error","https://kemvfhztndsfrqqecfkf.supabase.co/storage/v1/object/public/therapist-images/5/haru-suit-stool.webp","","appears 4 times"
"200 no error","https://kemvfhztndsfrqqecfkf.supabase.co/storage/v1/object/public/therapist-images/5/haru-suit-floor-full.webp","","appears 4 times"
"200 no error","https://kemvfhztndsfrqqecfkf.supabase.co/storage/v1/object/public/therapist-images/5/haru-suit-wall-profile.webp","","appears 7 times"
"200 no error","https://kemvfhztndsfrqqecfkf.supabase.co/storage/v1/object/public/therapist-images/5/44d368fa-ae77-4eb3-85bf-bbc65c15a4ee.webp","","appears 4 times"
"200 no error","https://urakare.jp/therapist/5#schedule","","appears 4 times"
"200 no error","https://urakare.jp/therapist/5#diary","","appears 4 times"
"200 no error","https://urakare.jp/therapist/5#reviews","","appears 4 times"
"200 no error","https://urakare.jp/therapist/5/reviews","","appears 4 times"
"200 no error","https://urakare.jp/therapist/5/reviews/post","","appears 5 times"
"200 no error","https://x.com/homare_kichi_/status/1801196736872067177?s=46&t=n9iEHWqQVAR78wy3iArriA","","https://urakare.jp/therapist/1/diary/2b9d7f4e-ce89-4044-b087-40775a12f829"
"200 no error","https://x.com/homare_kichi_/status/1777635408668717401?s=46&t=n9iEHWqQVAR78wy3iArriA","","https://urakare.jp/therapist/1/diary/63490bb3-5a6a-4ea6-a555-5ca4c7838401"
"400 bad request","https://kemvfhztndsfrqqecfkf.supabase.co/storage/v1/object/public/column-images/customer-interview-05/full-an.webp","","appears 2 times"
"400 bad request","https://urakare.jp/_next/image?url=https://kemvfhztndsfrqqecfkf.supabase.co/storage/v1/object/public/column-images/customer-interview-05/full-an.webp&w=640&q=75","","https://urakare.jp/column/interview/an"
"400 bad request","https://urakare.jp/_next/image?url=https://kemvfhztndsfrqqecfkf.supabase.co/storage/v1/object/public/column-images/customer-interview-05/full-an.webp&w=1200&q=75","","appears 2 times"
"200 no error","https://urakare.jp/therapist/5/schedule/reserve?date=&time=0&course=90m","","https://urakare.jp/therapist/5/schedule"
"200 no error","https://urakare.jp/_next/image?url=https://kemvfhztndsfrqqecfkf.supabase.co/storage/v1/object/public/therapist-images/5/haru-suit-wall-profile.webp&w=96&q=75","","https://urakare.jp/therapist/5/reviews"
"200 no error","https://urakare.jp/_next/image?url=https://kemvfhztndsfrqqecfkf.supabase.co/storage/v1/object/public/therapist-images/5/haru-suit-wall-profile.webp&w=256&q=75","","appears 2 times"
