"Title","URL","Description","og:latitude","og:longitude","og:locality","og:title","og:description","og:url","og:image","og:type","og:site_name","twitter:url","twitter:description","twitter:image","twitter:title","twitter:card","itemprop name","itemprop description","itemprop image","Title length","Description length"
"女風｜東京で初めてでも選ばれているStory東京本店","https://www.story-tokyo.com/","女風に興味はあるけれど不安もある方へ。 Story東京本店は東京で、距離感と安心感を大切にしている女性用風俗です。 無理に選ばせず、自分のペースで体験できます。","","","","女風｜東京で初めてでも選ばれているStory東京本店","","https://www.story-tokyo.com/","https://www.story-tokyo.com/twitter_card.jpg","","女風｜東京で初めてでも選ばれているStory東京本店","","","","","summary","","","","26","80"
"女風｜東京で初めてでも選ばれているStory東京本店","https://www.story-tokyo.com/top/","女風に興味はあるけれど不安もある方へ。 Story東京本店は東京で、距離感と安心感を大切にしている女性用風俗です。 無理に選ばせず、自分のペースで体験できます。","","","","女風｜東京で初めてでも選ばれているStory東京本店","","https://www.story-tokyo.com/top/","https://www.story-tokyo.com/twitter_card.jpg","","女風｜東京で初めてでも選ばれているStory東京本店","","","","","summary","","","","26","80"
"初めての方へ 女風｜東京で初めてでも選ばれているStory東京本店","https://www.story-tokyo.com/first/","女風に興味はあるけれど不安もある方へ。 Story東京本店は東京で、距離感と安心感を大切にしている女性用風俗です。 無理に選ばせず、自分のペースで体験できます。","","","","初めての方へ 女風｜東京で初めてでも選ばれているStory東京本店","","https://www.story-tokyo.com/first/","https://www.story-tokyo.com/twitter_card.jpg","","女風｜東京で初めてでも選ばれているStory東京本店","","","","","summary","","","","33","80"
"【女性用風俗】の相場を内勤が解説 女風｜東京で初めてでも選ばれているStory東京本店","https://www.story-tokyo.com/guide/","女風に興味はあるけれど不安もある方へ。 Story東京本店は東京で、距離感と安心感を大切にしている女性用風俗です。 無理に選ばせず、自分のペースで体験できます。","","","","【女性用風俗】の相場を内勤が解説 女風｜東京で初めてでも選ばれているStory東京本店","","https://www.story-tokyo.com/guide/","https://www.story-tokyo.com/twitter_card.jpg","","女風｜東京で初めてでも選ばれているStory東京本店","","","","","summary","","","","43","80"
"予約方法 女風｜東京で初めてでも選ばれているStory東京本店","https://www.story-tokyo.com/book/","女風に興味はあるけれど不安もある方へ。 Story東京本店は東京で、距離感と安心感を大切にしている女性用風俗です。 無理に選ばせず、自分のペースで体験できます。","","","","予約方法 女風｜東京で初めてでも選ばれているStory東京本店","","https://www.story-tokyo.com/book/","https://www.story-tokyo.com/twitter_card.jpg","","女風｜東京で初めてでも選ばれているStory東京本店","","","","","summary","","","","31","80"
"キャンペーン 女風｜東京で初めてでも選ばれているStory東京本店","https://www.story-tokyo.com/event/","女風に興味はあるけれど不安もある方へ。 Story東京本店は東京で、距離感と安心感を大切にしている女性用風俗です。 無理に選ばせず、自分のペースで体験できます。","","","","キャンペーン 女風｜東京で初めてでも選ばれているStory東京本店","","https://www.story-tokyo.com/event/","https://www.story-tokyo.com/twitter_card.jpg","","女風｜東京で初めてでも選ばれているStory東京本店","","","","","summary","","","","33","80"
"料金システム 女風｜東京で初めてでも選ばれているStory東京本店","https://www.story-tokyo.com/system/","女風に興味はあるけれど不安もある方へ。 Story東京本店は東京で、距離感と安心感を大切にしている女性用風俗です。 無理に選ばせず、自分のペースで体験できます。","","","","料金システム 女風｜東京で初めてでも選ばれているStory東京本店","","https://www.story-tokyo.com/system/","https://www.story-tokyo.com/twitter_card.jpg","","女風｜東京で初めてでも選ばれているStory東京本店","","","","","summary","","","","33","80"
"WEB予約 女風｜東京で初めてでも選ばれているStory東京本店","https://www.story-tokyo.com/reserve/","女風に興味はあるけれど不安もある方へ。 Story東京本店は東京で、距離感と安心感を大切にしている女性用風俗です。 無理に選ばせず、自分のペースで体験できます。","","","","WEB予約 女風｜東京で初めてでも選ばれているStory東京本店","","https://www.story-tokyo.com/reserve/","https://www.story-tokyo.com/twitter_card.jpg","","女風｜東京で初めてでも選ばれているStory東京本店","","","","","summary","","","","32","80"
"料金シミュレーション 女風｜東京で初めてでも選ばれているStory東京本店","https://www.story-tokyo.com/simu/","女風に興味はあるけれど不安もある方へ。 Story東京本店は東京で、距離感と安心感を大切にしている女性用風俗です。 無理に選ばせず、自分のペースで体験できます。","","","","料金シミュレーション 女風｜東京で初めてでも選ばれているStory東京本店","","https://www.story-tokyo.com/simu/","https://www.story-tokyo.com/twitter_card.jpg","","女風｜東京で初めてでも選ばれているStory東京本店","","","","","summary","","","","37","80"
"セラピスト一覧 女風｜東京で初めてでも選ばれているStory東京本店","https://www.story-tokyo.com/therapist/","女風に興味はあるけれど不安もある方へ。 Story東京本店は東京で、距離感と安心感を大切にしている女性用風俗です。 無理に選ばせず、自分のペースで体験できます。","","","","セラピスト一覧 女風｜東京で初めてでも選ばれているStory東京本店","","https://www.story-tokyo.com/therapist/","https://www.story-tokyo.com/twitter_card.jpg","","女風｜東京で初めてでも選ばれているStory東京本店","","","","","summary","","","","34","80"
"ランキング 女風｜東京で初めてでも選ばれているStory東京本店","https://www.story-tokyo.com/ranking/","女風に興味はあるけれど不安もある方へ。 Story東京本店は東京で、距離感と安心感を大切にしている女性用風俗です。 無理に選ばせず、自分のペースで体験できます。","","","","ランキング 女風｜東京で初めてでも選ばれているStory東京本店","","https://www.story-tokyo.com/ranking/","https://www.story-tokyo.com/twitter_card.jpg","","女風｜東京で初めてでも選ばれているStory東京本店","","","","","summary","","","","32","80"
"出勤情報 女風｜東京で初めてでも選ばれているStory東京本店","https://www.story-tokyo.com/schedule/","女風に興味はあるけれど不安もある方へ。 Story東京本店は東京で、距離感と安心感を大切にしている女性用風俗です。 無理に選ばせず、自分のペースで体験できます。","","","","出勤情報 女風｜東京で初めてでも選ばれているStory東京本店","","https://www.story-tokyo.com/schedule/","https://www.story-tokyo.com/twitter_card.jpg","","女風｜東京で初めてでも選ばれているStory東京本店","","","","","summary","","","","31","80"
"口コミ 女風｜東京で初めてでも選ばれているStory東京本店","https://www.story-tokyo.com/review/","女風に興味はあるけれど不安もある方へ。 Story東京本店は東京で、距離感と安心感を大切にしている女性用風俗です。 無理に選ばせず、自分のペースで体験できます。","","","","口コミ 女風｜東京で初めてでも選ばれているStory東京本店","","https://www.story-tokyo.com/review/","https://www.story-tokyo.com/twitter_card.jpg","","女風｜東京で初めてでも選ばれているStory東京本店","","","","","summary","","","","30","80"
"写メ日記 女風｜東京で初めてでも選ばれているStory東京本店","https://www.story-tokyo.com/diary/","女風に興味はあるけれど不安もある方へ。 Story東京本店は東京で、距離感と安心感を大切にしている女性用風俗です。 無理に選ばせず、自分のペースで体験できます。","","","","写メ日記 女風｜東京で初めてでも選ばれているStory東京本店","","https://www.story-tokyo.com/diary/","https://www.story-tokyo.com/twitter_card.jpg","","女風｜東京で初めてでも選ばれているStory東京本店","","","","","summary","","","","31","80"
"求人情報 女風｜東京で初めてでも選ばれているStory東京本店","https://www.story-tokyo.com/recruit/","女風に興味はあるけれど不安もある方へ。 Story東京本店は東京で、距離感と安心感を大切にしている女性用風俗です。 無理に選ばせず、自分のペースで体験できます。","","","","求人情報 女風｜東京で初めてでも選ばれているStory東京本店","","https://www.story-tokyo.com/recruit/","","","女風｜東京で初めてでも選ばれているStory東京本店","","","","","summary_large_image","","","","31","80"
"キャンペーン 女風｜東京で初めてでも選ばれているStory東京本店","https://www.story-tokyo.com/event/event53/","女風に興味はあるけれど不安もある方へ。 Story東京本店は東京で、距離感と安心感を大切にしている女性用風俗です。 無理に選ばせず、自分のペースで体験できます。","","","","キャンペーン 女風｜東京で初めてでも選ばれているStory東京本店","","https://www.story-tokyo.com/event/event53/","https://www.story-tokyo.com/twitter_card.jpg","","女風｜東京で初めてでも選ばれているStory東京本店","","","","","summary","","","","33","80"
"キャンペーン 女風｜東京で初めてでも選ばれているStory東京本店","https://www.story-tokyo.com/event/event49/","女風に興味はあるけれど不安もある方へ。 Story東京本店は東京で、距離感と安心感を大切にしている女性用風俗です。 無理に選ばせず、自分のペースで体験できます。","","","","キャンペーン 女風｜東京で初めてでも選ばれているStory東京本店","","https://www.story-tokyo.com/event/event49/","https://www.story-tokyo.com/twitter_card.jpg","","女風｜東京で初めてでも選ばれているStory東京本店","","","","","summary","","","","33","80"
"トピックス 女風｜東京で初めてでも選ばれているStory東京本店","https://www.story-tokyo.com/news/","女風に興味はあるけれど不安もある方へ。 Story東京本店は東京で、距離感と安心感を大切にしている女性用風俗です。 無理に選ばせず、自分のペースで体験できます。","","","","トピックス 女風｜東京で初めてでも選ばれているStory東京本店","","https://www.story-tokyo.com/news/","https://www.story-tokyo.com/twitter_card.jpg","","女風｜東京で初めてでも選ばれているStory東京本店","","","","","summary","","","","32","80"
"ゆうと 女風｜東京で初めてでも選ばれているStory東京本店","https://www.story-tokyo.com/prof/prof15/","女風に興味はあるけれど不安もある方へ。 Story東京本店は東京で、距離感と安心感を大切にしている女性用風俗です。 無理に選ばせず、自分のペースで体験できます。","","","","ゆうと 女風｜東京で初めてでも選ばれているStory東京本店","","https://www.story-tokyo.com/prof/prof15/","https://www.story-tokyo.com/prof/15/01.jpg?t=1787134994","","女風｜東京で初めてでも選ばれているStory東京本店","","","","","summary","","","","30","80"
"たいし 女風｜東京で初めてでも選ばれているStory東京本店","https://www.story-tokyo.com/prof/prof48/","女風に興味はあるけれど不安もある方へ。 Story東京本店は東京で、距離感と安心感を大切にしている女性用風俗です。 無理に選ばせず、自分のペースで体験できます。","","","","たいし 女風｜東京で初めてでも選ばれているStory東京本店","","https://www.story-tokyo.com/prof/prof48/","https://www.story-tokyo.com/prof/48/01.jpg?t=1787134997","","女風｜東京で初めてでも選ばれているStory東京本店","","","","","summary","","","","30","80"
"れい 女風｜東京で初めてでも選ばれているStory東京本店","https://www.story-tokyo.com/prof/prof39/","女風に興味はあるけれど不安もある方へ。 Story東京本店は東京で、距離感と安心感を大切にしている女性用風俗です。 無理に選ばせず、自分のペースで体験できます。","","","","れい 女風｜東京で初めてでも選ばれているStory東京本店","","https://www.story-tokyo.com/prof/prof39/","https://www.story-tokyo.com/prof/39/01.jpg?t=1787134999","","女風｜東京で初めてでも選ばれているStory東京本店","","","","","summary","","","","29","80"
"みずき 女風｜東京で初めてでも選ばれているStory東京本店","https://www.story-tokyo.com/prof/prof19/","女風に興味はあるけれど不安もある方へ。 Story東京本店は東京で、距離感と安心感を大切にしている女性用風俗です。 無理に選ばせず、自分のペースで体験できます。","","","","みずき 女風｜東京で初めてでも選ばれているStory東京本店","","https://www.story-tokyo.com/prof/prof19/","https://www.story-tokyo.com/prof/19/01.jpg?t=1787135001","","女風｜東京で初めてでも選ばれているStory東京本店","","","","","summary","","","","30","80"
"じゅん 女風｜東京で初めてでも選ばれているStory東京本店","https://www.story-tokyo.com/prof/prof26/","女風に興味はあるけれど不安もある方へ。 Story東京本店は東京で、距離感と安心感を大切にしている女性用風俗です。 無理に選ばせず、自分のペースで体験できます。","","","","じゅん 女風｜東京で初めてでも選ばれているStory東京本店","","https://www.story-tokyo.com/prof/prof26/","https://www.story-tokyo.com/prof/26/01.jpg?t=1787135001","","女風｜東京で初めてでも選ばれているStory東京本店","","","","","summary","","","","30","80"
"ゆずる 女風｜東京で初めてでも選ばれているStory東京本店","https://www.story-tokyo.com/prof/prof21/","女風に興味はあるけれど不安もある方へ。 Story東京本店は東京で、距離感と安心感を大切にしている女性用風俗です。 無理に選ばせず、自分のペースで体験できます。","","","","ゆずる 女風｜東京で初めてでも選ばれているStory東京本店","","https://www.story-tokyo.com/prof/prof21/","https://www.story-tokyo.com/prof/21/01.jpg?t=1787135003","","女風｜東京で初めてでも選ばれているStory東京本店","","","","","summary","","","","30","80"
"あやせ 女風｜東京で初めてでも選ばれているStory東京本店","https://www.story-tokyo.com/prof/prof27/","女風に興味はあるけれど不安もある方へ。 Story東京本店は東京で、距離感と安心感を大切にしている女性用風俗です。 無理に選ばせず、自分のペースで体験できます。","","","","あやせ 女風｜東京で初めてでも選ばれているStory東京本店","","https://www.story-tokyo.com/prof/prof27/","https://www.story-tokyo.com/prof/27/01.jpg?t=1787135004","","女風｜東京で初めてでも選ばれているStory東京本店","","","","","summary","","","","30","80"
"みさと 女風｜東京で初めてでも選ばれているStory東京本店","https://www.story-tokyo.com/prof/prof55/","女風に興味はあるけれど不安もある方へ。 Story東京本店は東京で、距離感と安心感を大切にしている女性用風俗です。 無理に選ばせず、自分のペースで体験できます。","","","","みさと 女風｜東京で初めてでも選ばれているStory東京本店","","https://www.story-tokyo.com/prof/prof55/","https://www.story-tokyo.com/prof/55/01.jpg?t=1787135006","","女風｜東京で初めてでも選ばれているStory東京本店","","","","","summary","","","","30","80"
"とき 女風｜東京で初めてでも選ばれているStory東京本店","https://www.story-tokyo.com/prof/prof38/","女風に興味はあるけれど不安もある方へ。 Story東京本店は東京で、距離感と安心感を大切にしている女性用風俗です。 無理に選ばせず、自分のペースで体験できます。","","","","とき 女風｜東京で初めてでも選ばれているStory東京本店","","https://www.story-tokyo.com/prof/prof38/","https://www.story-tokyo.com/prof/38/01.jpg?t=1787135008","","女風｜東京で初めてでも選ばれているStory東京本店","","","","","summary","","","","29","80"
"たいが 女風｜東京で初めてでも選ばれているStory東京本店","https://www.story-tokyo.com/prof/prof40/","女風に興味はあるけれど不安もある方へ。 Story東京本店は東京で、距離感と安心感を大切にしている女性用風俗です。 無理に選ばせず、自分のペースで体験できます。","","","","たいが 女風｜東京で初めてでも選ばれているStory東京本店","","https://www.story-tokyo.com/prof/prof40/","https://www.story-tokyo.com/prof/40/01.jpg?t=1787135010","","女風｜東京で初めてでも選ばれているStory東京本店","","","","","summary","","","","30","80"
"つばさ 女風｜東京で初めてでも選ばれているStory東京本店","https://www.story-tokyo.com/prof/prof35/","女風に興味はあるけれど不安もある方へ。 Story東京本店は東京で、距離感と安心感を大切にしている女性用風俗です。 無理に選ばせず、自分のペースで体験できます。","","","","つばさ 女風｜東京で初めてでも選ばれているStory東京本店","","https://www.story-tokyo.com/prof/prof35/","https://www.story-tokyo.com/prof/35/01.jpg?t=1787135011","","女風｜東京で初めてでも選ばれているStory東京本店","","","","","summary","","","","30","80"
"やまと 女風｜東京で初めてでも選ばれているStory東京本店","https://www.story-tokyo.com/prof/prof25/","女風に興味はあるけれど不安もある方へ。 Story東京本店は東京で、距離感と安心感を大切にしている女性用風俗です。 無理に選ばせず、自分のペースで体験できます。","","","","やまと 女風｜東京で初めてでも選ばれているStory東京本店","","https://www.story-tokyo.com/prof/prof25/","https://www.story-tokyo.com/prof/25/01.jpg?t=1787135013","","女風｜東京で初めてでも選ばれているStory東京本店","","","","","summary","","","","30","80"
"たける 女風｜東京で初めてでも選ばれているStory東京本店","https://www.story-tokyo.com/prof/prof7/","女風に興味はあるけれど不安もある方へ。 Story東京本店は東京で、距離感と安心感を大切にしている女性用風俗です。 無理に選ばせず、自分のペースで体験できます。","","","","たける 女風｜東京で初めてでも選ばれているStory東京本店","","https://www.story-tokyo.com/prof/prof7/","https://www.story-tokyo.com/prof/7/01.jpg?t=1787135015","","女風｜東京で初めてでも選ばれているStory東京本店","","","","","summary","","","","30","80"
"りょう 女風｜東京で初めてでも選ばれているStory東京本店","https://www.story-tokyo.com/prof/prof53/","女風に興味はあるけれど不安もある方へ。 Story東京本店は東京で、距離感と安心感を大切にしている女性用風俗です。 無理に選ばせず、自分のペースで体験できます。","","","","りょう 女風｜東京で初めてでも選ばれているStory東京本店","","https://www.story-tokyo.com/prof/prof53/","https://www.story-tokyo.com/prof/53/01.jpg?t=1787135017","","女風｜東京で初めてでも選ばれているStory東京本店","","","","","summary","","","","30","80"
"ゆう 女風｜東京で初めてでも選ばれているStory東京本店","https://www.story-tokyo.com/prof/prof61/","女風に興味はあるけれど不安もある方へ。 Story東京本店は東京で、距離感と安心感を大切にしている女性用風俗です。 無理に選ばせず、自分のペースで体験できます。","","","","ゆう 女風｜東京で初めてでも選ばれているStory東京本店","","https://www.story-tokyo.com/prof/prof61/","https://www.story-tokyo.com/prof/61/01.jpg?t=1787135019","","女風｜東京で初めてでも選ばれているStory東京本店","","","","","summary","","","","29","80"
"かい 女風｜東京で初めてでも選ばれているStory東京本店","https://www.story-tokyo.com/prof/prof64/","女風に興味はあるけれど不安もある方へ。 Story東京本店は東京で、距離感と安心感を大切にしている女性用風俗です。 無理に選ばせず、自分のペースで体験できます。","","","","かい 女風｜東京で初めてでも選ばれているStory東京本店","","https://www.story-tokyo.com/prof/prof64/","https://www.story-tokyo.com/prof/64/01.jpg?t=1787135020","","女風｜東京で初めてでも選ばれているStory東京本店","","","","","summary","","","","29","80"
"しょう 女風｜東京で初めてでも選ばれているStory東京本店","https://www.story-tokyo.com/prof/prof56/","女風に興味はあるけれど不安もある方へ。 Story東京本店は東京で、距離感と安心感を大切にしている女性用風俗です。 無理に選ばせず、自分のペースで体験できます。","","","","しょう 女風｜東京で初めてでも選ばれているStory東京本店","","https://www.story-tokyo.com/prof/prof56/","https://www.story-tokyo.com/prof/56/01.jpg?t=1787135022","","女風｜東京で初めてでも選ばれているStory東京本店","","","","","summary","","","","30","80"
"もがみ 女風｜東京で初めてでも選ばれているStory東京本店","https://www.story-tokyo.com/prof/prof24/","女風に興味はあるけれど不安もある方へ。 Story東京本店は東京で、距離感と安心感を大切にしている女性用風俗です。 無理に選ばせず、自分のペースで体験できます。","","","","もがみ 女風｜東京で初めてでも選ばれているStory東京本店","","https://www.story-tokyo.com/prof/prof24/","https://www.story-tokyo.com/prof/24/01.jpg?t=1787135024","","女風｜東京で初めてでも選ばれているStory東京本店","","","","","summary","","","","30","80"
"はると 女風｜東京で初めてでも選ばれているStory東京本店","https://www.story-tokyo.com/prof/prof57/","女風に興味はあるけれど不安もある方へ。 Story東京本店は東京で、距離感と安心感を大切にしている女性用風俗です。 無理に選ばせず、自分のペースで体験できます。","","","","はると 女風｜東京で初めてでも選ばれているStory東京本店","","https://www.story-tokyo.com/prof/prof57/","https://www.story-tokyo.com/prof/57/01.jpg?t=1787135025","","女風｜東京で初めてでも選ばれているStory東京本店","","","","","summary","","","","30","80"
"ゆき 女風｜東京で初めてでも選ばれているStory東京本店","https://www.story-tokyo.com/prof/prof50/","女風に興味はあるけれど不安もある方へ。 Story東京本店は東京で、距離感と安心感を大切にしている女性用風俗です。 無理に選ばせず、自分のペースで体験できます。","","","","ゆき 女風｜東京で初めてでも選ばれているStory東京本店","","https://www.story-tokyo.com/prof/prof50/","https://www.story-tokyo.com/prof/50/01.jpg?t=1787135027","","女風｜東京で初めてでも選ばれているStory東京本店","","","","","summary","","","","29","80"
"ひろ 女風｜東京で初めてでも選ばれているStory東京本店","https://www.story-tokyo.com/prof/prof30/","女風に興味はあるけれど不安もある方へ。 Story東京本店は東京で、距離感と安心感を大切にしている女性用風俗です。 無理に選ばせず、自分のペースで体験できます。","","","","ひろ 女風｜東京で初めてでも選ばれているStory東京本店","","https://www.story-tokyo.com/prof/prof30/","https://www.story-tokyo.com/prof/30/01.jpg?t=1787135029","","女風｜東京で初めてでも選ばれているStory東京本店","","","","","summary","","","","29","80"
"ゆうた 女風｜東京で初めてでも選ばれているStory東京本店","https://www.story-tokyo.com/prof/prof58/","女風に興味はあるけれど不安もある方へ。 Story東京本店は東京で、距離感と安心感を大切にしている女性用風俗です。 無理に選ばせず、自分のペースで体験できます。","","","","ゆうた 女風｜東京で初めてでも選ばれているStory東京本店","","https://www.story-tokyo.com/prof/prof58/","https://www.story-tokyo.com/prof/58/01.jpg?t=1787135031","","女風｜東京で初めてでも選ばれているStory東京本店","","","","","summary","","","","30","80"
"長月ちひろ 女風｜東京で初めてでも選ばれているStory東京本店","https://www.story-tokyo.com/prof/prof3/","女風に興味はあるけれど不安もある方へ。 Story東京本店は東京で、距離感と安心感を大切にしている女性用風俗です。 無理に選ばせず、自分のペースで体験できます。","","","","長月ちひろ 女風｜東京で初めてでも選ばれているStory東京本店","","https://www.story-tokyo.com/prof/prof3/","https://www.story-tokyo.com/prof/3/01.jpg?t=1787135032","","女風｜東京で初めてでも選ばれているStory東京本店","","","","","summary","","","","32","80"
"せいや 女風｜東京で初めてでも選ばれているStory東京本店","https://www.story-tokyo.com/prof/prof66/","女風に興味はあるけれど不安もある方へ。 Story東京本店は東京で、距離感と安心感を大切にしている女性用風俗です。 無理に選ばせず、自分のペースで体験できます。","","","","せいや 女風｜東京で初めてでも選ばれているStory東京本店","","https://www.story-tokyo.com/prof/prof66/","https://www.story-tokyo.com/prof/66/01.jpg?t=1787135034","","女風｜東京で初めてでも選ばれているStory東京本店","","","","","summary","","","","30","80"
"あれん 女風｜東京で初めてでも選ばれているStory東京本店","https://www.story-tokyo.com/prof/prof63/","女風に興味はあるけれど不安もある方へ。 Story東京本店は東京で、距離感と安心感を大切にしている女性用風俗です。 無理に選ばせず、自分のペースで体験できます。","","","","あれん 女風｜東京で初めてでも選ばれているStory東京本店","","https://www.story-tokyo.com/prof/prof63/","https://www.story-tokyo.com/prof/63/01.jpg?t=1787135036","","女風｜東京で初めてでも選ばれているStory東京本店","","","","","summary","","","","30","80"
"るか 女風｜東京で初めてでも選ばれているStory東京本店","https://www.story-tokyo.com/prof/prof59/","女風に興味はあるけれど不安もある方へ。 Story東京本店は東京で、距離感と安心感を大切にしている女性用風俗です。 無理に選ばせず、自分のペースで体験できます。","","","","るか 女風｜東京で初めてでも選ばれているStory東京本店","","https://www.story-tokyo.com/prof/prof59/","https://www.story-tokyo.com/prof/59/01.jpg?t=1787135037","","女風｜東京で初めてでも選ばれているStory東京本店","","","","","summary","","","","29","80"
"ちはや 女風｜東京で初めてでも選ばれているStory東京本店","https://www.story-tokyo.com/prof/prof60/","女風に興味はあるけれど不安もある方へ。 Story東京本店は東京で、距離感と安心感を大切にしている女性用風俗です。 無理に選ばせず、自分のペースで体験できます。","","","","ちはや 女風｜東京で初めてでも選ばれているStory東京本店","","https://www.story-tokyo.com/prof/prof60/","https://www.story-tokyo.com/prof/60/01.jpg?t=1787135039","","女風｜東京で初めてでも選ばれているStory東京本店","","","","","summary","","","","30","80"
"みなと 女風｜東京で初めてでも選ばれているStory東京本店","https://www.story-tokyo.com/prof/prof54/","女風に興味はあるけれど不安もある方へ。 Story東京本店は東京で、距離感と安心感を大切にしている女性用風俗です。 無理に選ばせず、自分のペースで体験できます。","","","","みなと 女風｜東京で初めてでも選ばれているStory東京本店","","https://www.story-tokyo.com/prof/prof54/","https://www.story-tokyo.com/prof/54/01.jpg?t=1787135041","","女風｜東京で初めてでも選ばれているStory東京本店","","","","","summary","","","","30","80"
"じゅり 女風｜東京で初めてでも選ばれているStory東京本店","https://www.story-tokyo.com/prof/prof42/","女風に興味はあるけれど不安もある方へ。 Story東京本店は東京で、距離感と安心感を大切にしている女性用風俗です。 無理に選ばせず、自分のペースで体験できます。","","","","じゅり 女風｜東京で初めてでも選ばれているStory東京本店","","https://www.story-tokyo.com/prof/prof42/","https://www.story-tokyo.com/prof/42/01.jpg?t=1787135043","","女風｜東京で初めてでも選ばれているStory東京本店","","","","","summary","","","","30","80"
"なぎ 女風｜東京で初めてでも選ばれているStory東京本店","https://www.story-tokyo.com/prof/prof17/","女風に興味はあるけれど不安もある方へ。 Story東京本店は東京で、距離感と安心感を大切にしている女性用風俗です。 無理に選ばせず、自分のペースで体験できます。","","","","なぎ 女風｜東京で初めてでも選ばれているStory東京本店","","https://www.story-tokyo.com/prof/prof17/","https://www.story-tokyo.com/prof/17/01.jpg?t=1787135045","","女風｜東京で初めてでも選ばれているStory東京本店","","","","","summary","","","","29","80"
"なつき 女風｜東京で初めてでも選ばれているStory東京本店","https://www.story-tokyo.com/prof/prof34/","女風に興味はあるけれど不安もある方へ。 Story東京本店は東京で、距離感と安心感を大切にしている女性用風俗です。 無理に選ばせず、自分のペースで体験できます。","","","","なつき 女風｜東京で初めてでも選ばれているStory東京本店","","https://www.story-tokyo.com/prof/prof34/","https://www.story-tokyo.com/prof/34/01.jpg?t=1787135046","","女風｜東京で初めてでも選ばれているStory東京本店","","","","","summary","","","","30","80"
"永茉（とうま） 女風｜東京で初めてでも選ばれているStory東京本店","https://www.story-tokyo.com/prof/prof49/","女風に興味はあるけれど不安もある方へ。 Story東京本店は東京で、距離感と安心感を大切にしている女性用風俗です。 無理に選ばせず、自分のペースで体験できます。","","","","永茉（とうま） 女風｜東京で初めてでも選ばれているStory東京本店","","https://www.story-tokyo.com/prof/prof49/","https://www.story-tokyo.com/prof/49/01.jpg?t=1787135048","","女風｜東京で初めてでも選ばれているStory東京本店","","","","","summary","","","","34","80"
"さく 女風｜東京で初めてでも選ばれているStory東京本店","https://www.story-tokyo.com/prof/prof2/","女風に興味はあるけれど不安もある方へ。 Story東京本店は東京で、距離感と安心感を大切にしている女性用風俗です。 無理に選ばせず、自分のペースで体験できます。","","","","さく 女風｜東京で初めてでも選ばれているStory東京本店","","https://www.story-tokyo.com/prof/prof2/","https://www.story-tokyo.com/prof/2/01.jpg?t=1787135050","","女風｜東京で初めてでも選ばれているStory東京本店","","","","","summary","","","","29","80"
"うさ 女風｜東京で初めてでも選ばれているStory東京本店","https://www.story-tokyo.com/prof/prof1/","女風に興味はあるけれど不安もある方へ。 Story東京本店は東京で、距離感と安心感を大切にしている女性用風俗です。 無理に選ばせず、自分のペースで体験できます。","","","","うさ 女風｜東京で初めてでも選ばれているStory東京本店","","https://www.story-tokyo.com/prof/prof1/","https://www.story-tokyo.com/prof/1/01.jpg?t=1787135052","","女風｜東京で初めてでも選ばれているStory東京本店","","","","","summary","","","","29","80"
"じん 女風｜東京で初めてでも選ばれているStory東京本店","https://www.story-tokyo.com/prof/prof14/","女風に興味はあるけれど不安もある方へ。 Story東京本店は東京で、距離感と安心感を大切にしている女性用風俗です。 無理に選ばせず、自分のペースで体験できます。","","","","じん 女風｜東京で初めてでも選ばれているStory東京本店","","https://www.story-tokyo.com/prof/prof14/","https://www.story-tokyo.com/prof/14/01.jpg?t=1787135053","","女風｜東京で初めてでも選ばれているStory東京本店","","","","","summary","","","","29","80"
"裏コンセプト 女風｜東京で初めてでも選ばれているStory東京本店","https://www.story-tokyo.com/concept/","女風に興味はあるけれど不安もある方へ。 Story東京本店は東京で、距離感と安心感を大切にしている女性用風俗です。 無理に選ばせず、自分のペースで体験できます。","","","","裏コンセプト 女風｜東京で初めてでも選ばれているStory東京本店","","https://www.story-tokyo.com/concept/","https://www.story-tokyo.com/twitter_card.jpg","","女風｜東京で初めてでも選ばれているStory東京本店","","","","","summary","","","","33","80"
"キャンペーン 女風｜東京で初めてでも選ばれているStory東京本店","https://www.story-tokyo.com/event/event52/","女風に興味はあるけれど不安もある方へ。 Story東京本店は東京で、距離感と安心感を大切にしている女性用風俗です。 無理に選ばせず、自分のペースで体験できます。","","","","キャンペーン 女風｜東京で初めてでも選ばれているStory東京本店","","https://www.story-tokyo.com/event/event52/","https://www.story-tokyo.com/twitter_card.jpg","","女風｜東京で初めてでも選ばれているStory東京本店","","","","","summary","","","","33","80"
"はやて 女風｜東京で初めてでも選ばれているStory東京本店","https://www.story-tokyo.com/prof/prof45/","女風に興味はあるけれど不安もある方へ。 Story東京本店は東京で、距離感と安心感を大切にしている女性用風俗です。 無理に選ばせず、自分のペースで体験できます。","","","","はやて 女風｜東京で初めてでも選ばれているStory東京本店","","https://www.story-tokyo.com/prof/prof45/","https://www.story-tokyo.com/prof/45/01.jpg?t=1787135085","","女風｜東京で初めてでも選ばれているStory東京本店","","","","","summary","","","","30","80"
"まさや 女風｜東京で初めてでも選ばれているStory東京本店","https://www.story-tokyo.com/prof/prof32/","女風に興味はあるけれど不安もある方へ。 Story東京本店は東京で、距離感と安心感を大切にしている女性用風俗です。 無理に選ばせず、自分のペースで体験できます。","","","","まさや 女風｜東京で初めてでも選ばれているStory東京本店","","https://www.story-tokyo.com/prof/prof32/","https://www.story-tokyo.com/prof/32/01.jpg?t=1787135087","","女風｜東京で初めてでも選ばれているStory東京本店","","","","","summary","","","","30","80"
"くろき 女風｜東京で初めてでも選ばれているStory東京本店","https://www.story-tokyo.com/prof/prof13/","女風に興味はあるけれど不安もある方へ。 Story東京本店は東京で、距離感と安心感を大切にしている女性用風俗です。 無理に選ばせず、自分のペースで体験できます。","","","","くろき 女風｜東京で初めてでも選ばれているStory東京本店","","https://www.story-tokyo.com/prof/prof13/","https://www.story-tokyo.com/prof/13/01.jpg?t=1787135089","","女風｜東京で初めてでも選ばれているStory東京本店","","","","","summary","","","","30","80"
"おと 女風｜東京で初めてでも選ばれているStory東京本店","https://www.story-tokyo.com/prof/prof36/","女風に興味はあるけれど不安もある方へ。 Story東京本店は東京で、距離感と安心感を大切にしている女性用風俗です。 無理に選ばせず、自分のペースで体験できます。","","","","おと 女風｜東京で初めてでも選ばれているStory東京本店","","https://www.story-tokyo.com/prof/prof36/","https://www.story-tokyo.com/prof/36/01.jpg?t=1787135090","","女風｜東京で初めてでも選ばれているStory東京本店","","","","","summary","","","","29","80"
"たく 女風｜東京で初めてでも選ばれているStory東京本店","https://www.story-tokyo.com/prof/prof31/","女風に興味はあるけれど不安もある方へ。 Story東京本店は東京で、距離感と安心感を大切にしている女性用風俗です。 無理に選ばせず、自分のペースで体験できます。","","","","たく 女風｜東京で初めてでも選ばれているStory東京本店","","https://www.story-tokyo.com/prof/prof31/","https://www.story-tokyo.com/prof/31/01.jpg?t=1787135093","","女風｜東京で初めてでも選ばれているStory東京本店","","","","","summary","","","","29","80"
"こう 女風｜東京で初めてでも選ばれているStory東京本店","https://www.story-tokyo.com/prof/prof37/","女風に興味はあるけれど不安もある方へ。 Story東京本店は東京で、距離感と安心感を大切にしている女性用風俗です。 無理に選ばせず、自分のペースで体験できます。","","","","こう 女風｜東京で初めてでも選ばれているStory東京本店","","https://www.story-tokyo.com/prof/prof37/","https://www.story-tokyo.com/prof/37/01.jpg?t=1787135093","","女風｜東京で初めてでも選ばれているStory東京本店","","","","","summary","","","","29","80"
"しき 女風｜東京で初めてでも選ばれているStory東京本店","https://www.story-tokyo.com/prof/prof41/","女風に興味はあるけれど不安もある方へ。 Story東京本店は東京で、距離感と安心感を大切にしている女性用風俗です。 無理に選ばせず、自分のペースで体験できます。","","","","しき 女風｜東京で初めてでも選ばれているStory東京本店","","https://www.story-tokyo.com/prof/prof41/","https://www.story-tokyo.com/prof/41/01.jpg?t=1787135095","","女風｜東京で初めてでも選ばれているStory東京本店","","","","","summary","","","","29","80"
"まさと 女風｜東京で初めてでも選ばれているStory東京本店","https://www.story-tokyo.com/prof/prof44/","女風に興味はあるけれど不安もある方へ。 Story東京本店は東京で、距離感と安心感を大切にしている女性用風俗です。 無理に選ばせず、自分のペースで体験できます。","","","","まさと 女風｜東京で初めてでも選ばれているStory東京本店","","https://www.story-tokyo.com/prof/prof44/","https://www.story-tokyo.com/prof/44/01.jpg?t=1787135096","","女風｜東京で初めてでも選ばれているStory東京本店","","","","","summary","","","","30","80"
"なお 女風｜東京で初めてでも選ばれているStory東京本店","https://www.story-tokyo.com/prof/prof29/","女風に興味はあるけれど不安もある方へ。 Story東京本店は東京で、距離感と安心感を大切にしている女性用風俗です。 無理に選ばせず、自分のペースで体験できます。","","","","なお 女風｜東京で初めてでも選ばれているStory東京本店","","https://www.story-tokyo.com/prof/prof29/","https://www.story-tokyo.com/prof/29/01.jpg?t=1787135097","","女風｜東京で初めてでも選ばれているStory東京本店","","","","","summary","","","","29","80"
"あお 女風｜東京で初めてでも選ばれているStory東京本店","https://www.story-tokyo.com/prof/prof28/","女風に興味はあるけれど不安もある方へ。 Story東京本店は東京で、距離感と安心感を大切にしている女性用風俗です。 無理に選ばせず、自分のペースで体験できます。","","","","あお 女風｜東京で初めてでも選ばれているStory東京本店","","https://www.story-tokyo.com/prof/prof28/","https://www.story-tokyo.com/prof/28/01.jpg?t=1787135098","","女風｜東京で初めてでも選ばれているStory東京本店","","","","","summary","","","","29","80"
"かいと 女風｜東京で初めてでも選ばれているStory東京本店","https://www.story-tokyo.com/prof/prof16/","女風に興味はあるけれど不安もある方へ。 Story東京本店は東京で、距離感と安心感を大切にしている女性用風俗です。 無理に選ばせず、自分のペースで体験できます。","","","","かいと 女風｜東京で初めてでも選ばれているStory東京本店","","https://www.story-tokyo.com/prof/prof16/","https://www.story-tokyo.com/prof/16/01.jpg?t=1787135099","","女風｜東京で初めてでも選ばれているStory東京本店","","","","","summary","","","","30","80"
"えいと 女風｜東京で初めてでも選ばれているStory東京本店","https://www.story-tokyo.com/prof/prof6/","女風に興味はあるけれど不安もある方へ。 Story東京本店は東京で、距離感と安心感を大切にしている女性用風俗です。 無理に選ばせず、自分のペースで体験できます。","","","","えいと 女風｜東京で初めてでも選ばれているStory東京本店","","https://www.story-tokyo.com/prof/prof6/","https://www.story-tokyo.com/prof/6/01.jpg?t=1787135101","","女風｜東京で初めてでも選ばれているStory東京本店","","","","","summary","","","","30","80"
"みこと 女風｜東京で初めてでも選ばれているStory東京本店","https://www.story-tokyo.com/prof/prof65/","女風に興味はあるけれど不安もある方へ。 Story東京本店は東京で、距離感と安心感を大切にしている女性用風俗です。 無理に選ばせず、自分のペースで体験できます。","","","","みこと 女風｜東京で初めてでも選ばれているStory東京本店","","https://www.story-tokyo.com/prof/prof65/","https://www.story-tokyo.com/prof/65/01.jpg?t=1787135101","","女風｜東京で初めてでも選ばれているStory東京本店","","","","","summary","","","","30","80"
"まもる 女風｜東京で初めてでも選ばれているStory東京本店","https://www.story-tokyo.com/prof/prof51/","女風に興味はあるけれど不安もある方へ。 Story東京本店は東京で、距離感と安心感を大切にしている女性用風俗です。 無理に選ばせず、自分のペースで体験できます。","","","","まもる 女風｜東京で初めてでも選ばれているStory東京本店","","https://www.story-tokyo.com/prof/prof51/","https://www.story-tokyo.com/prof/51/01.jpg?t=1787135103","","女風｜東京で初めてでも選ばれているStory東京本店","","","","","summary","","","","30","80"
"口コミ投稿 女風｜東京で初めてでも選ばれているStory東京本店","https://www.story-tokyo.com/reviewform/","女風に興味はあるけれど不安もある方へ。 Story東京本店は東京で、距離感と安心感を大切にしている女性用風俗です。 無理に選ばせず、自分のペースで体験できます。","","","","口コミ投稿 女風｜東京で初めてでも選ばれているStory東京本店","","https://www.story-tokyo.com/reviewform/","https://www.story-tokyo.com/twitter_card.jpg","","女風｜東京で初めてでも選ばれているStory東京本店","","","","","summary","","","","32","80"
"口コミ 女風｜東京で初めてでも選ばれているStory東京本店","https://www.story-tokyo.com/review/2/","女風に興味はあるけれど不安もある方へ。 Story東京本店は東京で、距離感と安心感を大切にしている女性用風俗です。 無理に選ばせず、自分のペースで体験できます。","","","","口コミ 女風｜東京で初めてでも選ばれているStory東京本店","","https://www.story-tokyo.com/review/2/","https://www.story-tokyo.com/twitter_card.jpg","","女風｜東京で初めてでも選ばれているStory東京本店","","","","","summary","","","","30","80"
"口コミ 女風｜東京で初めてでも選ばれているStory東京本店","https://www.story-tokyo.com/review/3/","女風に興味はあるけれど不安もある方へ。 Story東京本店は東京で、距離感と安心感を大切にしている女性用風俗です。 無理に選ばせず、自分のペースで体験できます。","","","","口コミ 女風｜東京で初めてでも選ばれているStory東京本店","","https://www.story-tokyo.com/review/3/","https://www.story-tokyo.com/twitter_card.jpg","","女風｜東京で初めてでも選ばれているStory東京本店","","","","","summary","","","","30","80"
"口コミ 女風｜東京で初めてでも選ばれているStory東京本店","https://www.story-tokyo.com/review/4/","女風に興味はあるけれど不安もある方へ。 Story東京本店は東京で、距離感と安心感を大切にしている女性用風俗です。 無理に選ばせず、自分のペースで体験できます。","","","","口コミ 女風｜東京で初めてでも選ばれているStory東京本店","","https://www.story-tokyo.com/review/4/","https://www.story-tokyo.com/twitter_card.jpg","","女風｜東京で初めてでも選ばれているStory東京本店","","","","","summary","","","","30","80"
"口コミ 女風｜東京で初めてでも選ばれているStory東京本店","https://www.story-tokyo.com/review/5/","女風に興味はあるけれど不安もある方へ。 Story東京本店は東京で、距離感と安心感を大切にしている女性用風俗です。 無理に選ばせず、自分のペースで体験できます。","","","","口コミ 女風｜東京で初めてでも選ばれているStory東京本店","","https://www.story-tokyo.com/review/5/","https://www.story-tokyo.com/twitter_card.jpg","","女風｜東京で初めてでも選ばれているStory東京本店","","","","","summary","","","","30","80"
"写メ日記 女風｜東京で初めてでも選ばれているStory東京本店","https://www.story-tokyo.com/diary/2/","女風に興味はあるけれど不安もある方へ。 Story東京本店は東京で、距離感と安心感を大切にしている女性用風俗です。 無理に選ばせず、自分のペースで体験できます。","","","","写メ日記 女風｜東京で初めてでも選ばれているStory東京本店","","https://www.story-tokyo.com/diary/2/","https://www.story-tokyo.com/twitter_card.jpg","","女風｜東京で初めてでも選ばれているStory東京本店","","","","","summary","","","","31","80"
"写メ日記 女風｜東京で初めてでも選ばれているStory東京本店","https://www.story-tokyo.com/diary/3/","女風に興味はあるけれど不安もある方へ。 Story東京本店は東京で、距離感と安心感を大切にしている女性用風俗です。 無理に選ばせず、自分のペースで体験できます。","","","","写メ日記 女風｜東京で初めてでも選ばれているStory東京本店","","https://www.story-tokyo.com/diary/3/","https://www.story-tokyo.com/twitter_card.jpg","","女風｜東京で初めてでも選ばれているStory東京本店","","","","","summary","","","","31","80"
"写メ日記 女風｜東京で初めてでも選ばれているStory東京本店","https://www.story-tokyo.com/diary/4/","女風に興味はあるけれど不安もある方へ。 Story東京本店は東京で、距離感と安心感を大切にしている女性用風俗です。 無理に選ばせず、自分のペースで体験できます。","","","","写メ日記 女風｜東京で初めてでも選ばれているStory東京本店","","https://www.story-tokyo.com/diary/4/","https://www.story-tokyo.com/twitter_card.jpg","","女風｜東京で初めてでも選ばれているStory東京本店","","","","","summary","","","","31","80"
"写メ日記 女風｜東京で初めてでも選ばれているStory東京本店","https://www.story-tokyo.com/diary/5/","女風に興味はあるけれど不安もある方へ。 Story東京本店は東京で、距離感と安心感を大切にしている女性用風俗です。 無理に選ばせず、自分のペースで体験できます。","","","","写メ日記 女風｜東京で初めてでも選ばれているStory東京本店","","https://www.story-tokyo.com/diary/5/","https://www.story-tokyo.com/twitter_card.jpg","","女風｜東京で初めてでも選ばれているStory東京本店","","","","","summary","","","","31","80"
"写メ日記 女風｜東京で初めてでも選ばれているStory東京本店","https://www.story-tokyo.com/diary/prof15/","女風に興味はあるけれど不安もある方へ。 Story東京本店は東京で、距離感と安心感を大切にしている女性用風俗です。 無理に選ばせず、自分のペースで体験できます。","","","","写メ日記 女風｜東京で初めてでも選ばれているStory東京本店","","https://www.story-tokyo.com/diary/prof15/","https://www.story-tokyo.com/twitter_card.jpg","","女風｜東京で初めてでも選ばれているStory東京本店","","","","","summary","","","","31","80"
"写メ日記 女風｜東京で初めてでも選ばれているStory東京本店","https://www.story-tokyo.com/diary/prof66/","女風に興味はあるけれど不安もある方へ。 Story東京本店は東京で、距離感と安心感を大切にしている女性用風俗です。 無理に選ばせず、自分のペースで体験できます。","","","","写メ日記 女風｜東京で初めてでも選ばれているStory東京本店","","https://www.story-tokyo.com/diary/prof66/","https://www.story-tokyo.com/twitter_card.jpg","","女風｜東京で初めてでも選ばれているStory東京本店","","","","","summary","","","","31","80"
"写メ日記 女風｜東京で初めてでも選ばれているStory東京本店","https://www.story-tokyo.com/diary/prof2/","女風に興味はあるけれど不安もある方へ。 Story東京本店は東京で、距離感と安心感を大切にしている女性用風俗です。 無理に選ばせず、自分のペースで体験できます。","","","","写メ日記 女風｜東京で初めてでも選ばれているStory東京本店","","https://www.story-tokyo.com/diary/prof2/","https://www.story-tokyo.com/twitter_card.jpg","","女風｜東京で初めてでも選ばれているStory東京本店","","","","","summary","","","","31","80"
"写メ日記 女風｜東京で初めてでも選ばれているStory東京本店","https://www.story-tokyo.com/diary/prof64/","女風に興味はあるけれど不安もある方へ。 Story東京本店は東京で、距離感と安心感を大切にしている女性用風俗です。 無理に選ばせず、自分のペースで体験できます。","","","","写メ日記 女風｜東京で初めてでも選ばれているStory東京本店","","https://www.story-tokyo.com/diary/prof64/","https://www.story-tokyo.com/twitter_card.jpg","","女風｜東京で初めてでも選ばれているStory東京本店","","","","","summary","","","","31","80"
"写メ日記 女風｜東京で初めてでも選ばれているStory東京本店","https://www.story-tokyo.com/diary/prof61/","女風に興味はあるけれど不安もある方へ。 Story東京本店は東京で、距離感と安心感を大切にしている女性用風俗です。 無理に選ばせず、自分のペースで体験できます。","","","","写メ日記 女風｜東京で初めてでも選ばれているStory東京本店","","https://www.story-tokyo.com/diary/prof61/","https://www.story-tokyo.com/twitter_card.jpg","","女風｜東京で初めてでも選ばれているStory東京本店","","","","","summary","","","","31","80"
"写メ日記 女風｜東京で初めてでも選ばれているStory東京本店","https://www.story-tokyo.com/diary/prof63/","女風に興味はあるけれど不安もある方へ。 Story東京本店は東京で、距離感と安心感を大切にしている女性用風俗です。 無理に選ばせず、自分のペースで体験できます。","","","","写メ日記 女風｜東京で初めてでも選ばれているStory東京本店","","https://www.story-tokyo.com/diary/prof63/","https://www.story-tokyo.com/twitter_card.jpg","","女風｜東京で初めてでも選ばれているStory東京本店","","","","","summary","","","","31","80"
"写メ日記 女風｜東京で初めてでも選ばれているStory東京本店","https://www.story-tokyo.com/diary/prof56/","女風に興味はあるけれど不安もある方へ。 Story東京本店は東京で、距離感と安心感を大切にしている女性用風俗です。 無理に選ばせず、自分のペースで体験できます。","","","","写メ日記 女風｜東京で初めてでも選ばれているStory東京本店","","https://www.story-tokyo.com/diary/prof56/","https://www.story-tokyo.com/twitter_card.jpg","","女風｜東京で初めてでも選ばれているStory東京本店","","","","","summary","","","","31","80"
"写メ日記 女風｜東京で初めてでも選ばれているStory東京本店","https://www.story-tokyo.com/diary/prof59/","女風に興味はあるけれど不安もある方へ。 Story東京本店は東京で、距離感と安心感を大切にしている女性用風俗です。 無理に選ばせず、自分のペースで体験できます。","","","","写メ日記 女風｜東京で初めてでも選ばれているStory東京本店","","https://www.story-tokyo.com/diary/prof59/","https://www.story-tokyo.com/twitter_card.jpg","","女風｜東京で初めてでも選ばれているStory東京本店","","","","","summary","","","","31","80"
"写メ日記 女風｜東京で初めてでも選ばれているStory東京本店","https://www.story-tokyo.com/diary/prof60/","女風に興味はあるけれど不安もある方へ。 Story東京本店は東京で、距離感と安心感を大切にしている女性用風俗です。 無理に選ばせず、自分のペースで体験できます。","","","","写メ日記 女風｜東京で初めてでも選ばれているStory東京本店","","https://www.story-tokyo.com/diary/prof60/","https://www.story-tokyo.com/twitter_card.jpg","","女風｜東京で初めてでも選ばれているStory東京本店","","","","","summary","","","","31","80"
"写メ日記 女風｜東京で初めてでも選ばれているStory東京本店","https://www.story-tokyo.com/diary/prof54/","女風に興味はあるけれど不安もある方へ。 Story東京本店は東京で、距離感と安心感を大切にしている女性用風俗です。 無理に選ばせず、自分のペースで体験できます。","","","","写メ日記 女風｜東京で初めてでも選ばれているStory東京本店","","https://www.story-tokyo.com/diary/prof54/","https://www.story-tokyo.com/twitter_card.jpg","","女風｜東京で初めてでも選ばれているStory東京本店","","","","","summary","","","","31","80"
"写メ日記 女風｜東京で初めてでも選ばれているStory東京本店","https://www.story-tokyo.com/diary/prof58/","女風に興味はあるけれど不安もある方へ。 Story東京本店は東京で、距離感と安心感を大切にしている女性用風俗です。 無理に選ばせず、自分のペースで体験できます。","","","","写メ日記 女風｜東京で初めてでも選ばれているStory東京本店","","https://www.story-tokyo.com/diary/prof58/","https://www.story-tokyo.com/twitter_card.jpg","","女風｜東京で初めてでも選ばれているStory東京本店","","","","","summary","","","","31","80"
"写メ日記 女風｜東京で初めてでも選ばれているStory東京本店","https://www.story-tokyo.com/diary/prof57/","女風に興味はあるけれど不安もある方へ。 Story東京本店は東京で、距離感と安心感を大切にしている女性用風俗です。 無理に選ばせず、自分のペースで体験できます。","","","","写メ日記 女風｜東京で初めてでも選ばれているStory東京本店","","https://www.story-tokyo.com/diary/prof57/","https://www.story-tokyo.com/twitter_card.jpg","","女風｜東京で初めてでも選ばれているStory東京本店","","","","","summary","","","","31","80"
"写メ日記 女風｜東京で初めてでも選ばれているStory東京本店","https://www.story-tokyo.com/diary/prof55/","女風に興味はあるけれど不安もある方へ。 Story東京本店は東京で、距離感と安心感を大切にしている女性用風俗です。 無理に選ばせず、自分のペースで体験できます。","","","","写メ日記 女風｜東京で初めてでも選ばれているStory東京本店","","https://www.story-tokyo.com/diary/prof55/","https://www.story-tokyo.com/twitter_card.jpg","","女風｜東京で初めてでも選ばれているStory東京本店","","","","","summary","","","","31","80"
"写メ日記 女風｜東京で初めてでも選ばれているStory東京本店","https://www.story-tokyo.com/diary/prof51/","女風に興味はあるけれど不安もある方へ。 Story東京本店は東京で、距離感と安心感を大切にしている女性用風俗です。 無理に選ばせず、自分のペースで体験できます。","","","","写メ日記 女風｜東京で初めてでも選ばれているStory東京本店","","https://www.story-tokyo.com/diary/prof51/","https://www.story-tokyo.com/twitter_card.jpg","","女風｜東京で初めてでも選ばれているStory東京本店","","","","","summary","","","","31","80"
"写メ日記 女風｜東京で初めてでも選ばれているStory東京本店","https://www.story-tokyo.com/diary/prof53/","女風に興味はあるけれど不安もある方へ。 Story東京本店は東京で、距離感と安心感を大切にしている女性用風俗です。 無理に選ばせず、自分のペースで体験できます。","","","","写メ日記 女風｜東京で初めてでも選ばれているStory東京本店","","https://www.story-tokyo.com/diary/prof53/","https://www.story-tokyo.com/twitter_card.jpg","","女風｜東京で初めてでも選ばれているStory東京本店","","","","","summary","","","","31","80"
"写メ日記 女風｜東京で初めてでも選ばれているStory東京本店","https://www.story-tokyo.com/diary/prof50/","女風に興味はあるけれど不安もある方へ。 Story東京本店は東京で、距離感と安心感を大切にしている女性用風俗です。 無理に選ばせず、自分のペースで体験できます。","","","","写メ日記 女風｜東京で初めてでも選ばれているStory東京本店","","https://www.story-tokyo.com/diary/prof50/","https://www.story-tokyo.com/twitter_card.jpg","","女風｜東京で初めてでも選ばれているStory東京本店","","","","","summary","","","","31","80"
"写メ日記 女風｜東京で初めてでも選ばれているStory東京本店","https://www.story-tokyo.com/diary/prof45/","女風に興味はあるけれど不安もある方へ。 Story東京本店は東京で、距離感と安心感を大切にしている女性用風俗です。 無理に選ばせず、自分のペースで体験できます。","","","","写メ日記 女風｜東京で初めてでも選ばれているStory東京本店","","https://www.story-tokyo.com/diary/prof45/","https://www.story-tokyo.com/twitter_card.jpg","","女風｜東京で初めてでも選ばれているStory東京本店","","","","","summary","","","","31","80"
"写メ日記 女風｜東京で初めてでも選ばれているStory東京本店","https://www.story-tokyo.com/diary/prof48/","女風に興味はあるけれど不安もある方へ。 Story東京本店は東京で、距離感と安心感を大切にしている女性用風俗です。 無理に選ばせず、自分のペースで体験できます。","","","","写メ日記 女風｜東京で初めてでも選ばれているStory東京本店","","https://www.story-tokyo.com/diary/prof48/","https://www.story-tokyo.com/twitter_card.jpg","","女風｜東京で初めてでも選ばれているStory東京本店","","","","","summary","","","","31","80"
"写メ日記 女風｜東京で初めてでも選ばれているStory東京本店","https://www.story-tokyo.com/diary/prof42/","女風に興味はあるけれど不安もある方へ。 Story東京本店は東京で、距離感と安心感を大切にしている女性用風俗です。 無理に選ばせず、自分のペースで体験できます。","","","","写メ日記 女風｜東京で初めてでも選ばれているStory東京本店","","https://www.story-tokyo.com/diary/prof42/","https://www.story-tokyo.com/twitter_card.jpg","","女風｜東京で初めてでも選ばれているStory東京本店","","","","","summary","","","","31","80"
"写メ日記 女風｜東京で初めてでも選ばれているStory東京本店","https://www.story-tokyo.com/diary/prof39/","女風に興味はあるけれど不安もある方へ。 Story東京本店は東京で、距離感と安心感を大切にしている女性用風俗です。 無理に選ばせず、自分のペースで体験できます。","","","","写メ日記 女風｜東京で初めてでも選ばれているStory東京本店","","https://www.story-tokyo.com/diary/prof39/","https://www.story-tokyo.com/twitter_card.jpg","","女風｜東京で初めてでも選ばれているStory東京本店","","","","","summary","","","","31","80"
"写メ日記 女風｜東京で初めてでも選ばれているStory東京本店","https://www.story-tokyo.com/diary/prof38/","女風に興味はあるけれど不安もある方へ。 Story東京本店は東京で、距離感と安心感を大切にしている女性用風俗です。 無理に選ばせず、自分のペースで体験できます。","","","","写メ日記 女風｜東京で初めてでも選ばれているStory東京本店","","https://www.story-tokyo.com/diary/prof38/","https://www.story-tokyo.com/twitter_card.jpg","","女風｜東京で初めてでも選ばれているStory東京本店","","","","","summary","","","","31","80"
"写メ日記 女風｜東京で初めてでも選ばれているStory東京本店","https://www.story-tokyo.com/diary/prof40/","女風に興味はあるけれど不安もある方へ。 Story東京本店は東京で、距離感と安心感を大切にしている女性用風俗です。 無理に選ばせず、自分のペースで体験できます。","","","","写メ日記 女風｜東京で初めてでも選ばれているStory東京本店","","https://www.story-tokyo.com/diary/prof40/","https://www.story-tokyo.com/twitter_card.jpg","","女風｜東京で初めてでも選ばれているStory東京本店","","","","","summary","","","","31","80"
"写メ日記 女風｜東京で初めてでも選ばれているStory東京本店","https://www.story-tokyo.com/diary/prof35/","女風に興味はあるけれど不安もある方へ。 Story東京本店は東京で、距離感と安心感を大切にしている女性用風俗です。 無理に選ばせず、自分のペースで体験できます。","","","","写メ日記 女風｜東京で初めてでも選ばれているStory東京本店","","https://www.story-tokyo.com/diary/prof35/","https://www.story-tokyo.com/twitter_card.jpg","","女風｜東京で初めてでも選ばれているStory東京本店","","","","","summary","","","","31","80"
"写メ日記 女風｜東京で初めてでも選ばれているStory東京本店","https://www.story-tokyo.com/diary/prof32/","女風に興味はあるけれど不安もある方へ。 Story東京本店は東京で、距離感と安心感を大切にしている女性用風俗です。 無理に選ばせず、自分のペースで体験できます。","","","","写メ日記 女風｜東京で初めてでも選ばれているStory東京本店","","https://www.story-tokyo.com/diary/prof32/","https://www.story-tokyo.com/twitter_card.jpg","","女風｜東京で初めてでも選ばれているStory東京本店","","","","","summary","","","","31","80"
"写メ日記 女風｜東京で初めてでも選ばれているStory東京本店","https://www.story-tokyo.com/diary/prof25/","女風に興味はあるけれど不安もある方へ。 Story東京本店は東京で、距離感と安心感を大切にしている女性用風俗です。 無理に選ばせず、自分のペースで体験できます。","","","","写メ日記 女風｜東京で初めてでも選ばれているStory東京本店","","https://www.story-tokyo.com/diary/prof25/","https://www.story-tokyo.com/twitter_card.jpg","","女風｜東京で初めてでも選ばれているStory東京本店","","","","","summary","","","","31","80"
"写メ日記 女風｜東京で初めてでも選ばれているStory東京本店","https://www.story-tokyo.com/diary/prof30/","女風に興味はあるけれど不安もある方へ。 Story東京本店は東京で、距離感と安心感を大切にしている女性用風俗です。 無理に選ばせず、自分のペースで体験できます。","","","","写メ日記 女風｜東京で初めてでも選ばれているStory東京本店","","https://www.story-tokyo.com/diary/prof30/","https://www.story-tokyo.com/twitter_card.jpg","","女風｜東京で初めてでも選ばれているStory東京本店","","","","","summary","","","","31","80"
"写メ日記 女風｜東京で初めてでも選ばれているStory東京本店","https://www.story-tokyo.com/diary/prof24/","女風に興味はあるけれど不安もある方へ。 Story東京本店は東京で、距離感と安心感を大切にしている女性用風俗です。 無理に選ばせず、自分のペースで体験できます。","","","","写メ日記 女風｜東京で初めてでも選ばれているStory東京本店","","https://www.story-tokyo.com/diary/prof24/","https://www.story-tokyo.com/twitter_card.jpg","","女風｜東京で初めてでも選ばれているStory東京本店","","","","","summary","","","","31","80"
"写メ日記 女風｜東京で初めてでも選ばれているStory東京本店","https://www.story-tokyo.com/diary/prof19/","女風に興味はあるけれど不安もある方へ。 Story東京本店は東京で、距離感と安心感を大切にしている女性用風俗です。 無理に選ばせず、自分のペースで体験できます。","","","","写メ日記 女風｜東京で初めてでも選ばれているStory東京本店","","https://www.story-tokyo.com/diary/prof19/","https://www.story-tokyo.com/twitter_card.jpg","","女風｜東京で初めてでも選ばれているStory東京本店","","","","","summary","","","","31","80"
"写メ日記 女風｜東京で初めてでも選ばれているStory東京本店","https://www.story-tokyo.com/diary/prof27/","女風に興味はあるけれど不安もある方へ。 Story東京本店は東京で、距離感と安心感を大切にしている女性用風俗です。 無理に選ばせず、自分のペースで体験できます。","","","","写メ日記 女風｜東京で初めてでも選ばれているStory東京本店","","https://www.story-tokyo.com/diary/prof27/","https://www.story-tokyo.com/twitter_card.jpg","","女風｜東京で初めてでも選ばれているStory東京本店","","","","","summary","","","","31","80"
"写メ日記 女風｜東京で初めてでも選ばれているStory東京本店","https://www.story-tokyo.com/diary/prof1/","女風に興味はあるけれど不安もある方へ。 Story東京本店は東京で、距離感と安心感を大切にしている女性用風俗です。 無理に選ばせず、自分のペースで体験できます。","","","","写メ日記 女風｜東京で初めてでも選ばれているStory東京本店","","https://www.story-tokyo.com/diary/prof1/","https://www.story-tokyo.com/twitter_card.jpg","","女風｜東京で初めてでも選ばれているStory東京本店","","","","","summary","","","","31","80"
"写メ日記 女風｜東京で初めてでも選ばれているStory東京本店","https://www.story-tokyo.com/diary/prof13/","女風に興味はあるけれど不安もある方へ。 Story東京本店は東京で、距離感と安心感を大切にしている女性用風俗です。 無理に選ばせず、自分のペースで体験できます。","","","","写メ日記 女風｜東京で初めてでも選ばれているStory東京本店","","https://www.story-tokyo.com/diary/prof13/","https://www.story-tokyo.com/twitter_card.jpg","","女風｜東京で初めてでも選ばれているStory東京本店","","","","","summary","","","","31","80"
"写メ日記 女風｜東京で初めてでも選ばれているStory東京本店","https://www.story-tokyo.com/diary/prof17/","女風に興味はあるけれど不安もある方へ。 Story東京本店は東京で、距離感と安心感を大切にしている女性用風俗です。 無理に選ばせず、自分のペースで体験できます。","","","","写メ日記 女風｜東京で初めてでも選ばれているStory東京本店","","https://www.story-tokyo.com/diary/prof17/","https://www.story-tokyo.com/twitter_card.jpg","","女風｜東京で初めてでも選ばれているStory東京本店","","","","","summary","","","","31","80"
"写メ日記 女風｜東京で初めてでも選ばれているStory東京本店","https://www.story-tokyo.com/diary/prof14/","女風に興味はあるけれど不安もある方へ。 Story東京本店は東京で、距離感と安心感を大切にしている女性用風俗です。 無理に選ばせず、自分のペースで体験できます。","","","","写メ日記 女風｜東京で初めてでも選ばれているStory東京本店","","https://www.story-tokyo.com/diary/prof14/","https://www.story-tokyo.com/twitter_card.jpg","","女風｜東京で初めてでも選ばれているStory東京本店","","","","","summary","","","","31","80"
"写メ日記 女風｜東京で初めてでも選ばれているStory東京本店","https://www.story-tokyo.com/diary/prof7/","女風に興味はあるけれど不安もある方へ。 Story東京本店は東京で、距離感と安心感を大切にしている女性用風俗です。 無理に選ばせず、自分のペースで体験できます。","","","","写メ日記 女風｜東京で初めてでも選ばれているStory東京本店","","https://www.story-tokyo.com/diary/prof7/","https://www.story-tokyo.com/twitter_card.jpg","","女風｜東京で初めてでも選ばれているStory東京本店","","","","","summary","","","","31","80"
"写メ日記 女風｜東京で初めてでも選ばれているStory東京本店","https://www.story-tokyo.com/diary/prof26/","女風に興味はあるけれど不安もある方へ。 Story東京本店は東京で、距離感と安心感を大切にしている女性用風俗です。 無理に選ばせず、自分のペースで体験できます。","","","","写メ日記 女風｜東京で初めてでも選ばれているStory東京本店","","https://www.story-tokyo.com/diary/prof26/","https://www.story-tokyo.com/twitter_card.jpg","","女風｜東京で初めてでも選ばれているStory東京本店","","","","","summary","","","","31","80"
"写メ日記 女風｜東京で初めてでも選ばれているStory東京本店","https://www.story-tokyo.com/diary/prof36/","女風に興味はあるけれど不安もある方へ。 Story東京本店は東京で、距離感と安心感を大切にしている女性用風俗です。 無理に選ばせず、自分のペースで体験できます。","","","","写メ日記 女風｜東京で初めてでも選ばれているStory東京本店","","https://www.story-tokyo.com/diary/prof36/","https://www.story-tokyo.com/twitter_card.jpg","","女風｜東京で初めてでも選ばれているStory東京本店","","","","","summary","","","","31","80"
"写メ日記 女風｜東京で初めてでも選ばれているStory東京本店","https://www.story-tokyo.com/diary/prof34/","女風に興味はあるけれど不安もある方へ。 Story東京本店は東京で、距離感と安心感を大切にしている女性用風俗です。 無理に選ばせず、自分のペースで体験できます。","","","","写メ日記 女風｜東京で初めてでも選ばれているStory東京本店","","https://www.story-tokyo.com/diary/prof34/","https://www.story-tokyo.com/twitter_card.jpg","","女風｜東京で初めてでも選ばれているStory東京本店","","","","","summary","","","","31","80"
"写メ日記 女風｜東京で初めてでも選ばれているStory東京本店","https://www.story-tokyo.com/diary/prof21/","女風に興味はあるけれど不安もある方へ。 Story東京本店は東京で、距離感と安心感を大切にしている女性用風俗です。 無理に選ばせず、自分のペースで体験できます。","","","","写メ日記 女風｜東京で初めてでも選ばれているStory東京本店","","https://www.story-tokyo.com/diary/prof21/","https://www.story-tokyo.com/twitter_card.jpg","","女風｜東京で初めてでも選ばれているStory東京本店","","","","","summary","","","","31","80"
"写メ日記 女風｜東京で初めてでも選ばれているStory東京本店","https://www.story-tokyo.com/diary/prof37/","女風に興味はあるけれど不安もある方へ。 Story東京本店は東京で、距離感と安心感を大切にしている女性用風俗です。 無理に選ばせず、自分のペースで体験できます。","","","","写メ日記 女風｜東京で初めてでも選ばれているStory東京本店","","https://www.story-tokyo.com/diary/prof37/","https://www.story-tokyo.com/twitter_card.jpg","","女風｜東京で初めてでも選ばれているStory東京本店","","","","","summary","","","","31","80"
"写メ日記 女風｜東京で初めてでも選ばれているStory東京本店","https://www.story-tokyo.com/diary/prof44/","女風に興味はあるけれど不安もある方へ。 Story東京本店は東京で、距離感と安心感を大切にしている女性用風俗です。 無理に選ばせず、自分のペースで体験できます。","","","","写メ日記 女風｜東京で初めてでも選ばれているStory東京本店","","https://www.story-tokyo.com/diary/prof44/","https://www.story-tokyo.com/twitter_card.jpg","","女風｜東京で初めてでも選ばれているStory東京本店","","","","","summary","","","","31","80"
"トピックス 女風｜東京で初めてでも選ばれているStory東京本店","https://www.story-tokyo.com/news/2/","女風に興味はあるけれど不安もある方へ。 Story東京本店は東京で、距離感と安心感を大切にしている女性用風俗です。 無理に選ばせず、自分のペースで体験できます。","","","","トピックス 女風｜東京で初めてでも選ばれているStory東京本店","","https://www.story-tokyo.com/news/2/","https://www.story-tokyo.com/twitter_card.jpg","","女風｜東京で初めてでも選ばれているStory東京本店","","","","","summary","","","","32","80"
"トピックス 女風｜東京で初めてでも選ばれているStory東京本店","https://www.story-tokyo.com/news/3/","女風に興味はあるけれど不安もある方へ。 Story東京本店は東京で、距離感と安心感を大切にしている女性用風俗です。 無理に選ばせず、自分のペースで体験できます。","","","","トピックス 女風｜東京で初めてでも選ばれているStory東京本店","","https://www.story-tokyo.com/news/3/","https://www.story-tokyo.com/twitter_card.jpg","","女風｜東京で初めてでも選ばれているStory東京本店","","","","","summary","","","","32","80"
"ログイン・会員登録 女風｜東京で初めてでも選ばれているStory東京本店","https://www.story-tokyo.com/mr/","女風に興味はあるけれど不安もある方へ。 Story東京本店は東京で、距離感と安心感を大切にしている女性用風俗です。 無理に選ばせず、自分のペースで体験できます。","","","","","","","","","","","","","","","","","","36","80"
"口コミ 女風｜東京で初めてでも選ばれているStory東京本店","https://www.story-tokyo.com/review/1/","女風に興味はあるけれど不安もある方へ。 Story東京本店は東京で、距離感と安心感を大切にしている女性用風俗です。 無理に選ばせず、自分のペースで体験できます。","","","","口コミ 女風｜東京で初めてでも選ばれているStory東京本店","","https://www.story-tokyo.com/review/1/","https://www.story-tokyo.com/twitter_card.jpg","","女風｜東京で初めてでも選ばれているStory東京本店","","","","","summary","","","","30","80"
"口コミ 女風｜東京で初めてでも選ばれているStory東京本店","https://www.story-tokyo.com/review/6/","女風に興味はあるけれど不安もある方へ。 Story東京本店は東京で、距離感と安心感を大切にしている女性用風俗です。 無理に選ばせず、自分のペースで体験できます。","","","","口コミ 女風｜東京で初めてでも選ばれているStory東京本店","","https://www.story-tokyo.com/review/6/","https://www.story-tokyo.com/twitter_card.jpg","","女風｜東京で初めてでも選ばれているStory東京本店","","","","","summary","","","","30","80"
"口コミ 女風｜東京で初めてでも選ばれているStory東京本店","https://www.story-tokyo.com/review/7/","女風に興味はあるけれど不安もある方へ。 Story東京本店は東京で、距離感と安心感を大切にしている女性用風俗です。 無理に選ばせず、自分のペースで体験できます。","","","","口コミ 女風｜東京で初めてでも選ばれているStory東京本店","","https://www.story-tokyo.com/review/7/","https://www.story-tokyo.com/twitter_card.jpg","","女風｜東京で初めてでも選ばれているStory東京本店","","","","","summary","","","","30","80"
"写メ日記 女風｜東京で初めてでも選ばれているStory東京本店","https://www.story-tokyo.com/diary/1/","女風に興味はあるけれど不安もある方へ。 Story東京本店は東京で、距離感と安心感を大切にしている女性用風俗です。 無理に選ばせず、自分のペースで体験できます。","","","","写メ日記 女風｜東京で初めてでも選ばれているStory東京本店","","https://www.story-tokyo.com/diary/1/","https://www.story-tokyo.com/twitter_card.jpg","","女風｜東京で初めてでも選ばれているStory東京本店","","","","","summary","","","","31","80"
"写メ日記 女風｜東京で初めてでも選ばれているStory東京本店","https://www.story-tokyo.com/diary/6/","女風に興味はあるけれど不安もある方へ。 Story東京本店は東京で、距離感と安心感を大切にしている女性用風俗です。 無理に選ばせず、自分のペースで体験できます。","","","","写メ日記 女風｜東京で初めてでも選ばれているStory東京本店","","https://www.story-tokyo.com/diary/6/","https://www.story-tokyo.com/twitter_card.jpg","","女風｜東京で初めてでも選ばれているStory東京本店","","","","","summary","","","","31","80"
"写メ日記 女風｜東京で初めてでも選ばれているStory東京本店","https://www.story-tokyo.com/diary/7/","女風に興味はあるけれど不安もある方へ。 Story東京本店は東京で、距離感と安心感を大切にしている女性用風俗です。 無理に選ばせず、自分のペースで体験できます。","","","","写メ日記 女風｜東京で初めてでも選ばれているStory東京本店","","https://www.story-tokyo.com/diary/7/","https://www.story-tokyo.com/twitter_card.jpg","","女風｜東京で初めてでも選ばれているStory東京本店","","","","","summary","","","","31","80"
"写メ日記 女風｜東京で初めてでも選ばれているStory東京本店","https://www.story-tokyo.com/diary/prof15/2/","女風に興味はあるけれど不安もある方へ。 Story東京本店は東京で、距離感と安心感を大切にしている女性用風俗です。 無理に選ばせず、自分のペースで体験できます。","","","","写メ日記 女風｜東京で初めてでも選ばれているStory東京本店","","https://www.story-tokyo.com/diary/prof15/2/","https://www.story-tokyo.com/twitter_card.jpg","","女風｜東京で初めてでも選ばれているStory東京本店","","","","","summary","","","","31","80"
"写メ日記 女風｜東京で初めてでも選ばれているStory東京本店","https://www.story-tokyo.com/diary/prof15/3/","女風に興味はあるけれど不安もある方へ。 Story東京本店は東京で、距離感と安心感を大切にしている女性用風俗です。 無理に選ばせず、自分のペースで体験できます。","","","","写メ日記 女風｜東京で初めてでも選ばれているStory東京本店","","https://www.story-tokyo.com/diary/prof15/3/","https://www.story-tokyo.com/twitter_card.jpg","","女風｜東京で初めてでも選ばれているStory東京本店","","","","","summary","","","","31","80"
"写メ日記 女風｜東京で初めてでも選ばれているStory東京本店","https://www.story-tokyo.com/diary/prof61/2/","女風に興味はあるけれど不安もある方へ。 Story東京本店は東京で、距離感と安心感を大切にしている女性用風俗です。 無理に選ばせず、自分のペースで体験できます。","","","","写メ日記 女風｜東京で初めてでも選ばれているStory東京本店","","https://www.story-tokyo.com/diary/prof61/2/","https://www.story-tokyo.com/twitter_card.jpg","","女風｜東京で初めてでも選ばれているStory東京本店","","","","","summary","","","","31","80"
"写メ日記 女風｜東京で初めてでも選ばれているStory東京本店","https://www.story-tokyo.com/diary/prof56/2/","女風に興味はあるけれど不安もある方へ。 Story東京本店は東京で、距離感と安心感を大切にしている女性用風俗です。 無理に選ばせず、自分のペースで体験できます。","","","","写メ日記 女風｜東京で初めてでも選ばれているStory東京本店","","https://www.story-tokyo.com/diary/prof56/2/","https://www.story-tokyo.com/twitter_card.jpg","","女風｜東京で初めてでも選ばれているStory東京本店","","","","","summary","","","","31","80"
"写メ日記 女風｜東京で初めてでも選ばれているStory東京本店","https://www.story-tokyo.com/diary/prof56/3/","女風に興味はあるけれど不安もある方へ。 Story東京本店は東京で、距離感と安心感を大切にしている女性用風俗です。 無理に選ばせず、自分のペースで体験できます。","","","","写メ日記 女風｜東京で初めてでも選ばれているStory東京本店","","https://www.story-tokyo.com/diary/prof56/3/","https://www.story-tokyo.com/twitter_card.jpg","","女風｜東京で初めてでも選ばれているStory東京本店","","","","","summary","","","","31","80"
"写メ日記 女風｜東京で初めてでも選ばれているStory東京本店","https://www.story-tokyo.com/diary/prof59/2/","女風に興味はあるけれど不安もある方へ。 Story東京本店は東京で、距離感と安心感を大切にしている女性用風俗です。 無理に選ばせず、自分のペースで体験できます。","","","","写メ日記 女風｜東京で初めてでも選ばれているStory東京本店","","https://www.story-tokyo.com/diary/prof59/2/","https://www.story-tokyo.com/twitter_card.jpg","","女風｜東京で初めてでも選ばれているStory東京本店","","","","","summary","","","","31","80"
"写メ日記 女風｜東京で初めてでも選ばれているStory東京本店","https://www.story-tokyo.com/diary/prof54/2/","女風に興味はあるけれど不安もある方へ。 Story東京本店は東京で、距離感と安心感を大切にしている女性用風俗です。 無理に選ばせず、自分のペースで体験できます。","","","","写メ日記 女風｜東京で初めてでも選ばれているStory東京本店","","https://www.story-tokyo.com/diary/prof54/2/","https://www.story-tokyo.com/twitter_card.jpg","","女風｜東京で初めてでも選ばれているStory東京本店","","","","","summary","","","","31","80"
"写メ日記 女風｜東京で初めてでも選ばれているStory東京本店","https://www.story-tokyo.com/diary/prof57/2/","女風に興味はあるけれど不安もある方へ。 Story東京本店は東京で、距離感と安心感を大切にしている女性用風俗です。 無理に選ばせず、自分のペースで体験できます。","","","","写メ日記 女風｜東京で初めてでも選ばれているStory東京本店","","https://www.story-tokyo.com/diary/prof57/2/","https://www.story-tokyo.com/twitter_card.jpg","","女風｜東京で初めてでも選ばれているStory東京本店","","","","","summary","","","","31","80"
"写メ日記 女風｜東京で初めてでも選ばれているStory東京本店","https://www.story-tokyo.com/diary/prof53/3/","女風に興味はあるけれど不安もある方へ。 Story東京本店は東京で、距離感と安心感を大切にしている女性用風俗です。 無理に選ばせず、自分のペースで体験できます。","","","","写メ日記 女風｜東京で初めてでも選ばれているStory東京本店","","https://www.story-tokyo.com/diary/prof53/3/","https://www.story-tokyo.com/twitter_card.jpg","","女風｜東京で初めてでも選ばれているStory東京本店","","","","","summary","","","","31","80"
"写メ日記 女風｜東京で初めてでも選ばれているStory東京本店","https://www.story-tokyo.com/diary/prof53/2/","女風に興味はあるけれど不安もある方へ。 Story東京本店は東京で、距離感と安心感を大切にしている女性用風俗です。 無理に選ばせず、自分のペースで体験できます。","","","","写メ日記 女風｜東京で初めてでも選ばれているStory東京本店","","https://www.story-tokyo.com/diary/prof53/2/","https://www.story-tokyo.com/twitter_card.jpg","","女風｜東京で初めてでも選ばれているStory東京本店","","","","","summary","","","","31","80"
"写メ日記 女風｜東京で初めてでも選ばれているStory東京本店","https://www.story-tokyo.com/diary/prof50/2/","女風に興味はあるけれど不安もある方へ。 Story東京本店は東京で、距離感と安心感を大切にしている女性用風俗です。 無理に選ばせず、自分のペースで体験できます。","","","","写メ日記 女風｜東京で初めてでも選ばれているStory東京本店","","https://www.story-tokyo.com/diary/prof50/2/","https://www.story-tokyo.com/twitter_card.jpg","","女風｜東京で初めてでも選ばれているStory東京本店","","","","","summary","","","","31","80"
"写メ日記 女風｜東京で初めてでも選ばれているStory東京本店","https://www.story-tokyo.com/diary/prof50/4/","女風に興味はあるけれど不安もある方へ。 Story東京本店は東京で、距離感と安心感を大切にしている女性用風俗です。 無理に選ばせず、自分のペースで体験できます。","","","","写メ日記 女風｜東京で初めてでも選ばれているStory東京本店","","https://www.story-tokyo.com/diary/prof50/4/","https://www.story-tokyo.com/twitter_card.jpg","","女風｜東京で初めてでも選ばれているStory東京本店","","","","","summary","","","","31","80"
"写メ日記 女風｜東京で初めてでも選ばれているStory東京本店","https://www.story-tokyo.com/diary/prof50/3/","女風に興味はあるけれど不安もある方へ。 Story東京本店は東京で、距離感と安心感を大切にしている女性用風俗です。 無理に選ばせず、自分のペースで体験できます。","","","","写メ日記 女風｜東京で初めてでも選ばれているStory東京本店","","https://www.story-tokyo.com/diary/prof50/3/","https://www.story-tokyo.com/twitter_card.jpg","","女風｜東京で初めてでも選ばれているStory東京本店","","","","","summary","","","","31","80"
"写メ日記 女風｜東京で初めてでも選ばれているStory東京本店","https://www.story-tokyo.com/diary/prof45/2/","女風に興味はあるけれど不安もある方へ。 Story東京本店は東京で、距離感と安心感を大切にしている女性用風俗です。 無理に選ばせず、自分のペースで体験できます。","","","","写メ日記 女風｜東京で初めてでも選ばれているStory東京本店","","https://www.story-tokyo.com/diary/prof45/2/","https://www.story-tokyo.com/twitter_card.jpg","","女風｜東京で初めてでも選ばれているStory東京本店","","","","","summary","","","","31","80"
"写メ日記 女風｜東京で初めてでも選ばれているStory東京本店","https://www.story-tokyo.com/diary/prof45/4/","女風に興味はあるけれど不安もある方へ。 Story東京本店は東京で、距離感と安心感を大切にしている女性用風俗です。 無理に選ばせず、自分のペースで体験できます。","","","","写メ日記 女風｜東京で初めてでも選ばれているStory東京本店","","https://www.story-tokyo.com/diary/prof45/4/","https://www.story-tokyo.com/twitter_card.jpg","","女風｜東京で初めてでも選ばれているStory東京本店","","","","","summary","","","","31","80"
"写メ日記 女風｜東京で初めてでも選ばれているStory東京本店","https://www.story-tokyo.com/diary/prof45/3/","女風に興味はあるけれど不安もある方へ。 Story東京本店は東京で、距離感と安心感を大切にしている女性用風俗です。 無理に選ばせず、自分のペースで体験できます。","","","","写メ日記 女風｜東京で初めてでも選ばれているStory東京本店","","https://www.story-tokyo.com/diary/prof45/3/","https://www.story-tokyo.com/twitter_card.jpg","","女風｜東京で初めてでも選ばれているStory東京本店","","","","","summary","","","","31","80"
"写メ日記 女風｜東京で初めてでも選ばれているStory東京本店","https://www.story-tokyo.com/diary/prof48/2/","女風に興味はあるけれど不安もある方へ。 Story東京本店は東京で、距離感と安心感を大切にしている女性用風俗です。 無理に選ばせず、自分のペースで体験できます。","","","","写メ日記 女風｜東京で初めてでも選ばれているStory東京本店","","https://www.story-tokyo.com/diary/prof48/2/","https://www.story-tokyo.com/twitter_card.jpg","","女風｜東京で初めてでも選ばれているStory東京本店","","","","","summary","","","","31","80"
"写メ日記 女風｜東京で初めてでも選ばれているStory東京本店","https://www.story-tokyo.com/diary/prof48/3/","女風に興味はあるけれど不安もある方へ。 Story東京本店は東京で、距離感と安心感を大切にしている女性用風俗です。 無理に選ばせず、自分のペースで体験できます。","","","","写メ日記 女風｜東京で初めてでも選ばれているStory東京本店","","https://www.story-tokyo.com/diary/prof48/3/","https://www.story-tokyo.com/twitter_card.jpg","","女風｜東京で初めてでも選ばれているStory東京本店","","","","","summary","","","","31","80"
"写メ日記 女風｜東京で初めてでも選ばれているStory東京本店","https://www.story-tokyo.com/diary/prof48/4/","女風に興味はあるけれど不安もある方へ。 Story東京本店は東京で、距離感と安心感を大切にしている女性用風俗です。 無理に選ばせず、自分のペースで体験できます。","","","","写メ日記 女風｜東京で初めてでも選ばれているStory東京本店","","https://www.story-tokyo.com/diary/prof48/4/","https://www.story-tokyo.com/twitter_card.jpg","","女風｜東京で初めてでも選ばれているStory東京本店","","","","","summary","","","","31","80"
"写メ日記 女風｜東京で初めてでも選ばれているStory東京本店","https://www.story-tokyo.com/diary/prof48/5/","女風に興味はあるけれど不安もある方へ。 Story東京本店は東京で、距離感と安心感を大切にしている女性用風俗です。 無理に選ばせず、自分のペースで体験できます。","","","","写メ日記 女風｜東京で初めてでも選ばれているStory東京本店","","https://www.story-tokyo.com/diary/prof48/5/","https://www.story-tokyo.com/twitter_card.jpg","","女風｜東京で初めてでも選ばれているStory東京本店","","","","","summary","","","","31","80"
"写メ日記 女風｜東京で初めてでも選ばれているStory東京本店","https://www.story-tokyo.com/diary/prof42/2/","女風に興味はあるけれど不安もある方へ。 Story東京本店は東京で、距離感と安心感を大切にしている女性用風俗です。 無理に選ばせず、自分のペースで体験できます。","","","","写メ日記 女風｜東京で初めてでも選ばれているStory東京本店","","https://www.story-tokyo.com/diary/prof42/2/","https://www.story-tokyo.com/twitter_card.jpg","","女風｜東京で初めてでも選ばれているStory東京本店","","","","","summary","","","","31","80"
"写メ日記 女風｜東京で初めてでも選ばれているStory東京本店","https://www.story-tokyo.com/diary/prof39/2/","女風に興味はあるけれど不安もある方へ。 Story東京本店は東京で、距離感と安心感を大切にしている女性用風俗です。 無理に選ばせず、自分のペースで体験できます。","","","","写メ日記 女風｜東京で初めてでも選ばれているStory東京本店","","https://www.story-tokyo.com/diary/prof39/2/","https://www.story-tokyo.com/twitter_card.jpg","","女風｜東京で初めてでも選ばれているStory東京本店","","","","","summary","","","","31","80"
"写メ日記 女風｜東京で初めてでも選ばれているStory東京本店","https://www.story-tokyo.com/diary/prof39/3/","女風に興味はあるけれど不安もある方へ。 Story東京本店は東京で、距離感と安心感を大切にしている女性用風俗です。 無理に選ばせず、自分のペースで体験できます。","","","","写メ日記 女風｜東京で初めてでも選ばれているStory東京本店","","https://www.story-tokyo.com/diary/prof39/3/","https://www.story-tokyo.com/twitter_card.jpg","","女風｜東京で初めてでも選ばれているStory東京本店","","","","","summary","","","","31","80"
"写メ日記 女風｜東京で初めてでも選ばれているStory東京本店","https://www.story-tokyo.com/diary/prof38/2/","女風に興味はあるけれど不安もある方へ。 Story東京本店は東京で、距離感と安心感を大切にしている女性用風俗です。 無理に選ばせず、自分のペースで体験できます。","","","","写メ日記 女風｜東京で初めてでも選ばれているStory東京本店","","https://www.story-tokyo.com/diary/prof38/2/","https://www.story-tokyo.com/twitter_card.jpg","","女風｜東京で初めてでも選ばれているStory東京本店","","","","","summary","","","","31","80"
"写メ日記 女風｜東京で初めてでも選ばれているStory東京本店","https://www.story-tokyo.com/diary/prof38/3/","女風に興味はあるけれど不安もある方へ。 Story東京本店は東京で、距離感と安心感を大切にしている女性用風俗です。 無理に選ばせず、自分のペースで体験できます。","","","","写メ日記 女風｜東京で初めてでも選ばれているStory東京本店","","https://www.story-tokyo.com/diary/prof38/3/","https://www.story-tokyo.com/twitter_card.jpg","","女風｜東京で初めてでも選ばれているStory東京本店","","","","","summary","","","","31","80"
"写メ日記 女風｜東京で初めてでも選ばれているStory東京本店","https://www.story-tokyo.com/diary/prof38/4/","女風に興味はあるけれど不安もある方へ。 Story東京本店は東京で、距離感と安心感を大切にしている女性用風俗です。 無理に選ばせず、自分のペースで体験できます。","","","","写メ日記 女風｜東京で初めてでも選ばれているStory東京本店","","https://www.story-tokyo.com/diary/prof38/4/","https://www.story-tokyo.com/twitter_card.jpg","","女風｜東京で初めてでも選ばれているStory東京本店","","","","","summary","","","","31","80"
"写メ日記 女風｜東京で初めてでも選ばれているStory東京本店","https://www.story-tokyo.com/diary/prof38/5/","女風に興味はあるけれど不安もある方へ。 Story東京本店は東京で、距離感と安心感を大切にしている女性用風俗です。 無理に選ばせず、自分のペースで体験できます。","","","","写メ日記 女風｜東京で初めてでも選ばれているStory東京本店","","https://www.story-tokyo.com/diary/prof38/5/","https://www.story-tokyo.com/twitter_card.jpg","","女風｜東京で初めてでも選ばれているStory東京本店","","","","","summary","","","","31","80"
"写メ日記 女風｜東京で初めてでも選ばれているStory東京本店","https://www.story-tokyo.com/diary/prof40/2/","女風に興味はあるけれど不安もある方へ。 Story東京本店は東京で、距離感と安心感を大切にしている女性用風俗です。 無理に選ばせず、自分のペースで体験できます。","","","","写メ日記 女風｜東京で初めてでも選ばれているStory東京本店","","https://www.story-tokyo.com/diary/prof40/2/","https://www.story-tokyo.com/twitter_card.jpg","","女風｜東京で初めてでも選ばれているStory東京本店","","","","","summary","","","","31","80"
"写メ日記 女風｜東京で初めてでも選ばれているStory東京本店","https://www.story-tokyo.com/diary/prof35/2/","女風に興味はあるけれど不安もある方へ。 Story東京本店は東京で、距離感と安心感を大切にしている女性用風俗です。 無理に選ばせず、自分のペースで体験できます。","","","","写メ日記 女風｜東京で初めてでも選ばれているStory東京本店","","https://www.story-tokyo.com/diary/prof35/2/","https://www.story-tokyo.com/twitter_card.jpg","","女風｜東京で初めてでも選ばれているStory東京本店","","","","","summary","","","","31","80"
"写メ日記 女風｜東京で初めてでも選ばれているStory東京本店","https://www.story-tokyo.com/diary/prof32/2/","女風に興味はあるけれど不安もある方へ。 Story東京本店は東京で、距離感と安心感を大切にしている女性用風俗です。 無理に選ばせず、自分のペースで体験できます。","","","","写メ日記 女風｜東京で初めてでも選ばれているStory東京本店","","https://www.story-tokyo.com/diary/prof32/2/","https://www.story-tokyo.com/twitter_card.jpg","","女風｜東京で初めてでも選ばれているStory東京本店","","","","","summary","","","","31","80"
"写メ日記 女風｜東京で初めてでも選ばれているStory東京本店","https://www.story-tokyo.com/diary/prof32/3/","女風に興味はあるけれど不安もある方へ。 Story東京本店は東京で、距離感と安心感を大切にしている女性用風俗です。 無理に選ばせず、自分のペースで体験できます。","","","","写メ日記 女風｜東京で初めてでも選ばれているStory東京本店","","https://www.story-tokyo.com/diary/prof32/3/","https://www.story-tokyo.com/twitter_card.jpg","","女風｜東京で初めてでも選ばれているStory東京本店","","","","","summary","","","","31","80"
"写メ日記 女風｜東京で初めてでも選ばれているStory東京本店","https://www.story-tokyo.com/diary/prof32/4/","女風に興味はあるけれど不安もある方へ。 Story東京本店は東京で、距離感と安心感を大切にしている女性用風俗です。 無理に選ばせず、自分のペースで体験できます。","","","","写メ日記 女風｜東京で初めてでも選ばれているStory東京本店","","https://www.story-tokyo.com/diary/prof32/4/","https://www.story-tokyo.com/twitter_card.jpg","","女風｜東京で初めてでも選ばれているStory東京本店","","","","","summary","","","","31","80"
"写メ日記 女風｜東京で初めてでも選ばれているStory東京本店","https://www.story-tokyo.com/diary/prof25/2/","女風に興味はあるけれど不安もある方へ。 Story東京本店は東京で、距離感と安心感を大切にしている女性用風俗です。 無理に選ばせず、自分のペースで体験できます。","","","","写メ日記 女風｜東京で初めてでも選ばれているStory東京本店","","https://www.story-tokyo.com/diary/prof25/2/","https://www.story-tokyo.com/twitter_card.jpg","","女風｜東京で初めてでも選ばれているStory東京本店","","","","","summary","","","","31","80"
"写メ日記 女風｜東京で初めてでも選ばれているStory東京本店","https://www.story-tokyo.com/diary/prof25/3/","女風に興味はあるけれど不安もある方へ。 Story東京本店は東京で、距離感と安心感を大切にしている女性用風俗です。 無理に選ばせず、自分のペースで体験できます。","","","","写メ日記 女風｜東京で初めてでも選ばれているStory東京本店","","https://www.story-tokyo.com/diary/prof25/3/","https://www.story-tokyo.com/twitter_card.jpg","","女風｜東京で初めてでも選ばれているStory東京本店","","","","","summary","","","","31","80"
"写メ日記 女風｜東京で初めてでも選ばれているStory東京本店","https://www.story-tokyo.com/diary/prof25/5/","女風に興味はあるけれど不安もある方へ。 Story東京本店は東京で、距離感と安心感を大切にしている女性用風俗です。 無理に選ばせず、自分のペースで体験できます。","","","","写メ日記 女風｜東京で初めてでも選ばれているStory東京本店","","https://www.story-tokyo.com/diary/prof25/5/","https://www.story-tokyo.com/twitter_card.jpg","","女風｜東京で初めてでも選ばれているStory東京本店","","","","","summary","","","","31","80"
"写メ日記 女風｜東京で初めてでも選ばれているStory東京本店","https://www.story-tokyo.com/diary/prof25/4/","女風に興味はあるけれど不安もある方へ。 Story東京本店は東京で、距離感と安心感を大切にしている女性用風俗です。 無理に選ばせず、自分のペースで体験できます。","","","","写メ日記 女風｜東京で初めてでも選ばれているStory東京本店","","https://www.story-tokyo.com/diary/prof25/4/","https://www.story-tokyo.com/twitter_card.jpg","","女風｜東京で初めてでも選ばれているStory東京本店","","","","","summary","","","","31","80"
"写メ日記 女風｜東京で初めてでも選ばれているStory東京本店","https://www.story-tokyo.com/diary/prof30/3/","女風に興味はあるけれど不安もある方へ。 Story東京本店は東京で、距離感と安心感を大切にしている女性用風俗です。 無理に選ばせず、自分のペースで体験できます。","","","","写メ日記 女風｜東京で初めてでも選ばれているStory東京本店","","https://www.story-tokyo.com/diary/prof30/3/","https://www.story-tokyo.com/twitter_card.jpg","","女風｜東京で初めてでも選ばれているStory東京本店","","","","","summary","","","","31","80"
"写メ日記 女風｜東京で初めてでも選ばれているStory東京本店","https://www.story-tokyo.com/diary/prof30/2/","女風に興味はあるけれど不安もある方へ。 Story東京本店は東京で、距離感と安心感を大切にしている女性用風俗です。 無理に選ばせず、自分のペースで体験できます。","","","","写メ日記 女風｜東京で初めてでも選ばれているStory東京本店","","https://www.story-tokyo.com/diary/prof30/2/","https://www.story-tokyo.com/twitter_card.jpg","","女風｜東京で初めてでも選ばれているStory東京本店","","","","","summary","","","","31","80"
"写メ日記 女風｜東京で初めてでも選ばれているStory東京本店","https://www.story-tokyo.com/diary/prof30/4/","女風に興味はあるけれど不安もある方へ。 Story東京本店は東京で、距離感と安心感を大切にしている女性用風俗です。 無理に選ばせず、自分のペースで体験できます。","","","","写メ日記 女風｜東京で初めてでも選ばれているStory東京本店","","https://www.story-tokyo.com/diary/prof30/4/","https://www.story-tokyo.com/twitter_card.jpg","","女風｜東京で初めてでも選ばれているStory東京本店","","","","","summary","","","","31","80"
"写メ日記 女風｜東京で初めてでも選ばれているStory東京本店","https://www.story-tokyo.com/diary/prof24/2/","女風に興味はあるけれど不安もある方へ。 Story東京本店は東京で、距離感と安心感を大切にしている女性用風俗です。 無理に選ばせず、自分のペースで体験できます。","","","","写メ日記 女風｜東京で初めてでも選ばれているStory東京本店","","https://www.story-tokyo.com/diary/prof24/2/","https://www.story-tokyo.com/twitter_card.jpg","","女風｜東京で初めてでも選ばれているStory東京本店","","","","","summary","","","","31","80"
"写メ日記 女風｜東京で初めてでも選ばれているStory東京本店","https://www.story-tokyo.com/diary/prof24/3/","女風に興味はあるけれど不安もある方へ。 Story東京本店は東京で、距離感と安心感を大切にしている女性用風俗です。 無理に選ばせず、自分のペースで体験できます。","","","","写メ日記 女風｜東京で初めてでも選ばれているStory東京本店","","https://www.story-tokyo.com/diary/prof24/3/","https://www.story-tokyo.com/twitter_card.jpg","","女風｜東京で初めてでも選ばれているStory東京本店","","","","","summary","","","","31","80"
"写メ日記 女風｜東京で初めてでも選ばれているStory東京本店","https://www.story-tokyo.com/diary/prof24/4/","女風に興味はあるけれど不安もある方へ。 Story東京本店は東京で、距離感と安心感を大切にしている女性用風俗です。 無理に選ばせず、自分のペースで体験できます。","","","","写メ日記 女風｜東京で初めてでも選ばれているStory東京本店","","https://www.story-tokyo.com/diary/prof24/4/","https://www.story-tokyo.com/twitter_card.jpg","","女風｜東京で初めてでも選ばれているStory東京本店","","","","","summary","","","","31","80"
"写メ日記 女風｜東京で初めてでも選ばれているStory東京本店","https://www.story-tokyo.com/diary/prof24/5/","女風に興味はあるけれど不安もある方へ。 Story東京本店は東京で、距離感と安心感を大切にしている女性用風俗です。 無理に選ばせず、自分のペースで体験できます。","","","","写メ日記 女風｜東京で初めてでも選ばれているStory東京本店","","https://www.story-tokyo.com/diary/prof24/5/","https://www.story-tokyo.com/twitter_card.jpg","","女風｜東京で初めてでも選ばれているStory東京本店","","","","","summary","","","","31","80"
"写メ日記 女風｜東京で初めてでも選ばれているStory東京本店","https://www.story-tokyo.com/diary/prof27/2/","女風に興味はあるけれど不安もある方へ。 Story東京本店は東京で、距離感と安心感を大切にしている女性用風俗です。 無理に選ばせず、自分のペースで体験できます。","","","","写メ日記 女風｜東京で初めてでも選ばれているStory東京本店","","https://www.story-tokyo.com/diary/prof27/2/","https://www.story-tokyo.com/twitter_card.jpg","","女風｜東京で初めてでも選ばれているStory東京本店","","","","","summary","","","","31","80"
"写メ日記 女風｜東京で初めてでも選ばれているStory東京本店","https://www.story-tokyo.com/diary/prof13/2/","女風に興味はあるけれど不安もある方へ。 Story東京本店は東京で、距離感と安心感を大切にしている女性用風俗です。 無理に選ばせず、自分のペースで体験できます。","","","","写メ日記 女風｜東京で初めてでも選ばれているStory東京本店","","https://www.story-tokyo.com/diary/prof13/2/","https://www.story-tokyo.com/twitter_card.jpg","","女風｜東京で初めてでも選ばれているStory東京本店","","","","","summary","","","","31","80"
"写メ日記 女風｜東京で初めてでも選ばれているStory東京本店","https://www.story-tokyo.com/diary/prof17/2/","女風に興味はあるけれど不安もある方へ。 Story東京本店は東京で、距離感と安心感を大切にしている女性用風俗です。 無理に選ばせず、自分のペースで体験できます。","","","","写メ日記 女風｜東京で初めてでも選ばれているStory東京本店","","https://www.story-tokyo.com/diary/prof17/2/","https://www.story-tokyo.com/twitter_card.jpg","","女風｜東京で初めてでも選ばれているStory東京本店","","","","","summary","","","","31","80"
"写メ日記 女風｜東京で初めてでも選ばれているStory東京本店","https://www.story-tokyo.com/diary/prof17/3/","女風に興味はあるけれど不安もある方へ。 Story東京本店は東京で、距離感と安心感を大切にしている女性用風俗です。 無理に選ばせず、自分のペースで体験できます。","","","","写メ日記 女風｜東京で初めてでも選ばれているStory東京本店","","https://www.story-tokyo.com/diary/prof17/3/","https://www.story-tokyo.com/twitter_card.jpg","","女風｜東京で初めてでも選ばれているStory東京本店","","","","","summary","","","","31","80"
"写メ日記 女風｜東京で初めてでも選ばれているStory東京本店","https://www.story-tokyo.com/diary/prof14/2/","女風に興味はあるけれど不安もある方へ。 Story東京本店は東京で、距離感と安心感を大切にしている女性用風俗です。 無理に選ばせず、自分のペースで体験できます。","","","","写メ日記 女風｜東京で初めてでも選ばれているStory東京本店","","https://www.story-tokyo.com/diary/prof14/2/","https://www.story-tokyo.com/twitter_card.jpg","","女風｜東京で初めてでも選ばれているStory東京本店","","","","","summary","","","","31","80"
"写メ日記 女風｜東京で初めてでも選ばれているStory東京本店","https://www.story-tokyo.com/diary/prof14/3/","女風に興味はあるけれど不安もある方へ。 Story東京本店は東京で、距離感と安心感を大切にしている女性用風俗です。 無理に選ばせず、自分のペースで体験できます。","","","","写メ日記 女風｜東京で初めてでも選ばれているStory東京本店","","https://www.story-tokyo.com/diary/prof14/3/","https://www.story-tokyo.com/twitter_card.jpg","","女風｜東京で初めてでも選ばれているStory東京本店","","","","","summary","","","","31","80"
"写メ日記 女風｜東京で初めてでも選ばれているStory東京本店","https://www.story-tokyo.com/diary/prof26/2/","女風に興味はあるけれど不安もある方へ。 Story東京本店は東京で、距離感と安心感を大切にしている女性用風俗です。 無理に選ばせず、自分のペースで体験できます。","","","","写メ日記 女風｜東京で初めてでも選ばれているStory東京本店","","https://www.story-tokyo.com/diary/prof26/2/","https://www.story-tokyo.com/twitter_card.jpg","","女風｜東京で初めてでも選ばれているStory東京本店","","","","","summary","","","","31","80"
"写メ日記 女風｜東京で初めてでも選ばれているStory東京本店","https://www.story-tokyo.com/diary/prof26/4/","女風に興味はあるけれど不安もある方へ。 Story東京本店は東京で、距離感と安心感を大切にしている女性用風俗です。 無理に選ばせず、自分のペースで体験できます。","","","","写メ日記 女風｜東京で初めてでも選ばれているStory東京本店","","https://www.story-tokyo.com/diary/prof26/4/","https://www.story-tokyo.com/twitter_card.jpg","","女風｜東京で初めてでも選ばれているStory東京本店","","","","","summary","","","","31","80"
"写メ日記 女風｜東京で初めてでも選ばれているStory東京本店","https://www.story-tokyo.com/diary/prof26/3/","女風に興味はあるけれど不安もある方へ。 Story東京本店は東京で、距離感と安心感を大切にしている女性用風俗です。 無理に選ばせず、自分のペースで体験できます。","","","","写メ日記 女風｜東京で初めてでも選ばれているStory東京本店","","https://www.story-tokyo.com/diary/prof26/3/","https://www.story-tokyo.com/twitter_card.jpg","","女風｜東京で初めてでも選ばれているStory東京本店","","","","","summary","","","","31","80"
"写メ日記 女風｜東京で初めてでも選ばれているStory東京本店","https://www.story-tokyo.com/diary/prof36/3/","女風に興味はあるけれど不安もある方へ。 Story東京本店は東京で、距離感と安心感を大切にしている女性用風俗です。 無理に選ばせず、自分のペースで体験できます。","","","","写メ日記 女風｜東京で初めてでも選ばれているStory東京本店","","https://www.story-tokyo.com/diary/prof36/3/","https://www.story-tokyo.com/twitter_card.jpg","","女風｜東京で初めてでも選ばれているStory東京本店","","","","","summary","","","","31","80"
"写メ日記 女風｜東京で初めてでも選ばれているStory東京本店","https://www.story-tokyo.com/diary/prof36/2/","女風に興味はあるけれど不安もある方へ。 Story東京本店は東京で、距離感と安心感を大切にしている女性用風俗です。 無理に選ばせず、自分のペースで体験できます。","","","","写メ日記 女風｜東京で初めてでも選ばれているStory東京本店","","https://www.story-tokyo.com/diary/prof36/2/","https://www.story-tokyo.com/twitter_card.jpg","","女風｜東京で初めてでも選ばれているStory東京本店","","","","","summary","","","","31","80"
"写メ日記 女風｜東京で初めてでも選ばれているStory東京本店","https://www.story-tokyo.com/diary/prof36/4/","女風に興味はあるけれど不安もある方へ。 Story東京本店は東京で、距離感と安心感を大切にしている女性用風俗です。 無理に選ばせず、自分のペースで体験できます。","","","","写メ日記 女風｜東京で初めてでも選ばれているStory東京本店","","https://www.story-tokyo.com/diary/prof36/4/","https://www.story-tokyo.com/twitter_card.jpg","","女風｜東京で初めてでも選ばれているStory東京本店","","","","","summary","","","","31","80"
"写メ日記 女風｜東京で初めてでも選ばれているStory東京本店","https://www.story-tokyo.com/diary/prof37/2/","女風に興味はあるけれど不安もある方へ。 Story東京本店は東京で、距離感と安心感を大切にしている女性用風俗です。 無理に選ばせず、自分のペースで体験できます。","","","","写メ日記 女風｜東京で初めてでも選ばれているStory東京本店","","https://www.story-tokyo.com/diary/prof37/2/","https://www.story-tokyo.com/twitter_card.jpg","","女風｜東京で初めてでも選ばれているStory東京本店","","","","","summary","","","","31","80"
"写メ日記 女風｜東京で初めてでも選ばれているStory東京本店","https://www.story-tokyo.com/diary/prof37/3/","女風に興味はあるけれど不安もある方へ。 Story東京本店は東京で、距離感と安心感を大切にしている女性用風俗です。 無理に選ばせず、自分のペースで体験できます。","","","","写メ日記 女風｜東京で初めてでも選ばれているStory東京本店","","https://www.story-tokyo.com/diary/prof37/3/","https://www.story-tokyo.com/twitter_card.jpg","","女風｜東京で初めてでも選ばれているStory東京本店","","","","","summary","","","","31","80"
"トピックス 女風｜東京で初めてでも選ばれているStory東京本店","https://www.story-tokyo.com/news/1/","女風に興味はあるけれど不安もある方へ。 Story東京本店は東京で、距離感と安心感を大切にしている女性用風俗です。 無理に選ばせず、自分のペースで体験できます。","","","","トピックス 女風｜東京で初めてでも選ばれているStory東京本店","","https://www.story-tokyo.com/news/1/","https://www.story-tokyo.com/twitter_card.jpg","","女風｜東京で初めてでも選ばれているStory東京本店","","","","","summary","","","","32","80"
"会員登録 女風｜東京で初めてでも選ばれているStory東京本店","https://www.story-tokyo.com/mr/regist.php","女風に興味はあるけれど不安もある方へ。 Story東京本店は東京で、距離感と安心感を大切にしている女性用風俗です。 無理に選ばせず、自分のペースで体験できます。","","","","","","","","","","","","","","","","","","31","80"
"メールアドレスの変更 女風｜東京で初めてでも選ばれているStory東京本店","https://www.story-tokyo.com/mr/pass/","女風に興味はあるけれど不安もある方へ。 Story東京本店は東京で、距離感と安心感を大切にしている女性用風俗です。 無理に選ばせず、自分のペースで体験できます。","","","","","","","","","","","","","","","","","","37","80"
"口コミ 女風｜東京で初めてでも選ばれているStory東京本店","https://www.story-tokyo.com/review/8/","女風に興味はあるけれど不安もある方へ。 Story東京本店は東京で、距離感と安心感を大切にしている女性用風俗です。 無理に選ばせず、自分のペースで体験できます。","","","","口コミ 女風｜東京で初めてでも選ばれているStory東京本店","","https://www.story-tokyo.com/review/8/","https://www.story-tokyo.com/twitter_card.jpg","","女風｜東京で初めてでも選ばれているStory東京本店","","","","","summary","","","","30","80"
"口コミ 女風｜東京で初めてでも選ばれているStory東京本店","https://www.story-tokyo.com/review/9/","女風に興味はあるけれど不安もある方へ。 Story東京本店は東京で、距離感と安心感を大切にしている女性用風俗です。 無理に選ばせず、自分のペースで体験できます。","","","","口コミ 女風｜東京で初めてでも選ばれているStory東京本店","","https://www.story-tokyo.com/review/9/","https://www.story-tokyo.com/twitter_card.jpg","","女風｜東京で初めてでも選ばれているStory東京本店","","","","","summary","","","","30","80"
"写メ日記 女風｜東京で初めてでも選ばれているStory東京本店","https://www.story-tokyo.com/diary/8/","女風に興味はあるけれど不安もある方へ。 Story東京本店は東京で、距離感と安心感を大切にしている女性用風俗です。 無理に選ばせず、自分のペースで体験できます。","","","","写メ日記 女風｜東京で初めてでも選ばれているStory東京本店","","https://www.story-tokyo.com/diary/8/","https://www.story-tokyo.com/twitter_card.jpg","","女風｜東京で初めてでも選ばれているStory東京本店","","","","","summary","","","","31","80"
"写メ日記 女風｜東京で初めてでも選ばれているStory東京本店","https://www.story-tokyo.com/diary/9/","女風に興味はあるけれど不安もある方へ。 Story東京本店は東京で、距離感と安心感を大切にしている女性用風俗です。 無理に選ばせず、自分のペースで体験できます。","","","","写メ日記 女風｜東京で初めてでも選ばれているStory東京本店","","https://www.story-tokyo.com/diary/9/","https://www.story-tokyo.com/twitter_card.jpg","","女風｜東京で初めてでも選ばれているStory東京本店","","","","","summary","","","","31","80"
"写メ日記 女風｜東京で初めてでも選ばれているStory東京本店","https://www.story-tokyo.com/diary/prof15/1/","女風に興味はあるけれど不安もある方へ。 Story東京本店は東京で、距離感と安心感を大切にしている女性用風俗です。 無理に選ばせず、自分のペースで体験できます。","","","","写メ日記 女風｜東京で初めてでも選ばれているStory東京本店","","https://www.story-tokyo.com/diary/prof15/1/","https://www.story-tokyo.com/twitter_card.jpg","","女風｜東京で初めてでも選ばれているStory東京本店","","","","","summary","","","","31","80"
"写メ日記 女風｜東京で初めてでも選ばれているStory東京本店","https://www.story-tokyo.com/diary/prof61/1/","女風に興味はあるけれど不安もある方へ。 Story東京本店は東京で、距離感と安心感を大切にしている女性用風俗です。 無理に選ばせず、自分のペースで体験できます。","","","","写メ日記 女風｜東京で初めてでも選ばれているStory東京本店","","https://www.story-tokyo.com/diary/prof61/1/","https://www.story-tokyo.com/twitter_card.jpg","","女風｜東京で初めてでも選ばれているStory東京本店","","","","","summary","","","","31","80"
"写メ日記 女風｜東京で初めてでも選ばれているStory東京本店","https://www.story-tokyo.com/diary/prof56/1/","女風に興味はあるけれど不安もある方へ。 Story東京本店は東京で、距離感と安心感を大切にしている女性用風俗です。 無理に選ばせず、自分のペースで体験できます。","","","","写メ日記 女風｜東京で初めてでも選ばれているStory東京本店","","https://www.story-tokyo.com/diary/prof56/1/","https://www.story-tokyo.com/twitter_card.jpg","","女風｜東京で初めてでも選ばれているStory東京本店","","","","","summary","","","","31","80"
"写メ日記 女風｜東京で初めてでも選ばれているStory東京本店","https://www.story-tokyo.com/diary/prof59/1/","女風に興味はあるけれど不安もある方へ。 Story東京本店は東京で、距離感と安心感を大切にしている女性用風俗です。 無理に選ばせず、自分のペースで体験できます。","","","","写メ日記 女風｜東京で初めてでも選ばれているStory東京本店","","https://www.story-tokyo.com/diary/prof59/1/","https://www.story-tokyo.com/twitter_card.jpg","","女風｜東京で初めてでも選ばれているStory東京本店","","","","","summary","","","","31","80"
"写メ日記 女風｜東京で初めてでも選ばれているStory東京本店","https://www.story-tokyo.com/diary/prof57/1/","女風に興味はあるけれど不安もある方へ。 Story東京本店は東京で、距離感と安心感を大切にしている女性用風俗です。 無理に選ばせず、自分のペースで体験できます。","","","","写メ日記 女風｜東京で初めてでも選ばれているStory東京本店","","https://www.story-tokyo.com/diary/prof57/1/","https://www.story-tokyo.com/twitter_card.jpg","","女風｜東京で初めてでも選ばれているStory東京本店","","","","","summary","","","","31","80"
"写メ日記 女風｜東京で初めてでも選ばれているStory東京本店","https://www.story-tokyo.com/diary/prof54/1/","女風に興味はあるけれど不安もある方へ。 Story東京本店は東京で、距離感と安心感を大切にしている女性用風俗です。 無理に選ばせず、自分のペースで体験できます。","","","","写メ日記 女風｜東京で初めてでも選ばれているStory東京本店","","https://www.story-tokyo.com/diary/prof54/1/","https://www.story-tokyo.com/twitter_card.jpg","","女風｜東京で初めてでも選ばれているStory東京本店","","","","","summary","","","","31","80"
"写メ日記 女風｜東京で初めてでも選ばれているStory東京本店","https://www.story-tokyo.com/diary/prof53/1/","女風に興味はあるけれど不安もある方へ。 Story東京本店は東京で、距離感と安心感を大切にしている女性用風俗です。 無理に選ばせず、自分のペースで体験できます。","","","","写メ日記 女風｜東京で初めてでも選ばれているStory東京本店","","https://www.story-tokyo.com/diary/prof53/1/","https://www.story-tokyo.com/twitter_card.jpg","","女風｜東京で初めてでも選ばれているStory東京本店","","","","","summary","","","","31","80"
"写メ日記 女風｜東京で初めてでも選ばれているStory東京本店","https://www.story-tokyo.com/diary/prof50/1/","女風に興味はあるけれど不安もある方へ。 Story東京本店は東京で、距離感と安心感を大切にしている女性用風俗です。 無理に選ばせず、自分のペースで体験できます。","","","","写メ日記 女風｜東京で初めてでも選ばれているStory東京本店","","https://www.story-tokyo.com/diary/prof50/1/","https://www.story-tokyo.com/twitter_card.jpg","","女風｜東京で初めてでも選ばれているStory東京本店","","","","","summary","","","","31","80"
"写メ日記 女風｜東京で初めてでも選ばれているStory東京本店","https://www.story-tokyo.com/diary/prof45/1/","女風に興味はあるけれど不安もある方へ。 Story東京本店は東京で、距離感と安心感を大切にしている女性用風俗です。 無理に選ばせず、自分のペースで体験できます。","","","","写メ日記 女風｜東京で初めてでも選ばれているStory東京本店","","https://www.story-tokyo.com/diary/prof45/1/","https://www.story-tokyo.com/twitter_card.jpg","","女風｜東京で初めてでも選ばれているStory東京本店","","","","","summary","","","","31","80"
"写メ日記 女風｜東京で初めてでも選ばれているStory東京本店","https://www.story-tokyo.com/diary/prof48/1/","女風に興味はあるけれど不安もある方へ。 Story東京本店は東京で、距離感と安心感を大切にしている女性用風俗です。 無理に選ばせず、自分のペースで体験できます。","","","","写メ日記 女風｜東京で初めてでも選ばれているStory東京本店","","https://www.story-tokyo.com/diary/prof48/1/","https://www.story-tokyo.com/twitter_card.jpg","","女風｜東京で初めてでも選ばれているStory東京本店","","","","","summary","","","","31","80"
"写メ日記 女風｜東京で初めてでも選ばれているStory東京本店","https://www.story-tokyo.com/diary/prof42/1/","女風に興味はあるけれど不安もある方へ。 Story東京本店は東京で、距離感と安心感を大切にしている女性用風俗です。 無理に選ばせず、自分のペースで体験できます。","","","","写メ日記 女風｜東京で初めてでも選ばれているStory東京本店","","https://www.story-tokyo.com/diary/prof42/1/","https://www.story-tokyo.com/twitter_card.jpg","","女風｜東京で初めてでも選ばれているStory東京本店","","","","","summary","","","","31","80"
"写メ日記 女風｜東京で初めてでも選ばれているStory東京本店","https://www.story-tokyo.com/diary/prof39/1/","女風に興味はあるけれど不安もある方へ。 Story東京本店は東京で、距離感と安心感を大切にしている女性用風俗です。 無理に選ばせず、自分のペースで体験できます。","","","","写メ日記 女風｜東京で初めてでも選ばれているStory東京本店","","https://www.story-tokyo.com/diary/prof39/1/","https://www.story-tokyo.com/twitter_card.jpg","","女風｜東京で初めてでも選ばれているStory東京本店","","","","","summary","","","","31","80"
"写メ日記 女風｜東京で初めてでも選ばれているStory東京本店","https://www.story-tokyo.com/diary/prof38/1/","女風に興味はあるけれど不安もある方へ。 Story東京本店は東京で、距離感と安心感を大切にしている女性用風俗です。 無理に選ばせず、自分のペースで体験できます。","","","","写メ日記 女風｜東京で初めてでも選ばれているStory東京本店","","https://www.story-tokyo.com/diary/prof38/1/","https://www.story-tokyo.com/twitter_card.jpg","","女風｜東京で初めてでも選ばれているStory東京本店","","","","","summary","","","","31","80"
"写メ日記 女風｜東京で初めてでも選ばれているStory東京本店","https://www.story-tokyo.com/diary/prof40/1/","女風に興味はあるけれど不安もある方へ。 Story東京本店は東京で、距離感と安心感を大切にしている女性用風俗です。 無理に選ばせず、自分のペースで体験できます。","","","","写メ日記 女風｜東京で初めてでも選ばれているStory東京本店","","https://www.story-tokyo.com/diary/prof40/1/","https://www.story-tokyo.com/twitter_card.jpg","","女風｜東京で初めてでも選ばれているStory東京本店","","","","","summary","","","","31","80"
"写メ日記 女風｜東京で初めてでも選ばれているStory東京本店","https://www.story-tokyo.com/diary/prof35/1/","女風に興味はあるけれど不安もある方へ。 Story東京本店は東京で、距離感と安心感を大切にしている女性用風俗です。 無理に選ばせず、自分のペースで体験できます。","","","","写メ日記 女風｜東京で初めてでも選ばれているStory東京本店","","https://www.story-tokyo.com/diary/prof35/1/","https://www.story-tokyo.com/twitter_card.jpg","","女風｜東京で初めてでも選ばれているStory東京本店","","","","","summary","","","","31","80"
"写メ日記 女風｜東京で初めてでも選ばれているStory東京本店","https://www.story-tokyo.com/diary/prof32/1/","女風に興味はあるけれど不安もある方へ。 Story東京本店は東京で、距離感と安心感を大切にしている女性用風俗です。 無理に選ばせず、自分のペースで体験できます。","","","","写メ日記 女風｜東京で初めてでも選ばれているStory東京本店","","https://www.story-tokyo.com/diary/prof32/1/","https://www.story-tokyo.com/twitter_card.jpg","","女風｜東京で初めてでも選ばれているStory東京本店","","","","","summary","","","","31","80"
"写メ日記 女風｜東京で初めてでも選ばれているStory東京本店","https://www.story-tokyo.com/diary/prof25/1/","女風に興味はあるけれど不安もある方へ。 Story東京本店は東京で、距離感と安心感を大切にしている女性用風俗です。 無理に選ばせず、自分のペースで体験できます。","","","","写メ日記 女風｜東京で初めてでも選ばれているStory東京本店","","https://www.story-tokyo.com/diary/prof25/1/","https://www.story-tokyo.com/twitter_card.jpg","","女風｜東京で初めてでも選ばれているStory東京本店","","","","","summary","","","","31","80"
"写メ日記 女風｜東京で初めてでも選ばれているStory東京本店","https://www.story-tokyo.com/diary/prof30/1/","女風に興味はあるけれど不安もある方へ。 Story東京本店は東京で、距離感と安心感を大切にしている女性用風俗です。 無理に選ばせず、自分のペースで体験できます。","","","","写メ日記 女風｜東京で初めてでも選ばれているStory東京本店","","https://www.story-tokyo.com/diary/prof30/1/","https://www.story-tokyo.com/twitter_card.jpg","","女風｜東京で初めてでも選ばれているStory東京本店","","","","","summary","","","","31","80"
"写メ日記 女風｜東京で初めてでも選ばれているStory東京本店","https://www.story-tokyo.com/diary/prof24/1/","女風に興味はあるけれど不安もある方へ。 Story東京本店は東京で、距離感と安心感を大切にしている女性用風俗です。 無理に選ばせず、自分のペースで体験できます。","","","","写メ日記 女風｜東京で初めてでも選ばれているStory東京本店","","https://www.story-tokyo.com/diary/prof24/1/","https://www.story-tokyo.com/twitter_card.jpg","","女風｜東京で初めてでも選ばれているStory東京本店","","","","","summary","","","","31","80"
"写メ日記 女風｜東京で初めてでも選ばれているStory東京本店","https://www.story-tokyo.com/diary/prof24/6/","女風に興味はあるけれど不安もある方へ。 Story東京本店は東京で、距離感と安心感を大切にしている女性用風俗です。 無理に選ばせず、自分のペースで体験できます。","","","","写メ日記 女風｜東京で初めてでも選ばれているStory東京本店","","https://www.story-tokyo.com/diary/prof24/6/","https://www.story-tokyo.com/twitter_card.jpg","","女風｜東京で初めてでも選ばれているStory東京本店","","","","","summary","","","","31","80"
"写メ日記 女風｜東京で初めてでも選ばれているStory東京本店","https://www.story-tokyo.com/diary/prof27/1/","女風に興味はあるけれど不安もある方へ。 Story東京本店は東京で、距離感と安心感を大切にしている女性用風俗です。 無理に選ばせず、自分のペースで体験できます。","","","","写メ日記 女風｜東京で初めてでも選ばれているStory東京本店","","https://www.story-tokyo.com/diary/prof27/1/","https://www.story-tokyo.com/twitter_card.jpg","","女風｜東京で初めてでも選ばれているStory東京本店","","","","","summary","","","","31","80"
"写メ日記 女風｜東京で初めてでも選ばれているStory東京本店","https://www.story-tokyo.com/diary/prof13/1/","女風に興味はあるけれど不安もある方へ。 Story東京本店は東京で、距離感と安心感を大切にしている女性用風俗です。 無理に選ばせず、自分のペースで体験できます。","","","","写メ日記 女風｜東京で初めてでも選ばれているStory東京本店","","https://www.story-tokyo.com/diary/prof13/1/","https://www.story-tokyo.com/twitter_card.jpg","","女風｜東京で初めてでも選ばれているStory東京本店","","","","","summary","","","","31","80"
"写メ日記 女風｜東京で初めてでも選ばれているStory東京本店","https://www.story-tokyo.com/diary/prof17/1/","女風に興味はあるけれど不安もある方へ。 Story東京本店は東京で、距離感と安心感を大切にしている女性用風俗です。 無理に選ばせず、自分のペースで体験できます。","","","","写メ日記 女風｜東京で初めてでも選ばれているStory東京本店","","https://www.story-tokyo.com/diary/prof17/1/","https://www.story-tokyo.com/twitter_card.jpg","","女風｜東京で初めてでも選ばれているStory東京本店","","","","","summary","","","","31","80"
"写メ日記 女風｜東京で初めてでも選ばれているStory東京本店","https://www.story-tokyo.com/diary/prof14/1/","女風に興味はあるけれど不安もある方へ。 Story東京本店は東京で、距離感と安心感を大切にしている女性用風俗です。 無理に選ばせず、自分のペースで体験できます。","","","","写メ日記 女風｜東京で初めてでも選ばれているStory東京本店","","https://www.story-tokyo.com/diary/prof14/1/","https://www.story-tokyo.com/twitter_card.jpg","","女風｜東京で初めてでも選ばれているStory東京本店","","","","","summary","","","","31","80"
"写メ日記 女風｜東京で初めてでも選ばれているStory東京本店","https://www.story-tokyo.com/diary/prof26/1/","女風に興味はあるけれど不安もある方へ。 Story東京本店は東京で、距離感と安心感を大切にしている女性用風俗です。 無理に選ばせず、自分のペースで体験できます。","","","","写メ日記 女風｜東京で初めてでも選ばれているStory東京本店","","https://www.story-tokyo.com/diary/prof26/1/","https://www.story-tokyo.com/twitter_card.jpg","","女風｜東京で初めてでも選ばれているStory東京本店","","","","","summary","","","","31","80"
"写メ日記 女風｜東京で初めてでも選ばれているStory東京本店","https://www.story-tokyo.com/diary/prof36/1/","女風に興味はあるけれど不安もある方へ。 Story東京本店は東京で、距離感と安心感を大切にしている女性用風俗です。 無理に選ばせず、自分のペースで体験できます。","","","","写メ日記 女風｜東京で初めてでも選ばれているStory東京本店","","https://www.story-tokyo.com/diary/prof36/1/","https://www.story-tokyo.com/twitter_card.jpg","","女風｜東京で初めてでも選ばれているStory東京本店","","","","","summary","","","","31","80"
"写メ日記 女風｜東京で初めてでも選ばれているStory東京本店","https://www.story-tokyo.com/diary/prof37/1/","女風に興味はあるけれど不安もある方へ。 Story東京本店は東京で、距離感と安心感を大切にしている女性用風俗です。 無理に選ばせず、自分のペースで体験できます。","","","","写メ日記 女風｜東京で初めてでも選ばれているStory東京本店","","https://www.story-tokyo.com/diary/prof37/1/","https://www.story-tokyo.com/twitter_card.jpg","","女風｜東京で初めてでも選ばれているStory東京本店","","","","","summary","","","","31","80"
"口コミ 女風｜東京で初めてでも選ばれているStory東京本店","https://www.story-tokyo.com/review/10/","女風に興味はあるけれど不安もある方へ。 Story東京本店は東京で、距離感と安心感を大切にしている女性用風俗です。 無理に選ばせず、自分のペースで体験できます。","","","","口コミ 女風｜東京で初めてでも選ばれているStory東京本店","","https://www.story-tokyo.com/review/10/","https://www.story-tokyo.com/twitter_card.jpg","","女風｜東京で初めてでも選ばれているStory東京本店","","","","","summary","","","","30","80"
"口コミ 女風｜東京で初めてでも選ばれているStory東京本店","https://www.story-tokyo.com/review/11/","女風に興味はあるけれど不安もある方へ。 Story東京本店は東京で、距離感と安心感を大切にしている女性用風俗です。 無理に選ばせず、自分のペースで体験できます。","","","","口コミ 女風｜東京で初めてでも選ばれているStory東京本店","","https://www.story-tokyo.com/review/11/","https://www.story-tokyo.com/twitter_card.jpg","","女風｜東京で初めてでも選ばれているStory東京本店","","","","","summary","","","","30","80"
"写メ日記 女風｜東京で初めてでも選ばれているStory東京本店","https://www.story-tokyo.com/diary/10/","女風に興味はあるけれど不安もある方へ。 Story東京本店は東京で、距離感と安心感を大切にしている女性用風俗です。 無理に選ばせず、自分のペースで体験できます。","","","","写メ日記 女風｜東京で初めてでも選ばれているStory東京本店","","https://www.story-tokyo.com/diary/10/","https://www.story-tokyo.com/twitter_card.jpg","","女風｜東京で初めてでも選ばれているStory東京本店","","","","","summary","","","","31","80"
"写メ日記 女風｜東京で初めてでも選ばれているStory東京本店","https://www.story-tokyo.com/diary/11/","女風に興味はあるけれど不安もある方へ。 Story東京本店は東京で、距離感と安心感を大切にしている女性用風俗です。 無理に選ばせず、自分のペースで体験できます。","","","","写メ日記 女風｜東京で初めてでも選ばれているStory東京本店","","https://www.story-tokyo.com/diary/11/","https://www.story-tokyo.com/twitter_card.jpg","","女風｜東京で初めてでも選ばれているStory東京本店","","","","","summary","","","","31","80"
"口コミ 女風｜東京で初めてでも選ばれているStory東京本店","https://www.story-tokyo.com/review/12/","女風に興味はあるけれど不安もある方へ。 Story東京本店は東京で、距離感と安心感を大切にしている女性用風俗です。 無理に選ばせず、自分のペースで体験できます。","","","","口コミ 女風｜東京で初めてでも選ばれているStory東京本店","","https://www.story-tokyo.com/review/12/","https://www.story-tokyo.com/twitter_card.jpg","","女風｜東京で初めてでも選ばれているStory東京本店","","","","","summary","","","","30","80"
"口コミ 女風｜東京で初めてでも選ばれているStory東京本店","https://www.story-tokyo.com/review/13/","女風に興味はあるけれど不安もある方へ。 Story東京本店は東京で、距離感と安心感を大切にしている女性用風俗です。 無理に選ばせず、自分のペースで体験できます。","","","","口コミ 女風｜東京で初めてでも選ばれているStory東京本店","","https://www.story-tokyo.com/review/13/","https://www.story-tokyo.com/twitter_card.jpg","","女風｜東京で初めてでも選ばれているStory東京本店","","","","","summary","","","","30","80"
"写メ日記 女風｜東京で初めてでも選ばれているStory東京本店","https://www.story-tokyo.com/diary/12/","女風に興味はあるけれど不安もある方へ。 Story東京本店は東京で、距離感と安心感を大切にしている女性用風俗です。 無理に選ばせず、自分のペースで体験できます。","","","","写メ日記 女風｜東京で初めてでも選ばれているStory東京本店","","https://www.story-tokyo.com/diary/12/","https://www.story-tokyo.com/twitter_card.jpg","","女風｜東京で初めてでも選ばれているStory東京本店","","","","","summary","","","","31","80"
"口コミ 女風｜東京で初めてでも選ばれているStory東京本店","https://www.story-tokyo.com/review/14/","女風に興味はあるけれど不安もある方へ。 Story東京本店は東京で、距離感と安心感を大切にしている女性用風俗です。 無理に選ばせず、自分のペースで体験できます。","","","","口コミ 女風｜東京で初めてでも選ばれているStory東京本店","","https://www.story-tokyo.com/review/14/","https://www.story-tokyo.com/twitter_card.jpg","","女風｜東京で初めてでも選ばれているStory東京本店","","","","","summary","","","","30","80"
"写メ日記 女風｜東京で初めてでも選ばれているStory東京本店","https://www.story-tokyo.com/diary/13/","女風に興味はあるけれど不安もある方へ。 Story東京本店は東京で、距離感と安心感を大切にしている女性用風俗です。 無理に選ばせず、自分のペースで体験できます。","","","","写メ日記 女風｜東京で初めてでも選ばれているStory東京本店","","https://www.story-tokyo.com/diary/13/","https://www.story-tokyo.com/twitter_card.jpg","","女風｜東京で初めてでも選ばれているStory東京本店","","","","","summary","","","","31","80"
"口コミ 女風｜東京で初めてでも選ばれているStory東京本店","https://www.story-tokyo.com/review/15/","女風に興味はあるけれど不安もある方へ。 Story東京本店は東京で、距離感と安心感を大切にしている女性用風俗です。 無理に選ばせず、自分のペースで体験できます。","","","","口コミ 女風｜東京で初めてでも選ばれているStory東京本店","","https://www.story-tokyo.com/review/15/","https://www.story-tokyo.com/twitter_card.jpg","","女風｜東京で初めてでも選ばれているStory東京本店","","","","","summary","","","","30","80"
"写メ日記 女風｜東京で初めてでも選ばれているStory東京本店","https://www.story-tokyo.com/diary/14/","女風に興味はあるけれど不安もある方へ。 Story東京本店は東京で、距離感と安心感を大切にしている女性用風俗です。 無理に選ばせず、自分のペースで体験できます。","","","","写メ日記 女風｜東京で初めてでも選ばれているStory東京本店","","https://www.story-tokyo.com/diary/14/","https://www.story-tokyo.com/twitter_card.jpg","","女風｜東京で初めてでも選ばれているStory東京本店","","","","","summary","","","","31","80"
"口コミ 女風｜東京で初めてでも選ばれているStory東京本店","https://www.story-tokyo.com/review/16/","女風に興味はあるけれど不安もある方へ。 Story東京本店は東京で、距離感と安心感を大切にしている女性用風俗です。 無理に選ばせず、自分のペースで体験できます。","","","","口コミ 女風｜東京で初めてでも選ばれているStory東京本店","","https://www.story-tokyo.com/review/16/","https://www.story-tokyo.com/twitter_card.jpg","","女風｜東京で初めてでも選ばれているStory東京本店","","","","","summary","","","","30","80"
"口コミ 女風｜東京で初めてでも選ばれているStory東京本店","https://www.story-tokyo.com/review/17/","女風に興味はあるけれど不安もある方へ。 Story東京本店は東京で、距離感と安心感を大切にしている女性用風俗です。 無理に選ばせず、自分のペースで体験できます。","","","","口コミ 女風｜東京で初めてでも選ばれているStory東京本店","","https://www.story-tokyo.com/review/17/","https://www.story-tokyo.com/twitter_card.jpg","","女風｜東京で初めてでも選ばれているStory東京本店","","","","","summary","","","","30","80"
"写メ日記 女風｜東京で初めてでも選ばれているStory東京本店","https://www.story-tokyo.com/diary/15/","女風に興味はあるけれど不安もある方へ。 Story東京本店は東京で、距離感と安心感を大切にしている女性用風俗です。 無理に選ばせず、自分のペースで体験できます。","","","","写メ日記 女風｜東京で初めてでも選ばれているStory東京本店","","https://www.story-tokyo.com/diary/15/","https://www.story-tokyo.com/twitter_card.jpg","","女風｜東京で初めてでも選ばれているStory東京本店","","","","","summary","","","","31","80"
"口コミ 女風｜東京で初めてでも選ばれているStory東京本店","https://www.story-tokyo.com/review/18/","女風に興味はあるけれど不安もある方へ。 Story東京本店は東京で、距離感と安心感を大切にしている女性用風俗です。 無理に選ばせず、自分のペースで体験できます。","","","","口コミ 女風｜東京で初めてでも選ばれているStory東京本店","","https://www.story-tokyo.com/review/18/","https://www.story-tokyo.com/twitter_card.jpg","","女風｜東京で初めてでも選ばれているStory東京本店","","","","","summary","","","","30","80"
"写メ日記 女風｜東京で初めてでも選ばれているStory東京本店","https://www.story-tokyo.com/diary/16/","女風に興味はあるけれど不安もある方へ。 Story東京本店は東京で、距離感と安心感を大切にしている女性用風俗です。 無理に選ばせず、自分のペースで体験できます。","","","","写メ日記 女風｜東京で初めてでも選ばれているStory東京本店","","https://www.story-tokyo.com/diary/16/","https://www.story-tokyo.com/twitter_card.jpg","","女風｜東京で初めてでも選ばれているStory東京本店","","","","","summary","","","","31","80"
"口コミ 女風｜東京で初めてでも選ばれているStory東京本店","https://www.story-tokyo.com/review/19/","女風に興味はあるけれど不安もある方へ。 Story東京本店は東京で、距離感と安心感を大切にしている女性用風俗です。 無理に選ばせず、自分のペースで体験できます。","","","","口コミ 女風｜東京で初めてでも選ばれているStory東京本店","","https://www.story-tokyo.com/review/19/","https://www.story-tokyo.com/twitter_card.jpg","","女風｜東京で初めてでも選ばれているStory東京本店","","","","","summary","","","","30","80"
"写メ日記 女風｜東京で初めてでも選ばれているStory東京本店","https://www.story-tokyo.com/diary/17/","女風に興味はあるけれど不安もある方へ。 Story東京本店は東京で、距離感と安心感を大切にしている女性用風俗です。 無理に選ばせず、自分のペースで体験できます。","","","","写メ日記 女風｜東京で初めてでも選ばれているStory東京本店","","https://www.story-tokyo.com/diary/17/","https://www.story-tokyo.com/twitter_card.jpg","","女風｜東京で初めてでも選ばれているStory東京本店","","","","","summary","","","","31","80"
"口コミ 女風｜東京で初めてでも選ばれているStory東京本店","https://www.story-tokyo.com/review/20/","女風に興味はあるけれど不安もある方へ。 Story東京本店は東京で、距離感と安心感を大切にしている女性用風俗です。 無理に選ばせず、自分のペースで体験できます。","","","","口コミ 女風｜東京で初めてでも選ばれているStory東京本店","","https://www.story-tokyo.com/review/20/","https://www.story-tokyo.com/twitter_card.jpg","","女風｜東京で初めてでも選ばれているStory東京本店","","","","","summary","","","","30","80"
"写メ日記 女風｜東京で初めてでも選ばれているStory東京本店","https://www.story-tokyo.com/diary/18/","女風に興味はあるけれど不安もある方へ。 Story東京本店は東京で、距離感と安心感を大切にしている女性用風俗です。 無理に選ばせず、自分のペースで体験できます。","","","","写メ日記 女風｜東京で初めてでも選ばれているStory東京本店","","https://www.story-tokyo.com/diary/18/","https://www.story-tokyo.com/twitter_card.jpg","","女風｜東京で初めてでも選ばれているStory東京本店","","","","","summary","","","","31","80"
"口コミ 女風｜東京で初めてでも選ばれているStory東京本店","https://www.story-tokyo.com/review/21/","女風に興味はあるけれど不安もある方へ。 Story東京本店は東京で、距離感と安心感を大切にしている女性用風俗です。 無理に選ばせず、自分のペースで体験できます。","","","","口コミ 女風｜東京で初めてでも選ばれているStory東京本店","","https://www.story-tokyo.com/review/21/","https://www.story-tokyo.com/twitter_card.jpg","","女風｜東京で初めてでも選ばれているStory東京本店","","","","","summary","","","","30","80"
"写メ日記 女風｜東京で初めてでも選ばれているStory東京本店","https://www.story-tokyo.com/diary/19/","女風に興味はあるけれど不安もある方へ。 Story東京本店は東京で、距離感と安心感を大切にしている女性用風俗です。 無理に選ばせず、自分のペースで体験できます。","","","","写メ日記 女風｜東京で初めてでも選ばれているStory東京本店","","https://www.story-tokyo.com/diary/19/","https://www.story-tokyo.com/twitter_card.jpg","","女風｜東京で初めてでも選ばれているStory東京本店","","","","","summary","","","","31","80"
"口コミ 女風｜東京で初めてでも選ばれているStory東京本店","https://www.story-tokyo.com/review/22/","女風に興味はあるけれど不安もある方へ。 Story東京本店は東京で、距離感と安心感を大切にしている女性用風俗です。 無理に選ばせず、自分のペースで体験できます。","","","","口コミ 女風｜東京で初めてでも選ばれているStory東京本店","","https://www.story-tokyo.com/review/22/","https://www.story-tokyo.com/twitter_card.jpg","","女風｜東京で初めてでも選ばれているStory東京本店","","","","","summary","","","","30","80"
"写メ日記 女風｜東京で初めてでも選ばれているStory東京本店","https://www.story-tokyo.com/diary/20/","女風に興味はあるけれど不安もある方へ。 Story東京本店は東京で、距離感と安心感を大切にしている女性用風俗です。 無理に選ばせず、自分のペースで体験できます。","","","","写メ日記 女風｜東京で初めてでも選ばれているStory東京本店","","https://www.story-tokyo.com/diary/20/","https://www.story-tokyo.com/twitter_card.jpg","","女風｜東京で初めてでも選ばれているStory東京本店","","","","","summary","","","","31","80"
"口コミ 女風｜東京で初めてでも選ばれているStory東京本店","https://www.story-tokyo.com/review/23/","女風に興味はあるけれど不安もある方へ。 Story東京本店は東京で、距離感と安心感を大切にしている女性用風俗です。 無理に選ばせず、自分のペースで体験できます。","","","","口コミ 女風｜東京で初めてでも選ばれているStory東京本店","","https://www.story-tokyo.com/review/23/","https://www.story-tokyo.com/twitter_card.jpg","","女風｜東京で初めてでも選ばれているStory東京本店","","","","","summary","","","","30","80"
"写メ日記 女風｜東京で初めてでも選ばれているStory東京本店","https://www.story-tokyo.com/diary/21/","女風に興味はあるけれど不安もある方へ。 Story東京本店は東京で、距離感と安心感を大切にしている女性用風俗です。 無理に選ばせず、自分のペースで体験できます。","","","","写メ日記 女風｜東京で初めてでも選ばれているStory東京本店","","https://www.story-tokyo.com/diary/21/","https://www.story-tokyo.com/twitter_card.jpg","","女風｜東京で初めてでも選ばれているStory東京本店","","","","","summary","","","","31","80"
"口コミ 女風｜東京で初めてでも選ばれているStory東京本店","https://www.story-tokyo.com/review/24/","女風に興味はあるけれど不安もある方へ。 Story東京本店は東京で、距離感と安心感を大切にしている女性用風俗です。 無理に選ばせず、自分のペースで体験できます。","","","","口コミ 女風｜東京で初めてでも選ばれているStory東京本店","","https://www.story-tokyo.com/review/24/","https://www.story-tokyo.com/twitter_card.jpg","","女風｜東京で初めてでも選ばれているStory東京本店","","","","","summary","","","","30","80"
"写メ日記 女風｜東京で初めてでも選ばれているStory東京本店","https://www.story-tokyo.com/diary/22/","女風に興味はあるけれど不安もある方へ。 Story東京本店は東京で、距離感と安心感を大切にしている女性用風俗です。 無理に選ばせず、自分のペースで体験できます。","","","","写メ日記 女風｜東京で初めてでも選ばれているStory東京本店","","https://www.story-tokyo.com/diary/22/","https://www.story-tokyo.com/twitter_card.jpg","","女風｜東京で初めてでも選ばれているStory東京本店","","","","","summary","","","","31","80"
"口コミ 女風｜東京で初めてでも選ばれているStory東京本店","https://www.story-tokyo.com/review/25/","女風に興味はあるけれど不安もある方へ。 Story東京本店は東京で、距離感と安心感を大切にしている女性用風俗です。 無理に選ばせず、自分のペースで体験できます。","","","","口コミ 女風｜東京で初めてでも選ばれているStory東京本店","","https://www.story-tokyo.com/review/25/","https://www.story-tokyo.com/twitter_card.jpg","","女風｜東京で初めてでも選ばれているStory東京本店","","","","","summary","","","","30","80"
"写メ日記 女風｜東京で初めてでも選ばれているStory東京本店","https://www.story-tokyo.com/diary/23/","女風に興味はあるけれど不安もある方へ。 Story東京本店は東京で、距離感と安心感を大切にしている女性用風俗です。 無理に選ばせず、自分のペースで体験できます。","","","","写メ日記 女風｜東京で初めてでも選ばれているStory東京本店","","https://www.story-tokyo.com/diary/23/","https://www.story-tokyo.com/twitter_card.jpg","","女風｜東京で初めてでも選ばれているStory東京本店","","","","","summary","","","","31","80"
"口コミ 女風｜東京で初めてでも選ばれているStory東京本店","https://www.story-tokyo.com/review/26/","女風に興味はあるけれど不安もある方へ。 Story東京本店は東京で、距離感と安心感を大切にしている女性用風俗です。 無理に選ばせず、自分のペースで体験できます。","","","","口コミ 女風｜東京で初めてでも選ばれているStory東京本店","","https://www.story-tokyo.com/review/26/","https://www.story-tokyo.com/twitter_card.jpg","","女風｜東京で初めてでも選ばれているStory東京本店","","","","","summary","","","","30","80"
"口コミ 女風｜東京で初めてでも選ばれているStory東京本店","https://www.story-tokyo.com/review/27/","女風に興味はあるけれど不安もある方へ。 Story東京本店は東京で、距離感と安心感を大切にしている女性用風俗です。 無理に選ばせず、自分のペースで体験できます。","","","","口コミ 女風｜東京で初めてでも選ばれているStory東京本店","","https://www.story-tokyo.com/review/27/","https://www.story-tokyo.com/twitter_card.jpg","","女風｜東京で初めてでも選ばれているStory東京本店","","","","","summary","","","","30","80"
"写メ日記 女風｜東京で初めてでも選ばれているStory東京本店","https://www.story-tokyo.com/diary/24/","女風に興味はあるけれど不安もある方へ。 Story東京本店は東京で、距離感と安心感を大切にしている女性用風俗です。 無理に選ばせず、自分のペースで体験できます。","","","","写メ日記 女風｜東京で初めてでも選ばれているStory東京本店","","https://www.story-tokyo.com/diary/24/","https://www.story-tokyo.com/twitter_card.jpg","","女風｜東京で初めてでも選ばれているStory東京本店","","","","","summary","","","","31","80"
"口コミ 女風｜東京で初めてでも選ばれているStory東京本店","https://www.story-tokyo.com/review/28/","女風に興味はあるけれど不安もある方へ。 Story東京本店は東京で、距離感と安心感を大切にしている女性用風俗です。 無理に選ばせず、自分のペースで体験できます。","","","","口コミ 女風｜東京で初めてでも選ばれているStory東京本店","","https://www.story-tokyo.com/review/28/","https://www.story-tokyo.com/twitter_card.jpg","","女風｜東京で初めてでも選ばれているStory東京本店","","","","","summary","","","","30","80"
"写メ日記 女風｜東京で初めてでも選ばれているStory東京本店","https://www.story-tokyo.com/diary/25/","女風に興味はあるけれど不安もある方へ。 Story東京本店は東京で、距離感と安心感を大切にしている女性用風俗です。 無理に選ばせず、自分のペースで体験できます。","","","","写メ日記 女風｜東京で初めてでも選ばれているStory東京本店","","https://www.story-tokyo.com/diary/25/","https://www.story-tokyo.com/twitter_card.jpg","","女風｜東京で初めてでも選ばれているStory東京本店","","","","","summary","","","","31","80"
"口コミ 女風｜東京で初めてでも選ばれているStory東京本店","https://www.story-tokyo.com/review/29/","女風に興味はあるけれど不安もある方へ。 Story東京本店は東京で、距離感と安心感を大切にしている女性用風俗です。 無理に選ばせず、自分のペースで体験できます。","","","","口コミ 女風｜東京で初めてでも選ばれているStory東京本店","","https://www.story-tokyo.com/review/29/","https://www.story-tokyo.com/twitter_card.jpg","","女風｜東京で初めてでも選ばれているStory東京本店","","","","","summary","","","","30","80"
"写メ日記 女風｜東京で初めてでも選ばれているStory東京本店","https://www.story-tokyo.com/diary/26/","女風に興味はあるけれど不安もある方へ。 Story東京本店は東京で、距離感と安心感を大切にしている女性用風俗です。 無理に選ばせず、自分のペースで体験できます。","","","","写メ日記 女風｜東京で初めてでも選ばれているStory東京本店","","https://www.story-tokyo.com/diary/26/","https://www.story-tokyo.com/twitter_card.jpg","","女風｜東京で初めてでも選ばれているStory東京本店","","","","","summary","","","","31","80"
"口コミ 女風｜東京で初めてでも選ばれているStory東京本店","https://www.story-tokyo.com/review/30/","女風に興味はあるけれど不安もある方へ。 Story東京本店は東京で、距離感と安心感を大切にしている女性用風俗です。 無理に選ばせず、自分のペースで体験できます。","","","","口コミ 女風｜東京で初めてでも選ばれているStory東京本店","","https://www.story-tokyo.com/review/30/","https://www.story-tokyo.com/twitter_card.jpg","","女風｜東京で初めてでも選ばれているStory東京本店","","","","","summary","","","","30","80"
"写メ日記 女風｜東京で初めてでも選ばれているStory東京本店","https://www.story-tokyo.com/diary/27/","女風に興味はあるけれど不安もある方へ。 Story東京本店は東京で、距離感と安心感を大切にしている女性用風俗です。 無理に選ばせず、自分のペースで体験できます。","","","","写メ日記 女風｜東京で初めてでも選ばれているStory東京本店","","https://www.story-tokyo.com/diary/27/","https://www.story-tokyo.com/twitter_card.jpg","","女風｜東京で初めてでも選ばれているStory東京本店","","","","","summary","","","","31","80"
"口コミ 女風｜東京で初めてでも選ばれているStory東京本店","https://www.story-tokyo.com/review/31/","女風に興味はあるけれど不安もある方へ。 Story東京本店は東京で、距離感と安心感を大切にしている女性用風俗です。 無理に選ばせず、自分のペースで体験できます。","","","","口コミ 女風｜東京で初めてでも選ばれているStory東京本店","","https://www.story-tokyo.com/review/31/","https://www.story-tokyo.com/twitter_card.jpg","","女風｜東京で初めてでも選ばれているStory東京本店","","","","","summary","","","","30","80"
"写メ日記 女風｜東京で初めてでも選ばれているStory東京本店","https://www.story-tokyo.com/diary/28/","女風に興味はあるけれど不安もある方へ。 Story東京本店は東京で、距離感と安心感を大切にしている女性用風俗です。 無理に選ばせず、自分のペースで体験できます。","","","","写メ日記 女風｜東京で初めてでも選ばれているStory東京本店","","https://www.story-tokyo.com/diary/28/","https://www.story-tokyo.com/twitter_card.jpg","","女風｜東京で初めてでも選ばれているStory東京本店","","","","","summary","","","","31","80"
"口コミ 女風｜東京で初めてでも選ばれているStory東京本店","https://www.story-tokyo.com/review/32/","女風に興味はあるけれど不安もある方へ。 Story東京本店は東京で、距離感と安心感を大切にしている女性用風俗です。 無理に選ばせず、自分のペースで体験できます。","","","","口コミ 女風｜東京で初めてでも選ばれているStory東京本店","","https://www.story-tokyo.com/review/32/","https://www.story-tokyo.com/twitter_card.jpg","","女風｜東京で初めてでも選ばれているStory東京本店","","","","","summary","","","","30","80"
"口コミ 女風｜東京で初めてでも選ばれているStory東京本店","https://www.story-tokyo.com/review/33/","女風に興味はあるけれど不安もある方へ。 Story東京本店は東京で、距離感と安心感を大切にしている女性用風俗です。 無理に選ばせず、自分のペースで体験できます。","","","","口コミ 女風｜東京で初めてでも選ばれているStory東京本店","","https://www.story-tokyo.com/review/33/","https://www.story-tokyo.com/twitter_card.jpg","","女風｜東京で初めてでも選ばれているStory東京本店","","","","","summary","","","","30","80"
"写メ日記 女風｜東京で初めてでも選ばれているStory東京本店","https://www.story-tokyo.com/diary/29/","女風に興味はあるけれど不安もある方へ。 Story東京本店は東京で、距離感と安心感を大切にしている女性用風俗です。 無理に選ばせず、自分のペースで体験できます。","","","","写メ日記 女風｜東京で初めてでも選ばれているStory東京本店","","https://www.story-tokyo.com/diary/29/","https://www.story-tokyo.com/twitter_card.jpg","","女風｜東京で初めてでも選ばれているStory東京本店","","","","","summary","","","","31","80"
"写メ日記 女風｜東京で初めてでも選ばれているStory東京本店","https://www.story-tokyo.com/diary/30/","女風に興味はあるけれど不安もある方へ。 Story東京本店は東京で、距離感と安心感を大切にしている女性用風俗です。 無理に選ばせず、自分のペースで体験できます。","","","","写メ日記 女風｜東京で初めてでも選ばれているStory東京本店","","https://www.story-tokyo.com/diary/30/","https://www.story-tokyo.com/twitter_card.jpg","","女風｜東京で初めてでも選ばれているStory東京本店","","","","","summary","","","","31","80"
"口コミ 女風｜東京で初めてでも選ばれているStory東京本店","https://www.story-tokyo.com/review/34/","女風に興味はあるけれど不安もある方へ。 Story東京本店は東京で、距離感と安心感を大切にしている女性用風俗です。 無理に選ばせず、自分のペースで体験できます。","","","","口コミ 女風｜東京で初めてでも選ばれているStory東京本店","","https://www.story-tokyo.com/review/34/","https://www.story-tokyo.com/twitter_card.jpg","","女風｜東京で初めてでも選ばれているStory東京本店","","","","","summary","","","","30","80"
"口コミ 女風｜東京で初めてでも選ばれているStory東京本店","https://www.story-tokyo.com/review/35/","女風に興味はあるけれど不安もある方へ。 Story東京本店は東京で、距離感と安心感を大切にしている女性用風俗です。 無理に選ばせず、自分のペースで体験できます。","","","","口コミ 女風｜東京で初めてでも選ばれているStory東京本店","","https://www.story-tokyo.com/review/35/","https://www.story-tokyo.com/twitter_card.jpg","","女風｜東京で初めてでも選ばれているStory東京本店","","","","","summary","","","","30","80"
"写メ日記 女風｜東京で初めてでも選ばれているStory東京本店","https://www.story-tokyo.com/diary/31/","女風に興味はあるけれど不安もある方へ。 Story東京本店は東京で、距離感と安心感を大切にしている女性用風俗です。 無理に選ばせず、自分のペースで体験できます。","","","","写メ日記 女風｜東京で初めてでも選ばれているStory東京本店","","https://www.story-tokyo.com/diary/31/","https://www.story-tokyo.com/twitter_card.jpg","","女風｜東京で初めてでも選ばれているStory東京本店","","","","","summary","","","","31","80"
"写メ日記 女風｜東京で初めてでも選ばれているStory東京本店","https://www.story-tokyo.com/diary/32/","女風に興味はあるけれど不安もある方へ。 Story東京本店は東京で、距離感と安心感を大切にしている女性用風俗です。 無理に選ばせず、自分のペースで体験できます。","","","","写メ日記 女風｜東京で初めてでも選ばれているStory東京本店","","https://www.story-tokyo.com/diary/32/","https://www.story-tokyo.com/twitter_card.jpg","","女風｜東京で初めてでも選ばれているStory東京本店","","","","","summary","","","","31","80"
"口コミ 女風｜東京で初めてでも選ばれているStory東京本店","https://www.story-tokyo.com/review/36/","女風に興味はあるけれど不安もある方へ。 Story東京本店は東京で、距離感と安心感を大切にしている女性用風俗です。 無理に選ばせず、自分のペースで体験できます。","","","","口コミ 女風｜東京で初めてでも選ばれているStory東京本店","","https://www.story-tokyo.com/review/36/","https://www.story-tokyo.com/twitter_card.jpg","","女風｜東京で初めてでも選ばれているStory東京本店","","","","","summary","","","","30","80"
"口コミ 女風｜東京で初めてでも選ばれているStory東京本店","https://www.story-tokyo.com/review/37/","女風に興味はあるけれど不安もある方へ。 Story東京本店は東京で、距離感と安心感を大切にしている女性用風俗です。 無理に選ばせず、自分のペースで体験できます。","","","","口コミ 女風｜東京で初めてでも選ばれているStory東京本店","","https://www.story-tokyo.com/review/37/","https://www.story-tokyo.com/twitter_card.jpg","","女風｜東京で初めてでも選ばれているStory東京本店","","","","","summary","","","","30","80"
"写メ日記 女風｜東京で初めてでも選ばれているStory東京本店","https://www.story-tokyo.com/diary/33/","女風に興味はあるけれど不安もある方へ。 Story東京本店は東京で、距離感と安心感を大切にしている女性用風俗です。 無理に選ばせず、自分のペースで体験できます。","","","","写メ日記 女風｜東京で初めてでも選ばれているStory東京本店","","https://www.story-tokyo.com/diary/33/","https://www.story-tokyo.com/twitter_card.jpg","","女風｜東京で初めてでも選ばれているStory東京本店","","","","","summary","","","","31","80"
"口コミ 女風｜東京で初めてでも選ばれているStory東京本店","https://www.story-tokyo.com/review/38/","女風に興味はあるけれど不安もある方へ。 Story東京本店は東京で、距離感と安心感を大切にしている女性用風俗です。 無理に選ばせず、自分のペースで体験できます。","","","","口コミ 女風｜東京で初めてでも選ばれているStory東京本店","","https://www.story-tokyo.com/review/38/","https://www.story-tokyo.com/twitter_card.jpg","","女風｜東京で初めてでも選ばれているStory東京本店","","","","","summary","","","","30","80"
"写メ日記 女風｜東京で初めてでも選ばれているStory東京本店","https://www.story-tokyo.com/diary/34/","女風に興味はあるけれど不安もある方へ。 Story東京本店は東京で、距離感と安心感を大切にしている女性用風俗です。 無理に選ばせず、自分のペースで体験できます。","","","","写メ日記 女風｜東京で初めてでも選ばれているStory東京本店","","https://www.story-tokyo.com/diary/34/","https://www.story-tokyo.com/twitter_card.jpg","","女風｜東京で初めてでも選ばれているStory東京本店","","","","","summary","","","","31","80"
"口コミ 女風｜東京で初めてでも選ばれているStory東京本店","https://www.story-tokyo.com/review/39/","女風に興味はあるけれど不安もある方へ。 Story東京本店は東京で、距離感と安心感を大切にしている女性用風俗です。 無理に選ばせず、自分のペースで体験できます。","","","","口コミ 女風｜東京で初めてでも選ばれているStory東京本店","","https://www.story-tokyo.com/review/39/","https://www.story-tokyo.com/twitter_card.jpg","","女風｜東京で初めてでも選ばれているStory東京本店","","","","","summary","","","","30","80"
"写メ日記 女風｜東京で初めてでも選ばれているStory東京本店","https://www.story-tokyo.com/diary/35/","女風に興味はあるけれど不安もある方へ。 Story東京本店は東京で、距離感と安心感を大切にしている女性用風俗です。 無理に選ばせず、自分のペースで体験できます。","","","","写メ日記 女風｜東京で初めてでも選ばれているStory東京本店","","https://www.story-tokyo.com/diary/35/","https://www.story-tokyo.com/twitter_card.jpg","","女風｜東京で初めてでも選ばれているStory東京本店","","","","","summary","","","","31","80"
"口コミ 女風｜東京で初めてでも選ばれているStory東京本店","https://www.story-tokyo.com/review/40/","女風に興味はあるけれど不安もある方へ。 Story東京本店は東京で、距離感と安心感を大切にしている女性用風俗です。 無理に選ばせず、自分のペースで体験できます。","","","","口コミ 女風｜東京で初めてでも選ばれているStory東京本店","","https://www.story-tokyo.com/review/40/","https://www.story-tokyo.com/twitter_card.jpg","","女風｜東京で初めてでも選ばれているStory東京本店","","","","","summary","","","","30","80"
"写メ日記 女風｜東京で初めてでも選ばれているStory東京本店","https://www.story-tokyo.com/diary/36/","女風に興味はあるけれど不安もある方へ。 Story東京本店は東京で、距離感と安心感を大切にしている女性用風俗です。 無理に選ばせず、自分のペースで体験できます。","","","","写メ日記 女風｜東京で初めてでも選ばれているStory東京本店","","https://www.story-tokyo.com/diary/36/","https://www.story-tokyo.com/twitter_card.jpg","","女風｜東京で初めてでも選ばれているStory東京本店","","","","","summary","","","","31","80"
"口コミ 女風｜東京で初めてでも選ばれているStory東京本店","https://www.story-tokyo.com/review/41/","女風に興味はあるけれど不安もある方へ。 Story東京本店は東京で、距離感と安心感を大切にしている女性用風俗です。 無理に選ばせず、自分のペースで体験できます。","","","","口コミ 女風｜東京で初めてでも選ばれているStory東京本店","","https://www.story-tokyo.com/review/41/","https://www.story-tokyo.com/twitter_card.jpg","","女風｜東京で初めてでも選ばれているStory東京本店","","","","","summary","","","","30","80"
"口コミ 女風｜東京で初めてでも選ばれているStory東京本店","https://www.story-tokyo.com/review/42/","女風に興味はあるけれど不安もある方へ。 Story東京本店は東京で、距離感と安心感を大切にしている女性用風俗です。 無理に選ばせず、自分のペースで体験できます。","","","","口コミ 女風｜東京で初めてでも選ばれているStory東京本店","","https://www.story-tokyo.com/review/42/","https://www.story-tokyo.com/twitter_card.jpg","","女風｜東京で初めてでも選ばれているStory東京本店","","","","","summary","","","","30","80"
"写メ日記 女風｜東京で初めてでも選ばれているStory東京本店","https://www.story-tokyo.com/diary/37/","女風に興味はあるけれど不安もある方へ。 Story東京本店は東京で、距離感と安心感を大切にしている女性用風俗です。 無理に選ばせず、自分のペースで体験できます。","","","","写メ日記 女風｜東京で初めてでも選ばれているStory東京本店","","https://www.story-tokyo.com/diary/37/","https://www.story-tokyo.com/twitter_card.jpg","","女風｜東京で初めてでも選ばれているStory東京本店","","","","","summary","","","","31","80"
"口コミ 女風｜東京で初めてでも選ばれているStory東京本店","https://www.story-tokyo.com/review/43/","女風に興味はあるけれど不安もある方へ。 Story東京本店は東京で、距離感と安心感を大切にしている女性用風俗です。 無理に選ばせず、自分のペースで体験できます。","","","","口コミ 女風｜東京で初めてでも選ばれているStory東京本店","","https://www.story-tokyo.com/review/43/","https://www.story-tokyo.com/twitter_card.jpg","","女風｜東京で初めてでも選ばれているStory東京本店","","","","","summary","","","","30","80"
"写メ日記 女風｜東京で初めてでも選ばれているStory東京本店","https://www.story-tokyo.com/diary/38/","女風に興味はあるけれど不安もある方へ。 Story東京本店は東京で、距離感と安心感を大切にしている女性用風俗です。 無理に選ばせず、自分のペースで体験できます。","","","","写メ日記 女風｜東京で初めてでも選ばれているStory東京本店","","https://www.story-tokyo.com/diary/38/","https://www.story-tokyo.com/twitter_card.jpg","","女風｜東京で初めてでも選ばれているStory東京本店","","","","","summary","","","","31","80"
"口コミ 女風｜東京で初めてでも選ばれているStory東京本店","https://www.story-tokyo.com/review/44/","女風に興味はあるけれど不安もある方へ。 Story東京本店は東京で、距離感と安心感を大切にしている女性用風俗です。 無理に選ばせず、自分のペースで体験できます。","","","","口コミ 女風｜東京で初めてでも選ばれているStory東京本店","","https://www.story-tokyo.com/review/44/","https://www.story-tokyo.com/twitter_card.jpg","","女風｜東京で初めてでも選ばれているStory東京本店","","","","","summary","","","","30","80"
"写メ日記 女風｜東京で初めてでも選ばれているStory東京本店","https://www.story-tokyo.com/diary/39/","女風に興味はあるけれど不安もある方へ。 Story東京本店は東京で、距離感と安心感を大切にしている女性用風俗です。 無理に選ばせず、自分のペースで体験できます。","","","","写メ日記 女風｜東京で初めてでも選ばれているStory東京本店","","https://www.story-tokyo.com/diary/39/","https://www.story-tokyo.com/twitter_card.jpg","","女風｜東京で初めてでも選ばれているStory東京本店","","","","","summary","","","","31","80"
"口コミ 女風｜東京で初めてでも選ばれているStory東京本店","https://www.story-tokyo.com/review/45/","女風に興味はあるけれど不安もある方へ。 Story東京本店は東京で、距離感と安心感を大切にしている女性用風俗です。 無理に選ばせず、自分のペースで体験できます。","","","","口コミ 女風｜東京で初めてでも選ばれているStory東京本店","","https://www.story-tokyo.com/review/45/","https://www.story-tokyo.com/twitter_card.jpg","","女風｜東京で初めてでも選ばれているStory東京本店","","","","","summary","","","","30","80"
"口コミ 女風｜東京で初めてでも選ばれているStory東京本店","https://www.story-tokyo.com/review/46/","女風に興味はあるけれど不安もある方へ。 Story東京本店は東京で、距離感と安心感を大切にしている女性用風俗です。 無理に選ばせず、自分のペースで体験できます。","","","","口コミ 女風｜東京で初めてでも選ばれているStory東京本店","","https://www.story-tokyo.com/review/46/","https://www.story-tokyo.com/twitter_card.jpg","","女風｜東京で初めてでも選ばれているStory東京本店","","","","","summary","","","","30","80"
"写メ日記 女風｜東京で初めてでも選ばれているStory東京本店","https://www.story-tokyo.com/diary/40/","女風に興味はあるけれど不安もある方へ。 Story東京本店は東京で、距離感と安心感を大切にしている女性用風俗です。 無理に選ばせず、自分のペースで体験できます。","","","","写メ日記 女風｜東京で初めてでも選ばれているStory東京本店","","https://www.story-tokyo.com/diary/40/","https://www.story-tokyo.com/twitter_card.jpg","","女風｜東京で初めてでも選ばれているStory東京本店","","","","","summary","","","","31","80"
"写メ日記 女風｜東京で初めてでも選ばれているStory東京本店","https://www.story-tokyo.com/diary/41/","女風に興味はあるけれど不安もある方へ。 Story東京本店は東京で、距離感と安心感を大切にしている女性用風俗です。 無理に選ばせず、自分のペースで体験できます。","","","","写メ日記 女風｜東京で初めてでも選ばれているStory東京本店","","https://www.story-tokyo.com/diary/41/","https://www.story-tokyo.com/twitter_card.jpg","","女風｜東京で初めてでも選ばれているStory東京本店","","","","","summary","","","","31","80"
"口コミ 女風｜東京で初めてでも選ばれているStory東京本店","https://www.story-tokyo.com/review/47/","女風に興味はあるけれど不安もある方へ。 Story東京本店は東京で、距離感と安心感を大切にしている女性用風俗です。 無理に選ばせず、自分のペースで体験できます。","","","","口コミ 女風｜東京で初めてでも選ばれているStory東京本店","","https://www.story-tokyo.com/review/47/","https://www.story-tokyo.com/twitter_card.jpg","","女風｜東京で初めてでも選ばれているStory東京本店","","","","","summary","","","","30","80"
"口コミ 女風｜東京で初めてでも選ばれているStory東京本店","https://www.story-tokyo.com/review/48/","女風に興味はあるけれど不安もある方へ。 Story東京本店は東京で、距離感と安心感を大切にしている女性用風俗です。 無理に選ばせず、自分のペースで体験できます。","","","","口コミ 女風｜東京で初めてでも選ばれているStory東京本店","","https://www.story-tokyo.com/review/48/","https://www.story-tokyo.com/twitter_card.jpg","","女風｜東京で初めてでも選ばれているStory東京本店","","","","","summary","","","","30","80"
"写メ日記 女風｜東京で初めてでも選ばれているStory東京本店","https://www.story-tokyo.com/diary/42/","女風に興味はあるけれど不安もある方へ。 Story東京本店は東京で、距離感と安心感を大切にしている女性用風俗です。 無理に選ばせず、自分のペースで体験できます。","","","","写メ日記 女風｜東京で初めてでも選ばれているStory東京本店","","https://www.story-tokyo.com/diary/42/","https://www.story-tokyo.com/twitter_card.jpg","","女風｜東京で初めてでも選ばれているStory東京本店","","","","","summary","","","","31","80"
"写メ日記 女風｜東京で初めてでも選ばれているStory東京本店","https://www.story-tokyo.com/diary/43/","女風に興味はあるけれど不安もある方へ。 Story東京本店は東京で、距離感と安心感を大切にしている女性用風俗です。 無理に選ばせず、自分のペースで体験できます。","","","","写メ日記 女風｜東京で初めてでも選ばれているStory東京本店","","https://www.story-tokyo.com/diary/43/","https://www.story-tokyo.com/twitter_card.jpg","","女風｜東京で初めてでも選ばれているStory東京本店","","","","","summary","","","","31","80"
"口コミ 女風｜東京で初めてでも選ばれているStory東京本店","https://www.story-tokyo.com/review/49/","女風に興味はあるけれど不安もある方へ。 Story東京本店は東京で、距離感と安心感を大切にしている女性用風俗です。 無理に選ばせず、自分のペースで体験できます。","","","","口コミ 女風｜東京で初めてでも選ばれているStory東京本店","","https://www.story-tokyo.com/review/49/","https://www.story-tokyo.com/twitter_card.jpg","","女風｜東京で初めてでも選ばれているStory東京本店","","","","","summary","","","","30","80"
"口コミ 女風｜東京で初めてでも選ばれているStory東京本店","https://www.story-tokyo.com/review/50/","女風に興味はあるけれど不安もある方へ。 Story東京本店は東京で、距離感と安心感を大切にしている女性用風俗です。 無理に選ばせず、自分のペースで体験できます。","","","","口コミ 女風｜東京で初めてでも選ばれているStory東京本店","","https://www.story-tokyo.com/review/50/","https://www.story-tokyo.com/twitter_card.jpg","","女風｜東京で初めてでも選ばれているStory東京本店","","","","","summary","","","","30","80"
"写メ日記 女風｜東京で初めてでも選ばれているStory東京本店","https://www.story-tokyo.com/diary/44/","女風に興味はあるけれど不安もある方へ。 Story東京本店は東京で、距離感と安心感を大切にしている女性用風俗です。 無理に選ばせず、自分のペースで体験できます。","","","","写メ日記 女風｜東京で初めてでも選ばれているStory東京本店","","https://www.story-tokyo.com/diary/44/","https://www.story-tokyo.com/twitter_card.jpg","","女風｜東京で初めてでも選ばれているStory東京本店","","","","","summary","","","","31","80"
"写メ日記 女風｜東京で初めてでも選ばれているStory東京本店","https://www.story-tokyo.com/diary/45/","女風に興味はあるけれど不安もある方へ。 Story東京本店は東京で、距離感と安心感を大切にしている女性用風俗です。 無理に選ばせず、自分のペースで体験できます。","","","","写メ日記 女風｜東京で初めてでも選ばれているStory東京本店","","https://www.story-tokyo.com/diary/45/","https://www.story-tokyo.com/twitter_card.jpg","","女風｜東京で初めてでも選ばれているStory東京本店","","","","","summary","","","","31","80"
"口コミ 女風｜東京で初めてでも選ばれているStory東京本店","https://www.story-tokyo.com/review/51/","女風に興味はあるけれど不安もある方へ。 Story東京本店は東京で、距離感と安心感を大切にしている女性用風俗です。 無理に選ばせず、自分のペースで体験できます。","","","","口コミ 女風｜東京で初めてでも選ばれているStory東京本店","","https://www.story-tokyo.com/review/51/","https://www.story-tokyo.com/twitter_card.jpg","","女風｜東京で初めてでも選ばれているStory東京本店","","","","","summary","","","","30","80"
"口コミ 女風｜東京で初めてでも選ばれているStory東京本店","https://www.story-tokyo.com/review/52/","女風に興味はあるけれど不安もある方へ。 Story東京本店は東京で、距離感と安心感を大切にしている女性用風俗です。 無理に選ばせず、自分のペースで体験できます。","","","","口コミ 女風｜東京で初めてでも選ばれているStory東京本店","","https://www.story-tokyo.com/review/52/","https://www.story-tokyo.com/twitter_card.jpg","","女風｜東京で初めてでも選ばれているStory東京本店","","","","","summary","","","","30","80"
"写メ日記 女風｜東京で初めてでも選ばれているStory東京本店","https://www.story-tokyo.com/diary/46/","女風に興味はあるけれど不安もある方へ。 Story東京本店は東京で、距離感と安心感を大切にしている女性用風俗です。 無理に選ばせず、自分のペースで体験できます。","","","","写メ日記 女風｜東京で初めてでも選ばれているStory東京本店","","https://www.story-tokyo.com/diary/46/","https://www.story-tokyo.com/twitter_card.jpg","","女風｜東京で初めてでも選ばれているStory東京本店","","","","","summary","","","","31","80"
"写メ日記 女風｜東京で初めてでも選ばれているStory東京本店","https://www.story-tokyo.com/diary/47/","女風に興味はあるけれど不安もある方へ。 Story東京本店は東京で、距離感と安心感を大切にしている女性用風俗です。 無理に選ばせず、自分のペースで体験できます。","","","","写メ日記 女風｜東京で初めてでも選ばれているStory東京本店","","https://www.story-tokyo.com/diary/47/","https://www.story-tokyo.com/twitter_card.jpg","","女風｜東京で初めてでも選ばれているStory東京本店","","","","","summary","","","","31","80"
"口コミ 女風｜東京で初めてでも選ばれているStory東京本店","https://www.story-tokyo.com/review/54/","女風に興味はあるけれど不安もある方へ。 Story東京本店は東京で、距離感と安心感を大切にしている女性用風俗です。 無理に選ばせず、自分のペースで体験できます。","","","","口コミ 女風｜東京で初めてでも選ばれているStory東京本店","","https://www.story-tokyo.com/review/54/","https://www.story-tokyo.com/twitter_card.jpg","","女風｜東京で初めてでも選ばれているStory東京本店","","","","","summary","","","","30","80"
"口コミ 女風｜東京で初めてでも選ばれているStory東京本店","https://www.story-tokyo.com/review/53/","女風に興味はあるけれど不安もある方へ。 Story東京本店は東京で、距離感と安心感を大切にしている女性用風俗です。 無理に選ばせず、自分のペースで体験できます。","","","","口コミ 女風｜東京で初めてでも選ばれているStory東京本店","","https://www.story-tokyo.com/review/53/","https://www.story-tokyo.com/twitter_card.jpg","","女風｜東京で初めてでも選ばれているStory東京本店","","","","","summary","","","","30","80"
"写メ日記 女風｜東京で初めてでも選ばれているStory東京本店","https://www.story-tokyo.com/diary/48/","女風に興味はあるけれど不安もある方へ。 Story東京本店は東京で、距離感と安心感を大切にしている女性用風俗です。 無理に選ばせず、自分のペースで体験できます。","","","","写メ日記 女風｜東京で初めてでも選ばれているStory東京本店","","https://www.story-tokyo.com/diary/48/","https://www.story-tokyo.com/twitter_card.jpg","","女風｜東京で初めてでも選ばれているStory東京本店","","","","","summary","","","","31","80"
"写メ日記 女風｜東京で初めてでも選ばれているStory東京本店","https://www.story-tokyo.com/diary/49/","女風に興味はあるけれど不安もある方へ。 Story東京本店は東京で、距離感と安心感を大切にしている女性用風俗です。 無理に選ばせず、自分のペースで体験できます。","","","","写メ日記 女風｜東京で初めてでも選ばれているStory東京本店","","https://www.story-tokyo.com/diary/49/","https://www.story-tokyo.com/twitter_card.jpg","","女風｜東京で初めてでも選ばれているStory東京本店","","","","","summary","","","","31","80"
"口コミ 女風｜東京で初めてでも選ばれているStory東京本店","https://www.story-tokyo.com/review/55/","女風に興味はあるけれど不安もある方へ。 Story東京本店は東京で、距離感と安心感を大切にしている女性用風俗です。 無理に選ばせず、自分のペースで体験できます。","","","","口コミ 女風｜東京で初めてでも選ばれているStory東京本店","","https://www.story-tokyo.com/review/55/","https://www.story-tokyo.com/twitter_card.jpg","","女風｜東京で初めてでも選ばれているStory東京本店","","","","","summary","","","","30","80"
"口コミ 女風｜東京で初めてでも選ばれているStory東京本店","https://www.story-tokyo.com/review/56/","女風に興味はあるけれど不安もある方へ。 Story東京本店は東京で、距離感と安心感を大切にしている女性用風俗です。 無理に選ばせず、自分のペースで体験できます。","","","","口コミ 女風｜東京で初めてでも選ばれているStory東京本店","","https://www.story-tokyo.com/review/56/","https://www.story-tokyo.com/twitter_card.jpg","","女風｜東京で初めてでも選ばれているStory東京本店","","","","","summary","","","","30","80"
"写メ日記 女風｜東京で初めてでも選ばれているStory東京本店","https://www.story-tokyo.com/diary/50/","女風に興味はあるけれど不安もある方へ。 Story東京本店は東京で、距離感と安心感を大切にしている女性用風俗です。 無理に選ばせず、自分のペースで体験できます。","","","","写メ日記 女風｜東京で初めてでも選ばれているStory東京本店","","https://www.story-tokyo.com/diary/50/","https://www.story-tokyo.com/twitter_card.jpg","","女風｜東京で初めてでも選ばれているStory東京本店","","","","","summary","","","","31","80"
"口コミ 女風｜東京で初めてでも選ばれているStory東京本店","https://www.story-tokyo.com/review/57/","女風に興味はあるけれど不安もある方へ。 Story東京本店は東京で、距離感と安心感を大切にしている女性用風俗です。 無理に選ばせず、自分のペースで体験できます。","","","","口コミ 女風｜東京で初めてでも選ばれているStory東京本店","","https://www.story-tokyo.com/review/57/","https://www.story-tokyo.com/twitter_card.jpg","","女風｜東京で初めてでも選ばれているStory東京本店","","","","","summary","","","","30","80"
"写メ日記 女風｜東京で初めてでも選ばれているStory東京本店","https://www.story-tokyo.com/diary/51/","女風に興味はあるけれど不安もある方へ。 Story東京本店は東京で、距離感と安心感を大切にしている女性用風俗です。 無理に選ばせず、自分のペースで体験できます。","","","","写メ日記 女風｜東京で初めてでも選ばれているStory東京本店","","https://www.story-tokyo.com/diary/51/","https://www.story-tokyo.com/twitter_card.jpg","","女風｜東京で初めてでも選ばれているStory東京本店","","","","","summary","","","","31","80"
"口コミ 女風｜東京で初めてでも選ばれているStory東京本店","https://www.story-tokyo.com/review/58/","女風に興味はあるけれど不安もある方へ。 Story東京本店は東京で、距離感と安心感を大切にしている女性用風俗です。 無理に選ばせず、自分のペースで体験できます。","","","","口コミ 女風｜東京で初めてでも選ばれているStory東京本店","","https://www.story-tokyo.com/review/58/","https://www.story-tokyo.com/twitter_card.jpg","","女風｜東京で初めてでも選ばれているStory東京本店","","","","","summary","","","","30","80"
"口コミ 女風｜東京で初めてでも選ばれているStory東京本店","https://www.story-tokyo.com/review/59/","女風に興味はあるけれど不安もある方へ。 Story東京本店は東京で、距離感と安心感を大切にしている女性用風俗です。 無理に選ばせず、自分のペースで体験できます。","","","","口コミ 女風｜東京で初めてでも選ばれているStory東京本店","","https://www.story-tokyo.com/review/59/","https://www.story-tokyo.com/twitter_card.jpg","","女風｜東京で初めてでも選ばれているStory東京本店","","","","","summary","","","","30","80"
"写メ日記 女風｜東京で初めてでも選ばれているStory東京本店","https://www.story-tokyo.com/diary/52/","女風に興味はあるけれど不安もある方へ。 Story東京本店は東京で、距離感と安心感を大切にしている女性用風俗です。 無理に選ばせず、自分のペースで体験できます。","","","","写メ日記 女風｜東京で初めてでも選ばれているStory東京本店","","https://www.story-tokyo.com/diary/52/","https://www.story-tokyo.com/twitter_card.jpg","","女風｜東京で初めてでも選ばれているStory東京本店","","","","","summary","","","","31","80"
"写メ日記 女風｜東京で初めてでも選ばれているStory東京本店","https://www.story-tokyo.com/diary/53/","女風に興味はあるけれど不安もある方へ。 Story東京本店は東京で、距離感と安心感を大切にしている女性用風俗です。 無理に選ばせず、自分のペースで体験できます。","","","","写メ日記 女風｜東京で初めてでも選ばれているStory東京本店","","https://www.story-tokyo.com/diary/53/","https://www.story-tokyo.com/twitter_card.jpg","","女風｜東京で初めてでも選ばれているStory東京本店","","","","","summary","","","","31","80"
"口コミ 女風｜東京で初めてでも選ばれているStory東京本店","https://www.story-tokyo.com/review/60/","女風に興味はあるけれど不安もある方へ。 Story東京本店は東京で、距離感と安心感を大切にしている女性用風俗です。 無理に選ばせず、自分のペースで体験できます。","","","","口コミ 女風｜東京で初めてでも選ばれているStory東京本店","","https://www.story-tokyo.com/review/60/","https://www.story-tokyo.com/twitter_card.jpg","","女風｜東京で初めてでも選ばれているStory東京本店","","","","","summary","","","","30","80"
"口コミ 女風｜東京で初めてでも選ばれているStory東京本店","https://www.story-tokyo.com/review/61/","女風に興味はあるけれど不安もある方へ。 Story東京本店は東京で、距離感と安心感を大切にしている女性用風俗です。 無理に選ばせず、自分のペースで体験できます。","","","","口コミ 女風｜東京で初めてでも選ばれているStory東京本店","","https://www.story-tokyo.com/review/61/","https://www.story-tokyo.com/twitter_card.jpg","","女風｜東京で初めてでも選ばれているStory東京本店","","","","","summary","","","","30","80"
"写メ日記 女風｜東京で初めてでも選ばれているStory東京本店","https://www.story-tokyo.com/diary/54/","女風に興味はあるけれど不安もある方へ。 Story東京本店は東京で、距離感と安心感を大切にしている女性用風俗です。 無理に選ばせず、自分のペースで体験できます。","","","","写メ日記 女風｜東京で初めてでも選ばれているStory東京本店","","https://www.story-tokyo.com/diary/54/","https://www.story-tokyo.com/twitter_card.jpg","","女風｜東京で初めてでも選ばれているStory東京本店","","","","","summary","","","","31","80"
"口コミ 女風｜東京で初めてでも選ばれているStory東京本店","https://www.story-tokyo.com/review/62/","女風に興味はあるけれど不安もある方へ。 Story東京本店は東京で、距離感と安心感を大切にしている女性用風俗です。 無理に選ばせず、自分のペースで体験できます。","","","","口コミ 女風｜東京で初めてでも選ばれているStory東京本店","","https://www.story-tokyo.com/review/62/","https://www.story-tokyo.com/twitter_card.jpg","","女風｜東京で初めてでも選ばれているStory東京本店","","","","","summary","","","","30","80"
"写メ日記 女風｜東京で初めてでも選ばれているStory東京本店","https://www.story-tokyo.com/diary/55/","女風に興味はあるけれど不安もある方へ。 Story東京本店は東京で、距離感と安心感を大切にしている女性用風俗です。 無理に選ばせず、自分のペースで体験できます。","","","","写メ日記 女風｜東京で初めてでも選ばれているStory東京本店","","https://www.story-tokyo.com/diary/55/","https://www.story-tokyo.com/twitter_card.jpg","","女風｜東京で初めてでも選ばれているStory東京本店","","","","","summary","","","","31","80"
"口コミ 女風｜東京で初めてでも選ばれているStory東京本店","https://www.story-tokyo.com/review/63/","女風に興味はあるけれど不安もある方へ。 Story東京本店は東京で、距離感と安心感を大切にしている女性用風俗です。 無理に選ばせず、自分のペースで体験できます。","","","","口コミ 女風｜東京で初めてでも選ばれているStory東京本店","","https://www.story-tokyo.com/review/63/","https://www.story-tokyo.com/twitter_card.jpg","","女風｜東京で初めてでも選ばれているStory東京本店","","","","","summary","","","","30","80"
"口コミ 女風｜東京で初めてでも選ばれているStory東京本店","https://www.story-tokyo.com/review/64/","女風に興味はあるけれど不安もある方へ。 Story東京本店は東京で、距離感と安心感を大切にしている女性用風俗です。 無理に選ばせず、自分のペースで体験できます。","","","","口コミ 女風｜東京で初めてでも選ばれているStory東京本店","","https://www.story-tokyo.com/review/64/","https://www.story-tokyo.com/twitter_card.jpg","","女風｜東京で初めてでも選ばれているStory東京本店","","","","","summary","","","","30","80"
"写メ日記 女風｜東京で初めてでも選ばれているStory東京本店","https://www.story-tokyo.com/diary/56/","女風に興味はあるけれど不安もある方へ。 Story東京本店は東京で、距離感と安心感を大切にしている女性用風俗です。 無理に選ばせず、自分のペースで体験できます。","","","","写メ日記 女風｜東京で初めてでも選ばれているStory東京本店","","https://www.story-tokyo.com/diary/56/","https://www.story-tokyo.com/twitter_card.jpg","","女風｜東京で初めてでも選ばれているStory東京本店","","","","","summary","","","","31","80"
"口コミ 女風｜東京で初めてでも選ばれているStory東京本店","https://www.story-tokyo.com/review/66/","女風に興味はあるけれど不安もある方へ。 Story東京本店は東京で、距離感と安心感を大切にしている女性用風俗です。 無理に選ばせず、自分のペースで体験できます。","","","","口コミ 女風｜東京で初めてでも選ばれているStory東京本店","","https://www.story-tokyo.com/review/66/","https://www.story-tokyo.com/twitter_card.jpg","","女風｜東京で初めてでも選ばれているStory東京本店","","","","","summary","","","","30","80"
"口コミ 女風｜東京で初めてでも選ばれているStory東京本店","https://www.story-tokyo.com/review/65/","女風に興味はあるけれど不安もある方へ。 Story東京本店は東京で、距離感と安心感を大切にしている女性用風俗です。 無理に選ばせず、自分のペースで体験できます。","","","","口コミ 女風｜東京で初めてでも選ばれているStory東京本店","","https://www.story-tokyo.com/review/65/","https://www.story-tokyo.com/twitter_card.jpg","","女風｜東京で初めてでも選ばれているStory東京本店","","","","","summary","","","","30","80"
"写メ日記 女風｜東京で初めてでも選ばれているStory東京本店","https://www.story-tokyo.com/diary/57/","女風に興味はあるけれど不安もある方へ。 Story東京本店は東京で、距離感と安心感を大切にしている女性用風俗です。 無理に選ばせず、自分のペースで体験できます。","","","","写メ日記 女風｜東京で初めてでも選ばれているStory東京本店","","https://www.story-tokyo.com/diary/57/","https://www.story-tokyo.com/twitter_card.jpg","","女風｜東京で初めてでも選ばれているStory東京本店","","","","","summary","","","","31","80"
"写メ日記 女風｜東京で初めてでも選ばれているStory東京本店","https://www.story-tokyo.com/diary/58/","女風に興味はあるけれど不安もある方へ。 Story東京本店は東京で、距離感と安心感を大切にしている女性用風俗です。 無理に選ばせず、自分のペースで体験できます。","","","","写メ日記 女風｜東京で初めてでも選ばれているStory東京本店","","https://www.story-tokyo.com/diary/58/","https://www.story-tokyo.com/twitter_card.jpg","","女風｜東京で初めてでも選ばれているStory東京本店","","","","","summary","","","","31","80"
"口コミ 女風｜東京で初めてでも選ばれているStory東京本店","https://www.story-tokyo.com/review/67/","女風に興味はあるけれど不安もある方へ。 Story東京本店は東京で、距離感と安心感を大切にしている女性用風俗です。 無理に選ばせず、自分のペースで体験できます。","","","","口コミ 女風｜東京で初めてでも選ばれているStory東京本店","","https://www.story-tokyo.com/review/67/","https://www.story-tokyo.com/twitter_card.jpg","","女風｜東京で初めてでも選ばれているStory東京本店","","","","","summary","","","","30","80"
"口コミ 女風｜東京で初めてでも選ばれているStory東京本店","https://www.story-tokyo.com/review/68/","女風に興味はあるけれど不安もある方へ。 Story東京本店は東京で、距離感と安心感を大切にしている女性用風俗です。 無理に選ばせず、自分のペースで体験できます。","","","","口コミ 女風｜東京で初めてでも選ばれているStory東京本店","","https://www.story-tokyo.com/review/68/","https://www.story-tokyo.com/twitter_card.jpg","","女風｜東京で初めてでも選ばれているStory東京本店","","","","","summary","","","","30","80"
"写メ日記 女風｜東京で初めてでも選ばれているStory東京本店","https://www.story-tokyo.com/diary/59/","女風に興味はあるけれど不安もある方へ。 Story東京本店は東京で、距離感と安心感を大切にしている女性用風俗です。 無理に選ばせず、自分のペースで体験できます。","","","","写メ日記 女風｜東京で初めてでも選ばれているStory東京本店","","https://www.story-tokyo.com/diary/59/","https://www.story-tokyo.com/twitter_card.jpg","","女風｜東京で初めてでも選ばれているStory東京本店","","","","","summary","","","","31","80"
"写メ日記 女風｜東京で初めてでも選ばれているStory東京本店","https://www.story-tokyo.com/diary/60/","女風に興味はあるけれど不安もある方へ。 Story東京本店は東京で、距離感と安心感を大切にしている女性用風俗です。 無理に選ばせず、自分のペースで体験できます。","","","","写メ日記 女風｜東京で初めてでも選ばれているStory東京本店","","https://www.story-tokyo.com/diary/60/","https://www.story-tokyo.com/twitter_card.jpg","","女風｜東京で初めてでも選ばれているStory東京本店","","","","","summary","","","","31","80"
"口コミ 女風｜東京で初めてでも選ばれているStory東京本店","https://www.story-tokyo.com/review/69/","女風に興味はあるけれど不安もある方へ。 Story東京本店は東京で、距離感と安心感を大切にしている女性用風俗です。 無理に選ばせず、自分のペースで体験できます。","","","","口コミ 女風｜東京で初めてでも選ばれているStory東京本店","","https://www.story-tokyo.com/review/69/","https://www.story-tokyo.com/twitter_card.jpg","","女風｜東京で初めてでも選ばれているStory東京本店","","","","","summary","","","","30","80"
"口コミ 女風｜東京で初めてでも選ばれているStory東京本店","https://www.story-tokyo.com/review/70/","女風に興味はあるけれど不安もある方へ。 Story東京本店は東京で、距離感と安心感を大切にしている女性用風俗です。 無理に選ばせず、自分のペースで体験できます。","","","","口コミ 女風｜東京で初めてでも選ばれているStory東京本店","","https://www.story-tokyo.com/review/70/","https://www.story-tokyo.com/twitter_card.jpg","","女風｜東京で初めてでも選ばれているStory東京本店","","","","","summary","","","","30","80"
"写メ日記 女風｜東京で初めてでも選ばれているStory東京本店","https://www.story-tokyo.com/diary/61/","女風に興味はあるけれど不安もある方へ。 Story東京本店は東京で、距離感と安心感を大切にしている女性用風俗です。 無理に選ばせず、自分のペースで体験できます。","","","","写メ日記 女風｜東京で初めてでも選ばれているStory東京本店","","https://www.story-tokyo.com/diary/61/","https://www.story-tokyo.com/twitter_card.jpg","","女風｜東京で初めてでも選ばれているStory東京本店","","","","","summary","","","","31","80"
"写メ日記 女風｜東京で初めてでも選ばれているStory東京本店","https://www.story-tokyo.com/diary/62/","女風に興味はあるけれど不安もある方へ。 Story東京本店は東京で、距離感と安心感を大切にしている女性用風俗です。 無理に選ばせず、自分のペースで体験できます。","","","","写メ日記 女風｜東京で初めてでも選ばれているStory東京本店","","https://www.story-tokyo.com/diary/62/","https://www.story-tokyo.com/twitter_card.jpg","","女風｜東京で初めてでも選ばれているStory東京本店","","","","","summary","","","","31","80"
"口コミ 女風｜東京で初めてでも選ばれているStory東京本店","https://www.story-tokyo.com/review/72/","女風に興味はあるけれど不安もある方へ。 Story東京本店は東京で、距離感と安心感を大切にしている女性用風俗です。 無理に選ばせず、自分のペースで体験できます。","","","","口コミ 女風｜東京で初めてでも選ばれているStory東京本店","","https://www.story-tokyo.com/review/72/","https://www.story-tokyo.com/twitter_card.jpg","","女風｜東京で初めてでも選ばれているStory東京本店","","","","","summary","","","","30","80"
"口コミ 女風｜東京で初めてでも選ばれているStory東京本店","https://www.story-tokyo.com/review/71/","女風に興味はあるけれど不安もある方へ。 Story東京本店は東京で、距離感と安心感を大切にしている女性用風俗です。 無理に選ばせず、自分のペースで体験できます。","","","","口コミ 女風｜東京で初めてでも選ばれているStory東京本店","","https://www.story-tokyo.com/review/71/","https://www.story-tokyo.com/twitter_card.jpg","","女風｜東京で初めてでも選ばれているStory東京本店","","","","","summary","","","","30","80"
"写メ日記 女風｜東京で初めてでも選ばれているStory東京本店","https://www.story-tokyo.com/diary/63/","女風に興味はあるけれど不安もある方へ。 Story東京本店は東京で、距離感と安心感を大切にしている女性用風俗です。 無理に選ばせず、自分のペースで体験できます。","","","","写メ日記 女風｜東京で初めてでも選ばれているStory東京本店","","https://www.story-tokyo.com/diary/63/","https://www.story-tokyo.com/twitter_card.jpg","","女風｜東京で初めてでも選ばれているStory東京本店","","","","","summary","","","","31","80"
"口コミ 女風｜東京で初めてでも選ばれているStory東京本店","https://www.story-tokyo.com/review/73/","女風に興味はあるけれど不安もある方へ。 Story東京本店は東京で、距離感と安心感を大切にしている女性用風俗です。 無理に選ばせず、自分のペースで体験できます。","","","","口コミ 女風｜東京で初めてでも選ばれているStory東京本店","","https://www.story-tokyo.com/review/73/","https://www.story-tokyo.com/twitter_card.jpg","","女風｜東京で初めてでも選ばれているStory東京本店","","","","","summary","","","","30","80"
"写メ日記 女風｜東京で初めてでも選ばれているStory東京本店","https://www.story-tokyo.com/diary/64/","女風に興味はあるけれど不安もある方へ。 Story東京本店は東京で、距離感と安心感を大切にしている女性用風俗です。 無理に選ばせず、自分のペースで体験できます。","","","","写メ日記 女風｜東京で初めてでも選ばれているStory東京本店","","https://www.story-tokyo.com/diary/64/","https://www.story-tokyo.com/twitter_card.jpg","","女風｜東京で初めてでも選ばれているStory東京本店","","","","","summary","","","","31","80"
"口コミ 女風｜東京で初めてでも選ばれているStory東京本店","https://www.story-tokyo.com/review/74/","女風に興味はあるけれど不安もある方へ。 Story東京本店は東京で、距離感と安心感を大切にしている女性用風俗です。 無理に選ばせず、自分のペースで体験できます。","","","","口コミ 女風｜東京で初めてでも選ばれているStory東京本店","","https://www.story-tokyo.com/review/74/","https://www.story-tokyo.com/twitter_card.jpg","","女風｜東京で初めてでも選ばれているStory東京本店","","","","","summary","","","","30","80"
"写メ日記 女風｜東京で初めてでも選ばれているStory東京本店","https://www.story-tokyo.com/diary/65/","女風に興味はあるけれど不安もある方へ。 Story東京本店は東京で、距離感と安心感を大切にしている女性用風俗です。 無理に選ばせず、自分のペースで体験できます。","","","","写メ日記 女風｜東京で初めてでも選ばれているStory東京本店","","https://www.story-tokyo.com/diary/65/","https://www.story-tokyo.com/twitter_card.jpg","","女風｜東京で初めてでも選ばれているStory東京本店","","","","","summary","","","","31","80"
"口コミ 女風｜東京で初めてでも選ばれているStory東京本店","https://www.story-tokyo.com/review/75/","女風に興味はあるけれど不安もある方へ。 Story東京本店は東京で、距離感と安心感を大切にしている女性用風俗です。 無理に選ばせず、自分のペースで体験できます。","","","","口コミ 女風｜東京で初めてでも選ばれているStory東京本店","","https://www.story-tokyo.com/review/75/","https://www.story-tokyo.com/twitter_card.jpg","","女風｜東京で初めてでも選ばれているStory東京本店","","","","","summary","","","","30","80"
"口コミ 女風｜東京で初めてでも選ばれているStory東京本店","https://www.story-tokyo.com/review/76/","女風に興味はあるけれど不安もある方へ。 Story東京本店は東京で、距離感と安心感を大切にしている女性用風俗です。 無理に選ばせず、自分のペースで体験できます。","","","","口コミ 女風｜東京で初めてでも選ばれているStory東京本店","","https://www.story-tokyo.com/review/76/","https://www.story-tokyo.com/twitter_card.jpg","","女風｜東京で初めてでも選ばれているStory東京本店","","","","","summary","","","","30","80"
"写メ日記 女風｜東京で初めてでも選ばれているStory東京本店","https://www.story-tokyo.com/diary/66/","女風に興味はあるけれど不安もある方へ。 Story東京本店は東京で、距離感と安心感を大切にしている女性用風俗です。 無理に選ばせず、自分のペースで体験できます。","","","","写メ日記 女風｜東京で初めてでも選ばれているStory東京本店","","https://www.story-tokyo.com/diary/66/","https://www.story-tokyo.com/twitter_card.jpg","","女風｜東京で初めてでも選ばれているStory東京本店","","","","","summary","","","","31","80"
"写メ日記 女風｜東京で初めてでも選ばれているStory東京本店","https://www.story-tokyo.com/diary/67/","女風に興味はあるけれど不安もある方へ。 Story東京本店は東京で、距離感と安心感を大切にしている女性用風俗です。 無理に選ばせず、自分のペースで体験できます。","","","","写メ日記 女風｜東京で初めてでも選ばれているStory東京本店","","https://www.story-tokyo.com/diary/67/","https://www.story-tokyo.com/twitter_card.jpg","","女風｜東京で初めてでも選ばれているStory東京本店","","","","","summary","","","","31","80"
"口コミ 女風｜東京で初めてでも選ばれているStory東京本店","https://www.story-tokyo.com/review/78/","女風に興味はあるけれど不安もある方へ。 Story東京本店は東京で、距離感と安心感を大切にしている女性用風俗です。 無理に選ばせず、自分のペースで体験できます。","","","","口コミ 女風｜東京で初めてでも選ばれているStory東京本店","","https://www.story-tokyo.com/review/78/","https://www.story-tokyo.com/twitter_card.jpg","","女風｜東京で初めてでも選ばれているStory東京本店","","","","","summary","","","","30","80"
"口コミ 女風｜東京で初めてでも選ばれているStory東京本店","https://www.story-tokyo.com/review/77/","女風に興味はあるけれど不安もある方へ。 Story東京本店は東京で、距離感と安心感を大切にしている女性用風俗です。 無理に選ばせず、自分のペースで体験できます。","","","","口コミ 女風｜東京で初めてでも選ばれているStory東京本店","","https://www.story-tokyo.com/review/77/","https://www.story-tokyo.com/twitter_card.jpg","","女風｜東京で初めてでも選ばれているStory東京本店","","","","","summary","","","","30","80"
"写メ日記 女風｜東京で初めてでも選ばれているStory東京本店","https://www.story-tokyo.com/diary/68/","女風に興味はあるけれど不安もある方へ。 Story東京本店は東京で、距離感と安心感を大切にしている女性用風俗です。 無理に選ばせず、自分のペースで体験できます。","","","","写メ日記 女風｜東京で初めてでも選ばれているStory東京本店","","https://www.story-tokyo.com/diary/68/","https://www.story-tokyo.com/twitter_card.jpg","","女風｜東京で初めてでも選ばれているStory東京本店","","","","","summary","","","","31","80"
"口コミ 女風｜東京で初めてでも選ばれているStory東京本店","https://www.story-tokyo.com/review/80/","女風に興味はあるけれど不安もある方へ。 Story東京本店は東京で、距離感と安心感を大切にしている女性用風俗です。 無理に選ばせず、自分のペースで体験できます。","","","","口コミ 女風｜東京で初めてでも選ばれているStory東京本店","","https://www.story-tokyo.com/review/80/","https://www.story-tokyo.com/twitter_card.jpg","","女風｜東京で初めてでも選ばれているStory東京本店","","","","","summary","","","","30","80"
"口コミ 女風｜東京で初めてでも選ばれているStory東京本店","https://www.story-tokyo.com/review/79/","女風に興味はあるけれど不安もある方へ。 Story東京本店は東京で、距離感と安心感を大切にしている女性用風俗です。 無理に選ばせず、自分のペースで体験できます。","","","","口コミ 女風｜東京で初めてでも選ばれているStory東京本店","","https://www.story-tokyo.com/review/79/","https://www.story-tokyo.com/twitter_card.jpg","","女風｜東京で初めてでも選ばれているStory東京本店","","","","","summary","","","","30","80"
"写メ日記 女風｜東京で初めてでも選ばれているStory東京本店","https://www.story-tokyo.com/diary/69/","女風に興味はあるけれど不安もある方へ。 Story東京本店は東京で、距離感と安心感を大切にしている女性用風俗です。 無理に選ばせず、自分のペースで体験できます。","","","","写メ日記 女風｜東京で初めてでも選ばれているStory東京本店","","https://www.story-tokyo.com/diary/69/","https://www.story-tokyo.com/twitter_card.jpg","","女風｜東京で初めてでも選ばれているStory東京本店","","","","","summary","","","","31","80"
"写メ日記 女風｜東京で初めてでも選ばれているStory東京本店","https://www.story-tokyo.com/diary/70/","女風に興味はあるけれど不安もある方へ。 Story東京本店は東京で、距離感と安心感を大切にしている女性用風俗です。 無理に選ばせず、自分のペースで体験できます。","","","","写メ日記 女風｜東京で初めてでも選ばれているStory東京本店","","https://www.story-tokyo.com/diary/70/","https://www.story-tokyo.com/twitter_card.jpg","","女風｜東京で初めてでも選ばれているStory東京本店","","","","","summary","","","","31","80"
"口コミ 女風｜東京で初めてでも選ばれているStory東京本店","https://www.story-tokyo.com/review/81/","女風に興味はあるけれど不安もある方へ。 Story東京本店は東京で、距離感と安心感を大切にしている女性用風俗です。 無理に選ばせず、自分のペースで体験できます。","","","","口コミ 女風｜東京で初めてでも選ばれているStory東京本店","","https://www.story-tokyo.com/review/81/","https://www.story-tokyo.com/twitter_card.jpg","","女風｜東京で初めてでも選ばれているStory東京本店","","","","","summary","","","","30","80"
"口コミ 女風｜東京で初めてでも選ばれているStory東京本店","https://www.story-tokyo.com/review/82/","女風に興味はあるけれど不安もある方へ。 Story東京本店は東京で、距離感と安心感を大切にしている女性用風俗です。 無理に選ばせず、自分のペースで体験できます。","","","","口コミ 女風｜東京で初めてでも選ばれているStory東京本店","","https://www.story-tokyo.com/review/82/","https://www.story-tokyo.com/twitter_card.jpg","","女風｜東京で初めてでも選ばれているStory東京本店","","","","","summary","","","","30","80"
"写メ日記 女風｜東京で初めてでも選ばれているStory東京本店","https://www.story-tokyo.com/diary/71/","女風に興味はあるけれど不安もある方へ。 Story東京本店は東京で、距離感と安心感を大切にしている女性用風俗です。 無理に選ばせず、自分のペースで体験できます。","","","","写メ日記 女風｜東京で初めてでも選ばれているStory東京本店","","https://www.story-tokyo.com/diary/71/","https://www.story-tokyo.com/twitter_card.jpg","","女風｜東京で初めてでも選ばれているStory東京本店","","","","","summary","","","","31","80"
"写メ日記 女風｜東京で初めてでも選ばれているStory東京本店","https://www.story-tokyo.com/diary/72/","女風に興味はあるけれど不安もある方へ。 Story東京本店は東京で、距離感と安心感を大切にしている女性用風俗です。 無理に選ばせず、自分のペースで体験できます。","","","","写メ日記 女風｜東京で初めてでも選ばれているStory東京本店","","https://www.story-tokyo.com/diary/72/","https://www.story-tokyo.com/twitter_card.jpg","","女風｜東京で初めてでも選ばれているStory東京本店","","","","","summary","","","","31","80"
"口コミ 女風｜東京で初めてでも選ばれているStory東京本店","https://www.story-tokyo.com/review/83/","女風に興味はあるけれど不安もある方へ。 Story東京本店は東京で、距離感と安心感を大切にしている女性用風俗です。 無理に選ばせず、自分のペースで体験できます。","","","","口コミ 女風｜東京で初めてでも選ばれているStory東京本店","","https://www.story-tokyo.com/review/83/","https://www.story-tokyo.com/twitter_card.jpg","","女風｜東京で初めてでも選ばれているStory東京本店","","","","","summary","","","","30","80"
"口コミ 女風｜東京で初めてでも選ばれているStory東京本店","https://www.story-tokyo.com/review/84/","女風に興味はあるけれど不安もある方へ。 Story東京本店は東京で、距離感と安心感を大切にしている女性用風俗です。 無理に選ばせず、自分のペースで体験できます。","","","","口コミ 女風｜東京で初めてでも選ばれているStory東京本店","","https://www.story-tokyo.com/review/84/","https://www.story-tokyo.com/twitter_card.jpg","","女風｜東京で初めてでも選ばれているStory東京本店","","","","","summary","","","","30","80"
"写メ日記 女風｜東京で初めてでも選ばれているStory東京本店","https://www.story-tokyo.com/diary/73/","女風に興味はあるけれど不安もある方へ。 Story東京本店は東京で、距離感と安心感を大切にしている女性用風俗です。 無理に選ばせず、自分のペースで体験できます。","","","","写メ日記 女風｜東京で初めてでも選ばれているStory東京本店","","https://www.story-tokyo.com/diary/73/","https://www.story-tokyo.com/twitter_card.jpg","","女風｜東京で初めてでも選ばれているStory東京本店","","","","","summary","","","","31","80"
"写メ日記 女風｜東京で初めてでも選ばれているStory東京本店","https://www.story-tokyo.com/diary/74/","女風に興味はあるけれど不安もある方へ。 Story東京本店は東京で、距離感と安心感を大切にしている女性用風俗です。 無理に選ばせず、自分のペースで体験できます。","","","","写メ日記 女風｜東京で初めてでも選ばれているStory東京本店","","https://www.story-tokyo.com/diary/74/","https://www.story-tokyo.com/twitter_card.jpg","","女風｜東京で初めてでも選ばれているStory東京本店","","","","","summary","","","","31","80"
"口コミ 女風｜東京で初めてでも選ばれているStory東京本店","https://www.story-tokyo.com/review/86/","女風に興味はあるけれど不安もある方へ。 Story東京本店は東京で、距離感と安心感を大切にしている女性用風俗です。 無理に選ばせず、自分のペースで体験できます。","","","","口コミ 女風｜東京で初めてでも選ばれているStory東京本店","","https://www.story-tokyo.com/review/86/","https://www.story-tokyo.com/twitter_card.jpg","","女風｜東京で初めてでも選ばれているStory東京本店","","","","","summary","","","","30","80"
"口コミ 女風｜東京で初めてでも選ばれているStory東京本店","https://www.story-tokyo.com/review/85/","女風に興味はあるけれど不安もある方へ。 Story東京本店は東京で、距離感と安心感を大切にしている女性用風俗です。 無理に選ばせず、自分のペースで体験できます。","","","","口コミ 女風｜東京で初めてでも選ばれているStory東京本店","","https://www.story-tokyo.com/review/85/","https://www.story-tokyo.com/twitter_card.jpg","","女風｜東京で初めてでも選ばれているStory東京本店","","","","","summary","","","","30","80"
"写メ日記 女風｜東京で初めてでも選ばれているStory東京本店","https://www.story-tokyo.com/diary/75/","女風に興味はあるけれど不安もある方へ。 Story東京本店は東京で、距離感と安心感を大切にしている女性用風俗です。 無理に選ばせず、自分のペースで体験できます。","","","","写メ日記 女風｜東京で初めてでも選ばれているStory東京本店","","https://www.story-tokyo.com/diary/75/","https://www.story-tokyo.com/twitter_card.jpg","","女風｜東京で初めてでも選ばれているStory東京本店","","","","","summary","","","","31","80"
"口コミ 女風｜東京で初めてでも選ばれているStory東京本店","https://www.story-tokyo.com/review/87/","女風に興味はあるけれど不安もある方へ。 Story東京本店は東京で、距離感と安心感を大切にしている女性用風俗です。 無理に選ばせず、自分のペースで体験できます。","","","","口コミ 女風｜東京で初めてでも選ばれているStory東京本店","","https://www.story-tokyo.com/review/87/","https://www.story-tokyo.com/twitter_card.jpg","","女風｜東京で初めてでも選ばれているStory東京本店","","","","","summary","","","","30","80"
"口コミ 女風｜東京で初めてでも選ばれているStory東京本店","https://www.story-tokyo.com/review/88/","女風に興味はあるけれど不安もある方へ。 Story東京本店は東京で、距離感と安心感を大切にしている女性用風俗です。 無理に選ばせず、自分のペースで体験できます。","","","","口コミ 女風｜東京で初めてでも選ばれているStory東京本店","","https://www.story-tokyo.com/review/88/","https://www.story-tokyo.com/twitter_card.jpg","","女風｜東京で初めてでも選ばれているStory東京本店","","","","","summary","","","","30","80"
"口コミ 女風｜東京で初めてでも選ばれているStory東京本店","https://www.story-tokyo.com/review/90/","女風に興味はあるけれど不安もある方へ。 Story東京本店は東京で、距離感と安心感を大切にしている女性用風俗です。 無理に選ばせず、自分のペースで体験できます。","","","","口コミ 女風｜東京で初めてでも選ばれているStory東京本店","","https://www.story-tokyo.com/review/90/","https://www.story-tokyo.com/twitter_card.jpg","","女風｜東京で初めてでも選ばれているStory東京本店","","","","","summary","","","","30","80"
"口コミ 女風｜東京で初めてでも選ばれているStory東京本店","https://www.story-tokyo.com/review/89/","女風に興味はあるけれど不安もある方へ。 Story東京本店は東京で、距離感と安心感を大切にしている女性用風俗です。 無理に選ばせず、自分のペースで体験できます。","","","","口コミ 女風｜東京で初めてでも選ばれているStory東京本店","","https://www.story-tokyo.com/review/89/","https://www.story-tokyo.com/twitter_card.jpg","","女風｜東京で初めてでも選ばれているStory東京本店","","","","","summary","","","","30","80"
"口コミ 女風｜東京で初めてでも選ばれているStory東京本店","https://www.story-tokyo.com/review/91/","女風に興味はあるけれど不安もある方へ。 Story東京本店は東京で、距離感と安心感を大切にしている女性用風俗です。 無理に選ばせず、自分のペースで体験できます。","","","","口コミ 女風｜東京で初めてでも選ばれているStory東京本店","","https://www.story-tokyo.com/review/91/","https://www.story-tokyo.com/twitter_card.jpg","","女風｜東京で初めてでも選ばれているStory東京本店","","","","","summary","","","","30","80"
"口コミ 女風｜東京で初めてでも選ばれているStory東京本店","https://www.story-tokyo.com/review/92/","女風に興味はあるけれど不安もある方へ。 Story東京本店は東京で、距離感と安心感を大切にしている女性用風俗です。 無理に選ばせず、自分のペースで体験できます。","","","","口コミ 女風｜東京で初めてでも選ばれているStory東京本店","","https://www.story-tokyo.com/review/92/","https://www.story-tokyo.com/twitter_card.jpg","","女風｜東京で初めてでも選ばれているStory東京本店","","","","","summary","","","","30","80"
"口コミ 女風｜東京で初めてでも選ばれているStory東京本店","https://www.story-tokyo.com/review/93/","女風に興味はあるけれど不安もある方へ。 Story東京本店は東京で、距離感と安心感を大切にしている女性用風俗です。 無理に選ばせず、自分のペースで体験できます。","","","","口コミ 女風｜東京で初めてでも選ばれているStory東京本店","","https://www.story-tokyo.com/review/93/","https://www.story-tokyo.com/twitter_card.jpg","","女風｜東京で初めてでも選ばれているStory東京本店","","","","","summary","","","","30","80"
"口コミ 女風｜東京で初めてでも選ばれているStory東京本店","https://www.story-tokyo.com/review/94/","女風に興味はあるけれど不安もある方へ。 Story東京本店は東京で、距離感と安心感を大切にしている女性用風俗です。 無理に選ばせず、自分のペースで体験できます。","","","","口コミ 女風｜東京で初めてでも選ばれているStory東京本店","","https://www.story-tokyo.com/review/94/","https://www.story-tokyo.com/twitter_card.jpg","","女風｜東京で初めてでも選ばれているStory東京本店","","","","","summary","","","","30","80"
"口コミ 女風｜東京で初めてでも選ばれているStory東京本店","https://www.story-tokyo.com/review/95/","女風に興味はあるけれど不安もある方へ。 Story東京本店は東京で、距離感と安心感を大切にしている女性用風俗です。 無理に選ばせず、自分のペースで体験できます。","","","","口コミ 女風｜東京で初めてでも選ばれているStory東京本店","","https://www.story-tokyo.com/review/95/","https://www.story-tokyo.com/twitter_card.jpg","","女風｜東京で初めてでも選ばれているStory東京本店","","","","","summary","","","","30","80"
"口コミ 女風｜東京で初めてでも選ばれているStory東京本店","https://www.story-tokyo.com/review/96/","女風に興味はあるけれど不安もある方へ。 Story東京本店は東京で、距離感と安心感を大切にしている女性用風俗です。 無理に選ばせず、自分のペースで体験できます。","","","","口コミ 女風｜東京で初めてでも選ばれているStory東京本店","","https://www.story-tokyo.com/review/96/","https://www.story-tokyo.com/twitter_card.jpg","","女風｜東京で初めてでも選ばれているStory東京本店","","","","","summary","","","","30","80"
"口コミ 女風｜東京で初めてでも選ばれているStory東京本店","https://www.story-tokyo.com/review/97/","女風に興味はあるけれど不安もある方へ。 Story東京本店は東京で、距離感と安心感を大切にしている女性用風俗です。 無理に選ばせず、自分のペースで体験できます。","","","","口コミ 女風｜東京で初めてでも選ばれているStory東京本店","","https://www.story-tokyo.com/review/97/","https://www.story-tokyo.com/twitter_card.jpg","","女風｜東京で初めてでも選ばれているStory東京本店","","","","","summary","","","","30","80"
"口コミ 女風｜東京で初めてでも選ばれているStory東京本店","https://www.story-tokyo.com/review/98/","女風に興味はあるけれど不安もある方へ。 Story東京本店は東京で、距離感と安心感を大切にしている女性用風俗です。 無理に選ばせず、自分のペースで体験できます。","","","","口コミ 女風｜東京で初めてでも選ばれているStory東京本店","","https://www.story-tokyo.com/review/98/","https://www.story-tokyo.com/twitter_card.jpg","","女風｜東京で初めてでも選ばれているStory東京本店","","","","","summary","","","","30","80"
"口コミ 女風｜東京で初めてでも選ばれているStory東京本店","https://www.story-tokyo.com/review/99/","女風に興味はあるけれど不安もある方へ。 Story東京本店は東京で、距離感と安心感を大切にしている女性用風俗です。 無理に選ばせず、自分のペースで体験できます。","","","","口コミ 女風｜東京で初めてでも選ばれているStory東京本店","","https://www.story-tokyo.com/review/99/","https://www.story-tokyo.com/twitter_card.jpg","","女風｜東京で初めてでも選ばれているStory東京本店","","","","","summary","","","","30","80"
"口コミ 女風｜東京で初めてでも選ばれているStory東京本店","https://www.story-tokyo.com/review/100/","女風に興味はあるけれど不安もある方へ。 Story東京本店は東京で、距離感と安心感を大切にしている女性用風俗です。 無理に選ばせず、自分のペースで体験できます。","","","","口コミ 女風｜東京で初めてでも選ばれているStory東京本店","","https://www.story-tokyo.com/review/100/","https://www.story-tokyo.com/twitter_card.jpg","","女風｜東京で初めてでも選ばれているStory東京本店","","","","","summary","","","","30","80"
"口コミ 女風｜東京で初めてでも選ばれているStory東京本店","https://www.story-tokyo.com/review/102/","女風に興味はあるけれど不安もある方へ。 Story東京本店は東京で、距離感と安心感を大切にしている女性用風俗です。 無理に選ばせず、自分のペースで体験できます。","","","","口コミ 女風｜東京で初めてでも選ばれているStory東京本店","","https://www.story-tokyo.com/review/102/","https://www.story-tokyo.com/twitter_card.jpg","","女風｜東京で初めてでも選ばれているStory東京本店","","","","","summary","","","","30","80"
"口コミ 女風｜東京で初めてでも選ばれているStory東京本店","https://www.story-tokyo.com/review/101/","女風に興味はあるけれど不安もある方へ。 Story東京本店は東京で、距離感と安心感を大切にしている女性用風俗です。 無理に選ばせず、自分のペースで体験できます。","","","","口コミ 女風｜東京で初めてでも選ばれているStory東京本店","","https://www.story-tokyo.com/review/101/","https://www.story-tokyo.com/twitter_card.jpg","","女風｜東京で初めてでも選ばれているStory東京本店","","","","","summary","","","","30","80"
"口コミ 女風｜東京で初めてでも選ばれているStory東京本店","https://www.story-tokyo.com/review/104/","女風に興味はあるけれど不安もある方へ。 Story東京本店は東京で、距離感と安心感を大切にしている女性用風俗です。 無理に選ばせず、自分のペースで体験できます。","","","","口コミ 女風｜東京で初めてでも選ばれているStory東京本店","","https://www.story-tokyo.com/review/104/","https://www.story-tokyo.com/twitter_card.jpg","","女風｜東京で初めてでも選ばれているStory東京本店","","","","","summary","","","","30","80"
"口コミ 女風｜東京で初めてでも選ばれているStory東京本店","https://www.story-tokyo.com/review/103/","女風に興味はあるけれど不安もある方へ。 Story東京本店は東京で、距離感と安心感を大切にしている女性用風俗です。 無理に選ばせず、自分のペースで体験できます。","","","","口コミ 女風｜東京で初めてでも選ばれているStory東京本店","","https://www.story-tokyo.com/review/103/","https://www.story-tokyo.com/twitter_card.jpg","","女風｜東京で初めてでも選ばれているStory東京本店","","","","","summary","","","","30","80"
"口コミ 女風｜東京で初めてでも選ばれているStory東京本店","https://www.story-tokyo.com/review/105/","女風に興味はあるけれど不安もある方へ。 Story東京本店は東京で、距離感と安心感を大切にしている女性用風俗です。 無理に選ばせず、自分のペースで体験できます。","","","","口コミ 女風｜東京で初めてでも選ばれているStory東京本店","","https://www.story-tokyo.com/review/105/","https://www.story-tokyo.com/twitter_card.jpg","","女風｜東京で初めてでも選ばれているStory東京本店","","","","","summary","","","","30","80"
"口コミ 女風｜東京で初めてでも選ばれているStory東京本店","https://www.story-tokyo.com/review/106/","女風に興味はあるけれど不安もある方へ。 Story東京本店は東京で、距離感と安心感を大切にしている女性用風俗です。 無理に選ばせず、自分のペースで体験できます。","","","","口コミ 女風｜東京で初めてでも選ばれているStory東京本店","","https://www.story-tokyo.com/review/106/","https://www.story-tokyo.com/twitter_card.jpg","","女風｜東京で初めてでも選ばれているStory東京本店","","","","","summary","","","","30","80"
"口コミ 女風｜東京で初めてでも選ばれているStory東京本店","https://www.story-tokyo.com/review/107/","女風に興味はあるけれど不安もある方へ。 Story東京本店は東京で、距離感と安心感を大切にしている女性用風俗です。 無理に選ばせず、自分のペースで体験できます。","","","","口コミ 女風｜東京で初めてでも選ばれているStory東京本店","","https://www.story-tokyo.com/review/107/","https://www.story-tokyo.com/twitter_card.jpg","","女風｜東京で初めてでも選ばれているStory東京本店","","","","","summary","","","","30","80"
"口コミ 女風｜東京で初めてでも選ばれているStory東京本店","https://www.story-tokyo.com/review/108/","女風に興味はあるけれど不安もある方へ。 Story東京本店は東京で、距離感と安心感を大切にしている女性用風俗です。 無理に選ばせず、自分のペースで体験できます。","","","","口コミ 女風｜東京で初めてでも選ばれているStory東京本店","","https://www.story-tokyo.com/review/108/","https://www.story-tokyo.com/twitter_card.jpg","","女風｜東京で初めてでも選ばれているStory東京本店","","","","","summary","","","","30","80"
"口コミ 女風｜東京で初めてでも選ばれているStory東京本店","https://www.story-tokyo.com/review/110/","女風に興味はあるけれど不安もある方へ。 Story東京本店は東京で、距離感と安心感を大切にしている女性用風俗です。 無理に選ばせず、自分のペースで体験できます。","","","","口コミ 女風｜東京で初めてでも選ばれているStory東京本店","","https://www.story-tokyo.com/review/110/","https://www.story-tokyo.com/twitter_card.jpg","","女風｜東京で初めてでも選ばれているStory東京本店","","","","","summary","","","","30","80"
"口コミ 女風｜東京で初めてでも選ばれているStory東京本店","https://www.story-tokyo.com/review/109/","女風に興味はあるけれど不安もある方へ。 Story東京本店は東京で、距離感と安心感を大切にしている女性用風俗です。 無理に選ばせず、自分のペースで体験できます。","","","","口コミ 女風｜東京で初めてでも選ばれているStory東京本店","","https://www.story-tokyo.com/review/109/","https://www.story-tokyo.com/twitter_card.jpg","","女風｜東京で初めてでも選ばれているStory東京本店","","","","","summary","","","","30","80"
"口コミ 女風｜東京で初めてでも選ばれているStory東京本店","https://www.story-tokyo.com/review/112/","女風に興味はあるけれど不安もある方へ。 Story東京本店は東京で、距離感と安心感を大切にしている女性用風俗です。 無理に選ばせず、自分のペースで体験できます。","","","","口コミ 女風｜東京で初めてでも選ばれているStory東京本店","","https://www.story-tokyo.com/review/112/","https://www.story-tokyo.com/twitter_card.jpg","","女風｜東京で初めてでも選ばれているStory東京本店","","","","","summary","","","","30","80"
"口コミ 女風｜東京で初めてでも選ばれているStory東京本店","https://www.story-tokyo.com/review/111/","女風に興味はあるけれど不安もある方へ。 Story東京本店は東京で、距離感と安心感を大切にしている女性用風俗です。 無理に選ばせず、自分のペースで体験できます。","","","","口コミ 女風｜東京で初めてでも選ばれているStory東京本店","","https://www.story-tokyo.com/review/111/","https://www.story-tokyo.com/twitter_card.jpg","","女風｜東京で初めてでも選ばれているStory東京本店","","","","","summary","","","","30","80"
"口コミ 女風｜東京で初めてでも選ばれているStory東京本店","https://www.story-tokyo.com/review/114/","女風に興味はあるけれど不安もある方へ。 Story東京本店は東京で、距離感と安心感を大切にしている女性用風俗です。 無理に選ばせず、自分のペースで体験できます。","","","","口コミ 女風｜東京で初めてでも選ばれているStory東京本店","","https://www.story-tokyo.com/review/114/","https://www.story-tokyo.com/twitter_card.jpg","","女風｜東京で初めてでも選ばれているStory東京本店","","","","","summary","","","","30","80"
"口コミ 女風｜東京で初めてでも選ばれているStory東京本店","https://www.story-tokyo.com/review/113/","女風に興味はあるけれど不安もある方へ。 Story東京本店は東京で、距離感と安心感を大切にしている女性用風俗です。 無理に選ばせず、自分のペースで体験できます。","","","","口コミ 女風｜東京で初めてでも選ばれているStory東京本店","","https://www.story-tokyo.com/review/113/","https://www.story-tokyo.com/twitter_card.jpg","","女風｜東京で初めてでも選ばれているStory東京本店","","","","","summary","","","","30","80"
"口コミ 女風｜東京で初めてでも選ばれているStory東京本店","https://www.story-tokyo.com/review/115/","女風に興味はあるけれど不安もある方へ。 Story東京本店は東京で、距離感と安心感を大切にしている女性用風俗です。 無理に選ばせず、自分のペースで体験できます。","","","","口コミ 女風｜東京で初めてでも選ばれているStory東京本店","","https://www.story-tokyo.com/review/115/","https://www.story-tokyo.com/twitter_card.jpg","","女風｜東京で初めてでも選ばれているStory東京本店","","","","","summary","","","","30","80"
"口コミ 女風｜東京で初めてでも選ばれているStory東京本店","https://www.story-tokyo.com/review/116/","女風に興味はあるけれど不安もある方へ。 Story東京本店は東京で、距離感と安心感を大切にしている女性用風俗です。 無理に選ばせず、自分のペースで体験できます。","","","","口コミ 女風｜東京で初めてでも選ばれているStory東京本店","","https://www.story-tokyo.com/review/116/","https://www.story-tokyo.com/twitter_card.jpg","","女風｜東京で初めてでも選ばれているStory東京本店","","","","","summary","","","","30","80"
"口コミ 女風｜東京で初めてでも選ばれているStory東京本店","https://www.story-tokyo.com/review/118/","女風に興味はあるけれど不安もある方へ。 Story東京本店は東京で、距離感と安心感を大切にしている女性用風俗です。 無理に選ばせず、自分のペースで体験できます。","","","","口コミ 女風｜東京で初めてでも選ばれているStory東京本店","","https://www.story-tokyo.com/review/118/","https://www.story-tokyo.com/twitter_card.jpg","","女風｜東京で初めてでも選ばれているStory東京本店","","","","","summary","","","","30","80"
"口コミ 女風｜東京で初めてでも選ばれているStory東京本店","https://www.story-tokyo.com/review/117/","女風に興味はあるけれど不安もある方へ。 Story東京本店は東京で、距離感と安心感を大切にしている女性用風俗です。 無理に選ばせず、自分のペースで体験できます。","","","","口コミ 女風｜東京で初めてでも選ばれているStory東京本店","","https://www.story-tokyo.com/review/117/","https://www.story-tokyo.com/twitter_card.jpg","","女風｜東京で初めてでも選ばれているStory東京本店","","","","","summary","","","","30","80"
"口コミ 女風｜東京で初めてでも選ばれているStory東京本店","https://www.story-tokyo.com/review/119/","女風に興味はあるけれど不安もある方へ。 Story東京本店は東京で、距離感と安心感を大切にしている女性用風俗です。 無理に選ばせず、自分のペースで体験できます。","","","","口コミ 女風｜東京で初めてでも選ばれているStory東京本店","","https://www.story-tokyo.com/review/119/","https://www.story-tokyo.com/twitter_card.jpg","","女風｜東京で初めてでも選ばれているStory東京本店","","","","","summary","","","","30","80"
"口コミ 女風｜東京で初めてでも選ばれているStory東京本店","https://www.story-tokyo.com/review/120/","女風に興味はあるけれど不安もある方へ。 Story東京本店は東京で、距離感と安心感を大切にしている女性用風俗です。 無理に選ばせず、自分のペースで体験できます。","","","","口コミ 女風｜東京で初めてでも選ばれているStory東京本店","","https://www.story-tokyo.com/review/120/","https://www.story-tokyo.com/twitter_card.jpg","","女風｜東京で初めてでも選ばれているStory東京本店","","","","","summary","","","","30","80"
"口コミ 女風｜東京で初めてでも選ばれているStory東京本店","https://www.story-tokyo.com/review/122/","女風に興味はあるけれど不安もある方へ。 Story東京本店は東京で、距離感と安心感を大切にしている女性用風俗です。 無理に選ばせず、自分のペースで体験できます。","","","","口コミ 女風｜東京で初めてでも選ばれているStory東京本店","","https://www.story-tokyo.com/review/122/","https://www.story-tokyo.com/twitter_card.jpg","","女風｜東京で初めてでも選ばれているStory東京本店","","","","","summary","","","","30","80"
"口コミ 女風｜東京で初めてでも選ばれているStory東京本店","https://www.story-tokyo.com/review/121/","女風に興味はあるけれど不安もある方へ。 Story東京本店は東京で、距離感と安心感を大切にしている女性用風俗です。 無理に選ばせず、自分のペースで体験できます。","","","","口コミ 女風｜東京で初めてでも選ばれているStory東京本店","","https://www.story-tokyo.com/review/121/","https://www.story-tokyo.com/twitter_card.jpg","","女風｜東京で初めてでも選ばれているStory東京本店","","","","","summary","","","","30","80"
"口コミ 女風｜東京で初めてでも選ばれているStory東京本店","https://www.story-tokyo.com/review/124/","女風に興味はあるけれど不安もある方へ。 Story東京本店は東京で、距離感と安心感を大切にしている女性用風俗です。 無理に選ばせず、自分のペースで体験できます。","","","","口コミ 女風｜東京で初めてでも選ばれているStory東京本店","","https://www.story-tokyo.com/review/124/","https://www.story-tokyo.com/twitter_card.jpg","","女風｜東京で初めてでも選ばれているStory東京本店","","","","","summary","","","","30","80"
"口コミ 女風｜東京で初めてでも選ばれているStory東京本店","https://www.story-tokyo.com/review/123/","女風に興味はあるけれど不安もある方へ。 Story東京本店は東京で、距離感と安心感を大切にしている女性用風俗です。 無理に選ばせず、自分のペースで体験できます。","","","","口コミ 女風｜東京で初めてでも選ばれているStory東京本店","","https://www.story-tokyo.com/review/123/","https://www.story-tokyo.com/twitter_card.jpg","","女風｜東京で初めてでも選ばれているStory東京本店","","","","","summary","","","","30","80"
"口コミ 女風｜東京で初めてでも選ばれているStory東京本店","https://www.story-tokyo.com/review/125/","女風に興味はあるけれど不安もある方へ。 Story東京本店は東京で、距離感と安心感を大切にしている女性用風俗です。 無理に選ばせず、自分のペースで体験できます。","","","","口コミ 女風｜東京で初めてでも選ばれているStory東京本店","","https://www.story-tokyo.com/review/125/","https://www.story-tokyo.com/twitter_card.jpg","","女風｜東京で初めてでも選ばれているStory東京本店","","","","","summary","","","","30","80"
"口コミ 女風｜東京で初めてでも選ばれているStory東京本店","https://www.story-tokyo.com/review/126/","女風に興味はあるけれど不安もある方へ。 Story東京本店は東京で、距離感と安心感を大切にしている女性用風俗です。 無理に選ばせず、自分のペースで体験できます。","","","","口コミ 女風｜東京で初めてでも選ばれているStory東京本店","","https://www.story-tokyo.com/review/126/","https://www.story-tokyo.com/twitter_card.jpg","","女風｜東京で初めてでも選ばれているStory東京本店","","","","","summary","","","","30","80"
"口コミ 女風｜東京で初めてでも選ばれているStory東京本店","https://www.story-tokyo.com/review/128/","女風に興味はあるけれど不安もある方へ。 Story東京本店は東京で、距離感と安心感を大切にしている女性用風俗です。 無理に選ばせず、自分のペースで体験できます。","","","","口コミ 女風｜東京で初めてでも選ばれているStory東京本店","","https://www.story-tokyo.com/review/128/","https://www.story-tokyo.com/twitter_card.jpg","","女風｜東京で初めてでも選ばれているStory東京本店","","","","","summary","","","","30","80"
"口コミ 女風｜東京で初めてでも選ばれているStory東京本店","https://www.story-tokyo.com/review/127/","女風に興味はあるけれど不安もある方へ。 Story東京本店は東京で、距離感と安心感を大切にしている女性用風俗です。 無理に選ばせず、自分のペースで体験できます。","","","","口コミ 女風｜東京で初めてでも選ばれているStory東京本店","","https://www.story-tokyo.com/review/127/","https://www.story-tokyo.com/twitter_card.jpg","","女風｜東京で初めてでも選ばれているStory東京本店","","","","","summary","","","","30","80"
"口コミ 女風｜東京で初めてでも選ばれているStory東京本店","https://www.story-tokyo.com/review/130/","女風に興味はあるけれど不安もある方へ。 Story東京本店は東京で、距離感と安心感を大切にしている女性用風俗です。 無理に選ばせず、自分のペースで体験できます。","","","","口コミ 女風｜東京で初めてでも選ばれているStory東京本店","","https://www.story-tokyo.com/review/130/","https://www.story-tokyo.com/twitter_card.jpg","","女風｜東京で初めてでも選ばれているStory東京本店","","","","","summary","","","","30","80"
"口コミ 女風｜東京で初めてでも選ばれているStory東京本店","https://www.story-tokyo.com/review/129/","女風に興味はあるけれど不安もある方へ。 Story東京本店は東京で、距離感と安心感を大切にしている女性用風俗です。 無理に選ばせず、自分のペースで体験できます。","","","","口コミ 女風｜東京で初めてでも選ばれているStory東京本店","","https://www.story-tokyo.com/review/129/","https://www.story-tokyo.com/twitter_card.jpg","","女風｜東京で初めてでも選ばれているStory東京本店","","","","","summary","","","","30","80"
"口コミ 女風｜東京で初めてでも選ばれているStory東京本店","https://www.story-tokyo.com/review/132/","女風に興味はあるけれど不安もある方へ。 Story東京本店は東京で、距離感と安心感を大切にしている女性用風俗です。 無理に選ばせず、自分のペースで体験できます。","","","","口コミ 女風｜東京で初めてでも選ばれているStory東京本店","","https://www.story-tokyo.com/review/132/","https://www.story-tokyo.com/twitter_card.jpg","","女風｜東京で初めてでも選ばれているStory東京本店","","","","","summary","","","","30","80"
"口コミ 女風｜東京で初めてでも選ばれているStory東京本店","https://www.story-tokyo.com/review/131/","女風に興味はあるけれど不安もある方へ。 Story東京本店は東京で、距離感と安心感を大切にしている女性用風俗です。 無理に選ばせず、自分のペースで体験できます。","","","","口コミ 女風｜東京で初めてでも選ばれているStory東京本店","","https://www.story-tokyo.com/review/131/","https://www.story-tokyo.com/twitter_card.jpg","","女風｜東京で初めてでも選ばれているStory東京本店","","","","","summary","","","","30","80"
"口コミ 女風｜東京で初めてでも選ばれているStory東京本店","https://www.story-tokyo.com/review/133/","女風に興味はあるけれど不安もある方へ。 Story東京本店は東京で、距離感と安心感を大切にしている女性用風俗です。 無理に選ばせず、自分のペースで体験できます。","","","","口コミ 女風｜東京で初めてでも選ばれているStory東京本店","","https://www.story-tokyo.com/review/133/","https://www.story-tokyo.com/twitter_card.jpg","","女風｜東京で初めてでも選ばれているStory東京本店","","","","","summary","","","","30","80"
